slug;name;developer;class;district;address;has_img
republic;Republic (Репаблик);FORMA;премиум;Пресненский;Пресненский Вал, вл. 21-27;
stoun-rayz;СТОУН Райз (STONE Rise);STONE;бизнес;Таганский;Золоторожский Вал, вл. 11;
paveletskaya-ot-granel;Павелецкая от Гранель (MYPRIORITY Paveletskaya);ГК Гранель;бизнес;Замоскворечье;Дубининская ул., 17;
voxhall;Voxhall (Воксхолл);Группа Эталон;бизнес;Замоскворечье;Летниковская ул., 4;
intelligent;Интеллигент;Мосреалстрой (УЭЗ);бизнес;Басманный;Семёновская наб., 3;
shelepikha;Шелепиха;УЭЗ;бизнес;Пресненский;Шмитовский пр-д, 40;
kostomarovskiy-15;Костомаровский, 15;Центр-Инвест;бизнес;Таганский;Костомаровский пер., вл. 15;
scala;Scala (Скала);STENOY;бизнес;Красносельский;ул. Гаврикова, вл. 11;
red7;RED7;ГК Основа;премиум;Красносельский;просп. Академика Сахарова, вл. 7;
chkalov;Chkalov;Ikon Development;элитный;Басманный;Земляной Вал, 24/32;
rezidentsii-arkhitektorov;Резиденции архитекторов;AFI Development;бизнес;Басманный;Бауманская ул., 47/1;
headliner;HeadLiner;ГК КОРТРОС;бизнес;Пресненский;Шмитовский пр-д, 39;
soul;СОУЛ (SOUL);FORMA;премиум;Аэропорт;Часовая ул., 28;
amber-siti;Амбер Сити (AMBER CITY);ГК ФСК;премиум;Хорошёвский;3-й Хорошёвский пр-д;
indy-towers;INDY Towers;Группа Аквилон;бизнес;Хорошёвский;ул. Куусинена, вл. 21;
sezar-siti;Сезар Сити (SEZAR CITY);Sezar Group;бизнес;Хорошёвский;2-й Хорошёвский пр-д, 7;
seliger-siti;Селигер Сити;MR Group;бизнес;Западное Дегунино;Ильменский пр-д, вл. 14;
mangazeya-na-rechnom;Мангазея на Речном;ГК Мангазея;бизнес;Левобережный;Ленинградское ш., 57;
severnyy-port-beregovye-kvartaly;Северный порт. Береговые кварталы;LEGENDA Intelligent Development;бизнес;Левобережный;Ленинградское ш., 57-63;
indzhoy;Инджой (INJOY);Талан;бизнес;Войковский;ул. Адмирала Макарова;
level-voykovskaya;Level Войковская;Level Group;бизнес;Войковский;Старопетровский пр-д, 11;
dom-na-chasovoy;Дом на Часовой (DD:OO:MM);DAR;бизнес;Аэропорт;Часовая ул.;
svet;СВЕТ;Dominanta;бизнес;Западное Дегунино;Дмитровское ш., 82;
aktsenty;Акценты;Plus Development;бизнес;Восточное Дегунино;Дубнинская ул., 79;
dmitrovskoe-nebo;Дмитровское небо;Группа ЛСР;бизнес;Западное Дегунино;Ильменский пр-д;
kronshtadtskiy-9;Кронштадтский 9;ПИК;бизнес;Головинский;Кронштадтский б-р, 9;
narvin;Нарвин;ПИК;бизнес;Головинский;ул. Кронштадтская, 16-18;
businovskiy-park;Бусиновский парк;ПИК;бизнес;Западное Дегунино;ул. Ижорская, 6с5;
dius;DIUS (Диус);ГК Север;бизнес;Аэропорт;ул. Академика Ильюшина, 21;
festival-park-2;Фестиваль парк-2;Центр-Инвест;бизнес;Левобережный;Фестивальная ул., 15;
leningradka-58;Ленинградка 58;Группа ЛСР;бизнес;Головинский;Ленинградское ш., 58;
dom-na-zorge;Дом на Зорге;А101;бизнес;Сокол;ул. Зорге;
l67;L67;FORMA;бизнес;Левобережный;Ленинградское ш. (Левобережный);
veri;ВЭРИ (Very) на Ботанической;ГК Основа;бизнес;Марфино;Ботаническая ул., 29;
mirapolis;Мираполис;ГК Основа;бизнес;Ярославский;просп. Мира, 222;
kvartal-mons;Квартал МОНС;Брусника;бизнес;Бутырский;Огородный пр-д, 20;
polar;Полар;ПИК;бизнес;Северное Медведково;Полярная ул., 39А;
rustaveli-14;Руставели, 14;ПИК;бизнес;Бутырский;ул. Руставели, 14;
altufevskoe-53;Алтуфьевское 53;ПИК;бизнес;Алтуфьевский;Алтуфьевское ш., 53;
apsayd-tauers;Апсайд Тауэрс (Upside Towers);UPSIDE DEVELOPMENT;бизнес;Бутырский;Огородный пр-д, 2;
tate;ТАТЕ (Tate);ГК КОРТРОС;бизнес;Марьина Роща;ул. Веткина, 2с1;
mariinn-park;Mariinn Park;Группа Эталон;бизнес;Марьина Роща;Октябрьская ул., 103;
om-botanicheskiy;ОМ Ботанический;ОМ Девелопмент;бизнес;Свиблово;ул. Сельскохозяйственная, 42;
afi-tower;AFI Tower;AFI Development;бизнес;Свиблово;пр-д Серебрякова, 11к1;
dom-malevich;Дом Малевич;Крост Недвижимость;бизнес;Отрадное;Отрадная ул., 8А;
mod;MOD;MR Group;премиум;Марьина Роща;4-я ул. Марьиной Рощи, 12;
ilove;iLove;ГК КОРТРОС;бизнес;Останкинский;ул. Бочкова, 11А;
laym;Лайм;ЭЗКС;бизнес;Алексеевский;Староалексеевская ул., 5А;
oktyabrskaya-98;Октябрьская 98 (Mirror);ГК Самолёт;бизнес;Марьина Роща;Октябрьская ул., вл. 98;
fiztekhsiti;ФизтехСити;ГК Основа;бизнес;Северный;Долгопрудненское ш., 3А;
kasatkina-11;Касаткина, 11;FORMA;бизнес;Алексеевский;ул. Касаткина, 11;
sobytie;Событие;Донстрой;премиум;Раменки;ул. Лобачевского, 114;
innovator;Инноватор;Мосреалстрой;бизнес;Раменки;Мичуринский пр-т, 45;
stories-na-mosfilmovskoy;Stories на Мосфильмовской;October Group;бизнес;Раменки;ул. Лобачевского, 124/3А;
level-michurinskiy;Level Мичуринский;Level Group;бизнес;Очаково-Матвеевское;ул. Лобачевского / ул. Озёрная;
sreda-na-lobachevskogo;Среда на Лобачевского;Среда;бизнес;Очаково-Матвеевское;Очаковское шоссе, 5;
strana-ozernaya;Страна.Озерная;Страна Девелопмент;бизнес;Очаково-Матвеевское;ул. Озёрная, 42-44;
matveevskiy-park;Матвеевский парк;ПИК;бизнес;Очаково-Матвеевское;Очаковское шоссе, вл. 3, 5А;
barklaya-6;Барклая 6;ПИК;бизнес;Филёвский парк;ул. Барклая, 6;
grand-fili;Гранд Фили;Granard;бизнес;Филёвский парк;ул. Большая Филёвская, 2;
beregovoy-2;Береговой 2;Главстрой;премиум;Филёвский парк;Береговой проезд, вл. 2;
famous;Famous;MR Group;премиум;Филёвский парк;Багратионовский проезд, вл. 5;
kutuzovskiy-kvartal;Кутузовский квартал;ПИК+;бизнес;Кунцево;ул. Ивана Франко;
indivo;Индиво;Forma (ПИК);бизнес;Кунцево;ул. Ивана Франко;
nexus-by-akvilon;NEXUS by Akvilon;Группа Аквилон;бизнес;Кунцево;ул. Ярцевская, 21/1;
set;SET;MR Group;бизнес;Можайский;ул. Верейская, 29/32Б;
veer;Veer;MR Group;бизнес;Можайский;ул. Верейская, 29;
vereyskaya-41;Верейская 41;ГК Самолёт;бизнес;Можайский;ул. Верейская, 41;
stellar-siti;Стеллар Сити;ГК Ташир;бизнес;Можайский;Москва, Сколковское шоссе, 40к3;
sitimiks;СИТИМИКС;Apsis Globe;бизнес;Тропарёво-Никулино;;
kutuzov-siti;Кутузов Сити;PLATO Development;элитный;Можайский;ул. Гродненская, 18;
molodogvardeyskaya-54;Молодогвардейская 54 (М54);Главстрой Москва;бизнес;Кунцево;ул. Молодогвардейская, 54;
fenomen-goroda;Феномен города;BMS Development;премиум;Фили-Давыдково;Староволынская ул.;
na-kutuzovskom-prospekte-36;На Кутузовском проспекте, 36;Главстрой Москва;бизнес;Дорогомилово;Кутузовский пр-т, 36;
u-poklonnoy-gory;У Поклонной горы;ГК Самолёт;бизнес;Дорогомилово;;
poklonnaya-7;Поклонная 7;Спецстрой-1;премиум;Дорогомилово;ул. Поклонная, 7;
ostrov;Остров;Донстрой;премиум;Хорошёво-Мнёвники;ул. Нижние Мнёвники, уч. 37Б;
sidney-siti;Сидней Сити (Sydney City);ГК ФСК;премиум;Хорошёво-Мнёвники;ул. Шеногина, 2;
sydney-prime;Sydney Prime;ГК ФСК;премиум;Хорошёво-Мнёвники;ул. Шеногина, 2;
mypriority-mnevniki;MYPRIORITY Мнёвники;ГК Гранель;бизнес;Хорошёво-Мнёвники;ул. Народного Ополчения, 34;
emoushen;Эмоушен;ГК Основа;бизнес;Хорошёво-Мнёвники;2-й Силикатный проезд, 8;
kvartal-serebryanyy-bor;Квартал Серебряный Бор;St Michael;бизнес;Хорошёво-Мнёвники;ул. Берзарина, 37;
crystal-trilogiya;Crystal Трилогия;Концерн КРОСТ;бизнес;Хорошёво-Мнёвники;ул. Генерала Глаголева, 16с1;
veresk;Вереск;ГК Самолёт;бизнес;Хорошёво-Мнёвники;3-я Хорошевская, 19к3с2;
jois;JOIS;MR Group;премиум;Хорошёво-Мнёвники;3-й Силикатный проезд, 10;
sezar-silika;Сезар Силика;Sezar Group;премиум;Хорошёво-Мнёвники;3-й Силикатный проезд, 3;
vysotka-na-zhukova;Высотка на Жукова (Демьяна Бедного, 24);Концерн КРОСТ;премиум;Хорошёво-Мнёвники;ул. Демьяна Бедного, 24;
moments;МОМЕНТС;Forma (ПИК);бизнес;Покровское-Стрешнево;3-й Красногорский проезд;
rakurs;Ракурс;DAR (Дар Девелопмент);бизнес;Щукино;ул. Маршала Бирюзова, 1;
intonatsiya;Интонация;ГК Мангазея;бизнес;Щукино;ул. Щукинская, 7;
zhivopisnaya-27;Живописная, 27;Struktura Development;бизнес;Щукино;ул. Живописная, 27;
strogino-360;Строгино 360;ПИК;бизнес;Строгино;ул. Маршала Прошлякова, 12 / ул. Маршала Воробьева, 12;
siti-bey;Сити Бэй (City Bay);MR Group;премиум;Покровское-Стрешнево;Волоколамское шоссе, 95-97;
sitizen;Ситизен (CityZen);MR Group;бизнес;Покровское-Стрешнево;ул. Вишневая;
alia;АЛИА;Asterus;премиум;Покровское-Стрешнево;ул. Лётная, 95Б;
skay-garden;Скай Гарден (Sky Garden);ГК ФСК;бизнес;Покровское-Стрешнево;Строительный проезд, 9;
level-streshnevo;Level Стрешнево;Level Group;бизнес;Покровское-Стрешнево;Волоколамское шоссе, 81;
u2;U2 (ЮТУ);ГК ТОЧНО;бизнес;Южное Тушино;ул. Лодочная, 27;
level-svobody;Level Свободы;Level Group;бизнес;Северное Тушино;ул. Свободы, 35;
level-prichalnyy;Level Причальный;Level Group;премиум;Хорошёво-Мнёвники;Причальный проезд;
zilart;ЗИЛАРТ;Группа ЛСР;бизнес;Даниловский;ул. Автозаводская, вл. 23;
mark;МАРК;Группа ЛСР;бизнес;Даниловский;ул. Автозаводская (ЗИЛ);
shagal;Shagal (Шагал);Группа Эталон;бизнес;Даниловский;наб. Марка Шагала (ЗИЛ-Юг);
nagatino-ay-lend;Нагатино Ай-Лэнд;Группа Эталон;бизнес;Даниловский;ул. Автозаводская, 23/184;
a22;А22;Консоль;бизнес;Даниловский;ул. Автозаводская, 22;
level-paveletskaya-siti;Level Павелецкая Сити;Level Group / MR Group;бизнес;Даниловский;ул. Дубининская, 59-69;
aura;АУРА (Мангазея на Тульской);ООО Мангазея;премиум;Даниловский;Тульская эстакада;
insayder;Инсайдер (Insider);РКС Девелопмент;бизнес;Даниловский;ул. Автозаводская, 24;
peyv;ПЕЙВ (PAVE);Forma;премиум;Даниловский;2-й Павелецкий пр-д, 4/6;
the-lot-by-akvilon;THE LOT by Akvilon;Группа Аквилон;премиум;Даниловский;Жуков проезд;
five-towers;Five Towers;СЗ 5 Донской;элитный;Донской;5-й Донской пр-д, 21;
life-varshavskaya;LIFE-Варшавская;ГК Пионер;бизнес;Москворечье-Сабурово;1-й Котляковский пер., 2А;
river-park;Ривер Парк;МССЗ / AEON;бизнес;Нагатинский Затон;ул. Речников;
tophills;TopHILLS;Ingrad;бизнес;Нагорный;ул. Ремизова;
twelve;Twelve (Твелв);TEKTA GROUP;бизнес;Нагорный;Электролитный пр-д, 12;
rotterdam;Rotterdam;ГК ФСК;бизнес;Нагатино-Садовники;Варшавское ш., 37а/1;
wow;WOW;Страна Девелопмент;бизнес;Даниловский;пр-т Андропова, 23;
simvol;Символ;Донстрой;бизнес;Лефортово;ул. Золоторожский Вал, 11;
balans;баланс (balance);Главстрой;бизнес;Рязанский;Рязанский пр-т, вл. 26;
portlend;ПОРТЛЕНД (Portland);Forma;премиум;Печатники;ул. Южнопортовая, 42;
ultima-siti;УЛЬТИМА Сити (Ultima City);ГК КОРТРОС;бизнес;Печатники;ул. Южнопортовая, 23;
admiral;Адмирал;Галс Девелопмент;премиум;Печатники;ул. Шоссейная (Южный порт);
grafika-na-vode;Графика на воде (Квартал на воде);ГК Самолёт;бизнес;Печатники;ул. Шоссейная, вл. 90;
dubrovka-ot-granel;Дубровка от Гранель (MYPRIORITY Dubrovka);ГК Гранель;бизнес;Южнопортовый;ул. Шарикоподшипниковская, 11;
nizhegorodskaya-ot-granel;Нижегородская от Гранель (MYPRIORITY Нижегородская);ГК Гранель;бизнес;Нижегородский;ул. Газгольдерная, вл. 10А;
akvilon-beside-2-0;Аквилон BESIDE 2.0;Группа Аквилон;бизнес;Нижегородский;Рязанский пр-т, 2;
voice;Voice (Войс);3S Group;бизнес;Текстильщики;1-й Грайвороновский пер.;
simonovskiy-val;Симоновский вал;ГК ФСК;бизнес;Южнопортовый;ул. Новоостаповская, вл. 6а;
metropoliya;Метрополия;MR Group;бизнес;Южнопортовый;Волгоградский пр-т, 32;
champine;Champine;Touch Development;бизнес;Южнопортовый;ул. Сосинская, 43;
stoun-greyn;СТОУН Грэйн (STONE Grain);Stone;бизнес;Обручевский;Старокалужское ш., 64с1;
tatum;ТАТУМ (Обручева 27);Forma;бизнес;Обручевский;ул. Обручева, 27;
obrucheva-30;Обручева 30;Группа ЛСР;бизнес;Коньково;ул. Обручева, 30;
nametkin-tauer;Наметкин Тауэр;ГК Основа;бизнес;Черёмушки;ул. Наметкина, 10с6;
novye-akademiki;Новые Академики;Главстрой Москва;элитный;Котловка;ул. Кржижановского, 31;
level-akademicheskaya;Level Академическая;Level Group;премиум;Академический;ул. Профсоюзная, 2/22;
stoun-sokolniki;СТОУН Сокольники (STONE Sokolniki);Stone;бизнес;Сокольники;ул. Гастелло;
solos;Солос (Solos);Dar Development;бизнес;Сокольники;ул. Сокольнический Вал, вл. 2А;
kod-sokolniki;КОД Сокольники;СЗ Сокольники (Новая эра);бизнес;Сокольники;ул. Шумкина;
evopark-sokolniki;ЭВОПАРК Сокольники (EVOPARK);ГК Основа;бизнес;Преображенское;Потешная ул.;
preobrazhenskaya-ploschad;Преображенская площадь;Regions Development;элитный;Преображенское;1-я ул. Бухвостова, 12/11;
zikkurat-preobrazhenskiy;Зиккурат Преображенский;Ziggurat Development;бизнес;Преображенское;ул. Большая Черкизовская, 4;
sokolinn-park;Sokolinn Park;Группа Эталон;бизнес;Богородское;3-я Гражданская ул., вл. 1;
nazare;Назаре;ООО Мангазея;бизнес;Богородское;Открытое ш., 9;
losinoostrovskiy-park;Лосиноостровский парк;ПИК;бизнес;Метрогородок;Открытое ш., 18;
uno-sokolinaya-gora;УНО. Соколиная гора (UNO);ГК Основа;бизнес;Соколиная Гора;8-я ул. Соколиной Горы, вл. 26а;
evopark-izmaylovo;ЭВОПАРК Измайлово (EVOPARK);ГК Основа;бизнес;Перово;Электродная ул.;
plekhanova-11;Плеханова, 11;ПИК;бизнес;Перово;ул. Плеханова, 11;
2-y-irtyshskiy;2-й Иртышский;ПИК;бизнес;Гольяново;2-й Иртышский пр-д;
primavera;Примавера (Primavera);СЗ Стадион Спартак;премиум;Покровское-Стрешнево;квартал Россини, Волоколамское шоссе;
drim-riva;Дрим Рива (Dream Riva);Regions Development;элитный;Нагатинский Затон;Проектируемый проезд № 4062;
soyuz;Союз;Группа Родина;премиум;Ростокино;ул. Сельскохозяйственная;
nachalo;Начало;Донстрой;премиум;Пресненский;ул. Сергея Макеева, 7;
teyt;Тейт (Tate);ГК КОРТРОС;премиум;Марьина Роща;ул. Веткина, вл. 2;
khay-layf;Хай Лайф (High Life);ГК Пионер;премиум;Даниловский;Летниковская ул., 11к1;
krylatskaya-33;Крылатская 33;СЗ Сияние;премиум;Крылатское;ул. Крылатская, з/у 33/1;
kollektsiya-luzhniki;Коллекция Лужники (Luzhniki Collection);Абсолют Премиум;элитный;Хамовники;Новолужнецкий проезд;
rodina-park;Родина Парк;Группа Родина;премиум;Можайский;ул. Толбухина;
dom-56;Дом 56;Галс-Девелопмент;премиум;Басманный;ул. Фридриха Энгельса, 56;
mira;Мира;MR Group;премиум;Алексеевский;проспект Мира;
dom-7-danilovskiy;Дом 7 Даниловский;COLDY;премиум;Даниловский;район метро Тульская;
d-oro-mile;Д'оро Миле (D'oro Mille);Элита-Эко / ГК Имена;элитный;Дорогомилово;1-й Можайский тупик;
dom-dau;Дом Дау;ГК Сумма элементов;премиум;Пресненский;1-й Красногвардейский проезд, Москва-Сити;
masters;Мастерс (Masters);Capital Group;премиум;Хорошёвский;ул. Викторенко, 16;
serebryanyy-bor;Серебряный Бор (квартал);ST Michael;премиум;Хорошёво-Мнёвники;ул. Берзарина, 37;
khaydaut;Хайдаут (Hideout);Dominanta;премиум;Раменки;3-й Сетуньский проезд;
fantom;Фантом (Phantom);Sense Development;элитный;Мещанский;район метро Сухаревская;
river-park-kutuzovskiy;Ривер Парк Кутузовский (River Park Towers);Аеон Девелопмент;премиум;Дорогомилово;первая линия набережной Москвы-реки, метро Фили;
layf-taym;Лайф Тайм (Life Time);Sminex;премиум;Пресненский;ул. Сергея Макеева;
praym-park;Прайм Парк (Prime Park);Optima Development;премиум;Хорошёвский;Ленинградский проспект, вл. 37;
vesper-kutuzovskiy;Веспер Кутузовский (Vesper Кутузовский);Vesper;премиум;Дорогомилово;Кутузовский проспект;
viktori-park-rezidensez;Виктори Парк Резиденсез (Victory Park Residences);ANT Development;премиум;Дорогомилово;район Поклонной горы;
wellton-spa-residence;Wellton Spa Residence;Концерн КРОСТ;премиум;Хорошёво-Мнёвники;ул. Маршала Жукова;
dom-gorizontov;Дом Горизонтов;Touch;премиум;Крылатское;Осенний бульвар;
ahead;Ahead (Эхэд);Vos'hod;премиум;Филёвский Парк;район метро Филёвский парк;
forum;Форум (Forum);MR Group;премиум;Мещанский;Садовая-Сухаревская ул., вл. 14;
dom-franka;Дом Франка;Трансстройинвест;премиум;Мещанский;Мещанский переулок;
slava;Слава (Slava);MR Group;элитный;Беговой;Ленинградский проспект, вл. 8;
badaevskiy;Бадаевский;Capital Group;элитный;Дорогомилово;Кутузовский проспект, 12;
era;Эра (Era);ТЕКТА ГРУПП;элитный;Даниловский;Дербеневская набережная;
shift;Шифт (SHIFT);ГК Пионер;элитный;Донской;2-й Донской проезд, 10;
tishinskiy-bulvar;Тишинский бульвар;Sminex;элитный;Пресненский;Электрический переулок, Тишинский бульвар;
muza;Муза (MUSE);ГК Мангазея;элитный;Аэропорт;Красноармейская ул., 11;
nikol;Николь (Nicole);MR Group;делюкс;Тверской;район метро Площадь Революции;
kosmo-4-22;Космо 4/22;Галс-Девелопмент;делюкс;Замоскворечье;Космодамианская набережная, 4/22;
artel;Артель;Stenoy;премиум;Преображенское;Электрозаводская ул.;
reka;Река (клубный дом);Донстрой;элитный;Раменки;район метро Мичуринский проспект;
springs;Спрингс (Springs);UNIQ Development;элитный;Фили-Давыдково;;
dostizhenie;Достижение;Sminex;премиум;Марфино;;
26-parkvyu;26 Парквью;MR Group;премиум;Тимирязевский;ул. Тимирязевская;
demidov-26;Демидов 26;Оникс-Девелопмент;премиум;Басманный;;
king-end-sans;Кинг энд Санс (King & Sons);October Group;элитный;Раменки;Мосфильмовская ул., 31А;
dom-a;Дом А;Брусника;премиум;Даниловский;Дубининская ул., 59к5;
aurus-rezidentsii;Аурус Резиденции;ГК Страна Девелопмент;премиум;Пресненский;2-й Красногвардейский проезд;
one;ОНЕ (ONE);MR Group;премиум;Пресненский;1-й Красногвардейский проезд, Москва-Сити;
ays-tauers;Айс Тауэрс (ICE Towers);Град Девелопмент;премиум;Проспект Вернадского;;
deko-rezidens;Деко Резиденс;;премиум;Даниловский;;
gloraks-premium-belorusskaya;Глоракс Премиум Белорусская;GloraX;премиум;Беговой;;
sikret-garden;Сикрет Гарден;ГК КОРТРОС;премиум;Обручевский;;
quartier-d-or;Quartier d'Or (Картьер д'Ор);RARITECO;делюкс;Замоскворечье;ул. Большая Татарская, 21;
obydenskiy-1;Обыденский №1;Sminex;делюкс;Хамовники;3-й Обыденский пер., вл. 1, стр. 1;
lavrushinskiy;Лаврушинский;Sminex;делюкс;Якиманка;Большой Толмачёвский пер., 5;
palashevskiy-11;Палашёвский 11;Sminex;делюкс;Тверской;Большой Палашёвский пер., 11-13;
ilinka-3-8;Ильинка 3/8;Sminex;делюкс;Тверской;ул. Ильинка, 3/8;
rozhdestvenka-8;Рождественка 8;Sminex;делюкс;Мещанский;ул. Рождественка, 8;
fon-dessin;Фон Дессин (Fon Dessin);Sminex;делюкс;Басманный;Потаповский пер., 5, стр. 4;
frunzenskiy;Фрунзенский;Sminex;элитный;Хамовники;Фрунзенская наб., 30;
gorodskaya-usadba-v-orlovo-davydovskom;Городская усадьба в Орлово-Давыдовском;Sminex;элитный;Мещанский;Орлово-Давыдовский пер., 2;
vesper-pogodinskaya;Vesper Погодинская;Vesper;делюкс;Хамовники;ул. Погодинская, вл. 24, стр. 1, 2;
levenson;Левенсон (Levenson);Vesper;делюкс;Пресненский;Трёхпрудный пер., 9;
vesper-kutuzovsky;Vesper Kutuzovsky (ODA Gallery);Vesper;элитный;Дорогомилово;Кутузовский пр-т;
uzory;Узоры;Capital Alliance (СЗ Вражский);делюкс;Хамовники;2-й Вражский пер., 8, стр. 2;
luce;LUCE (Люче);MR Group;делюкс;Арбат;Крестовоздвиженский пер., 4;
clos-17;CLOS 17;MR Group;делюкс;Арбат;;
veil;Veil (Роден);MR Group;делюкс;Басманный;Большой Харитоньевский пер., 13А, стр. 10;
kazachiy;Казачий;MR Group;элитный;Якиманка;1-й Казачий пер., 10, стр. 1;
monblan;Монблан;Галс-Девелопмент;элитный;Замоскворечье;Шлюзовая наб., 2/1;
bolshaya-tatarskaya-35;Большая Татарская 35;Донстрой;элитный;Замоскворечье;ул. Большая Татарская, вл. 35;
dom-xxii;ДОМ XXII;Донстрой;делюкс;Хамовники;ул. Ефремова;
khamovniki-12;Хамовники 12;COLDY;делюкс;Хамовники;1-й пер. Тружеников, 12;
bolshoy-kozikhinskiy-22;Большой Козихинский 22;Dominanta / COLDY;делюкс;Пресненский;Большой Козихинский пер., 22;
savvinskaya-27;Саввинская 27;Level Group;элитный;Хамовники;Саввинская наб., 27;
levshinskiy-19;Левшинский 19 (Your MAJESTY);СЗ Смоленский бульвар;элитный;Хамовники;Большой Левшинский пер., 19;
pyzhevskiy;Пыжевский;TEKTA GROUP;делюкс;Замоскворечье;Пыжевский пер.;
russkie-sezony;Русские Сезоны;СЗ ЭКРАН;делюкс;Замоскворечье;Большая Ордынка / Пятницкая / Климентовский пер.;
sadovnicheskaya-69;Садовническая 69;ГК Балчуг Девелопмент;элитный;Замоскворечье;Садовническая ул., 69;
krasnyy-oktyabr;Красный Октябрь;ГУТА-Девелопмент;элитный;Якиманка;Берсеневская наб., 5, стр. 1;
malaya-ordynka-14;Малая Ордынка 14;ГУТА-Девелопмент;делюкс;Замоскворечье;ул. Малая Ордынка, 14;
duo;DUO;Hutton Development;делюкс;Якиманка;Софийская наб., 34, стр. 3;
cult;CULT (Клубный дом Культ);GRAVION;элитный;Якиманка;Ленинский пр-т, 2;
armani-casa-moscow-residences;Armani/Casa Moscow Residences;Vos'hod;делюкс;Якиманка;Старомонетный пер., 19/11;
la-belle-maison;LA BELLE MAISON;GBK GROUP;элитный;Якиманка;;
nikitskiy-6;Никитский 6;СЗ Третий Рим;делюкс;Арбат;Никитский бул., 6/20;
eden;EDEN;Sense Development;делюкс;Арбат;Нижний Кисловский пер., 7;
dom-sporta;Дом спорта;Capital Group;делюкс;Пресненский;;
bolshaya-nikitskaya-16;Большая Никитская 16;R4S Group;делюкс;Пресненский;ул. Большая Никитская, 16;
stella-di-mosca;Stella di Mosca;;делюкс;Пресненский;ул. Большая Никитская, 9/15, стр. 1;
kamerger;Камергер;Engeo Development;элитный;Тверской;;
enigmiya;Энигмия;Upside Development;элитный;Тверской;;
kuznetskiy-most-12;Кузнецкий Мост 12;KR Properties;элитный;Тверской;ул. Кузнецкий Мост, 12;
malaya-dmitrovka-5-9;Малая Дмитровка 5/9;;делюкс;Тверской;ул. Малая Дмитровка, 5/9;
tessinskiy-v;Тессинский V;Element Development;элитный;Таганский;Тессинский пер., 5;
turgenev;Turgenev (Клубный дом Тургенев);Неострой;элитный;Красносельский;Костянский пер., 13;
usacheva-22;Усачева 22;Regions Development;делюкс;Хамовники;ул. Усачёва, 22;
annabel-s;Annabel's (1913);PALLADIO Group;элитный;Хамовники;Курсовой пер., 12/5, стр. 7;
khilkov;Хилков;ROSE GROUP;делюкс;Хамовники;Хилков пер., 5;
olsufevskiy-10;Олсуфьевский 10;;делюкс;Хамовники;Олсуфьевский пер., 10;
le-dom;Лё Дом (Le Dome);Группа ЛСР;делюкс;Хамовники;Соймоновский проезд;
lva-tolstogo-14;Льва Толстого 14;;делюкс;Хамовники;ул. Льва Толстого, 14;
zemledelcheskiy-15;Земледельческий 15;;делюкс;Хамовники;Земледельческий пер., 15;
bolshaya-pirogovskaya-51;Большая Пироговская 51;;делюкс;Хамовники;ул. Большая Пироговская, 51;
kapranova-3;Капранова 3;;делюкс;Пресненский;Капранова пер., 3;
malaya-nikitskaya-29-31;Малая Никитская 29-31;;делюкс;Пресненский;ул. Малая Никитская, 29-31;
bolshaya-ordynka-25;Большая Ордынка 25;;делюкс;Замоскворечье;ул. Большая Ордынка, 25;
vozdvizhenka-7-6;Воздвиженка 7/6;;делюкс;Арбат;ул. Воздвиженка, 7/6;
malaya-polyanka-3;Малая Полянка 3;;делюкс;Якиманка;ул. Малая Полянка, 3;
bernikovskaya-naberezhnaya-12;Берниковская набережная 12;;делюкс;Таганский;Берниковская наб., 12;
rezidentsii-skolkovo;Резиденции Сколково;Абсолют Недвижимость;бизнес;рп Заречье, Одинцовский г.о., Сколковское шоссе, ~2 км от МКАД;Московская обл., Одинцовский г.о., рп Заречье;
skolkovo-one;Skolkovo ONE;IKON Development;бизнес;рп Заречье, Одинцовский г.о., ул. Торговая, ~2 км от МКАД;Московская обл., Одинцовский г.о., рп Заречье, ул. Торговая, корп. 5-7;
skolkovo-park;Сколково Парк;Заречье-девелопмент;премиум;рп Заречье, Одинцовский г.о., ул. Весенняя, ~2 км от МКАД;Московская обл., Одинцовский г.о., рп Заречье, ул. Весенняя, вл. 2;
zareche-park;Заречье Парк;Группа Самолет;бизнес;рп Заречье, Одинцовский г.о., ул. Заречная;Московская обл., Одинцовский г.о., рп Заречье, ул. Заречная;
granel-prityazhenie-siti;Гранель Притяжение Сити;ГК Гранель;бизнес;Одинцовский г.о., ~7 мин до Сколково;Московская обл., Одинцовский г.о.;
klubnyy-dom-tochka-otscheta;Клубный дом Точка отсчета;Е-Девелопмент;бизнес;Жуковка-1, Рублёво-Успенское шоссе, ~9 км от МКАД;Московская обл., Одинцовский г.о., Жуковка-1, ул. Сосновый Бор, д. 53;
level-barvikha-residence;Level Barvikha Residence;Level Group (СЗ МастерСтрой);бизнес;д. Барвиха, Рублёво-Успенское шоссе, 8 км от МКАД;Московская обл., Одинцовский г.о., д. Барвиха, Рублёво-Успенское ш., 8-й км;
barvikha-river-house;Barvikha River House;СЗ ЛСР. Объект-М (Группа ЛСР);премиум;д. Барвиха, Рублёво-Успенское шоссе, ~8 км от МКАД;Московская обл., Одинцовский г.о., д. Барвиха;
sbersiti-v-rublevo-arkhangelskom;СберСити в Рублёво-Архангельском;АО СЗ СберСити (Рублёво-Архангельское);бизнес;мкр Рублёво-Архангельское, Ильинское шоссе, ~2 км от МКАД (административно Москва, ЗАО, Кунцево);Москва, ЗАО, р-н Кунцево, мкр Рублёво-Архангельское;
riga-hills;Riga Hills;СЗ ЖК Яркий. Рига;бизнес;д. Бузланово, Новорижское шоссе, ~9 км от МКАД, г.о. Красногорск;Московская обл., г.о. Красногорск, д. Бузланово;
maslovo-forest-club;Маслово Forest Club;Галс-Девелопмент (СЗ Галс-Маслово);премиум;д. Маслово / Николина Гора, Ильинское шоссе, 28 км от МКАД;Московская обл., Одинцовский г.о., д. Маслово, ул. Пальмовая, д. 120;
berezki-river-village;Березки River Village;Галс-Девелопмент;элитный;д. Солослово, Рублёво-Успенское шоссе, 17 км от МКАД;Московская обл., Одинцовский г.о., д. Солослово;
razdory-2;Раздоры-2;Villagio Estate / Villagio Realty;элитный;д. Раздоры, Рублёво-Успенское шоссе, 5 км от МКАД;Московская обл., Одинцовский г.о., с.п. Барвихинское, Раздоры-2;
zhukovka-xxi;Жуковка XXI;Villagio Estate;элитный;д. Жуковка, Рублёво-Успенское шоссе, 8-10 км от МКАД;Московская обл., Одинцовский г.о., д. Жуковка;
parkville-zhukovka;ParkVille Жуковка;Villagio Estate;премиум;д. Жуковка, Рублёво-Успенское шоссе, 9-10 км от МКАД;Московская обл., Одинцовский г.о., д. Жуковка;
barvikha-xxi;Барвиха XXI;Villagio Estate;делюкс;д. Барвиха, Рублёво-Успенское шоссе, 5-7 км от МКАД;Московская обл., Одинцовский г.о., д. Барвиха;
barvikha-klab;Барвиха Клаб;Миэль-Недвижимость;элитный;д. Барвиха, Рублёво-Успенское шоссе, 8 км от МКАД;Московская обл., Одинцовский г.о., д. Барвиха;
barvikha-khills;Барвиха Хиллс;;премиум;д. Барвиха, Рублёво-Успенское шоссе, 8 км от МКАД;Московская обл., Одинцовский г.о., д. Барвиха;
sady-mayendorf;Сады Майендорф;Villagio Estate;элитный;д. Барвиха, Рублёво-Успенское шоссе, 9 км от МКАД;Московская обл., Одинцовский г.о., д. Барвиха;
landshaft;Ландшафт;;бизнес;Рублёво-Успенское шоссе, 9 км от МКАД, Одинцовский г.о.;Московская обл., Одинцовский г.о.;
gorki-8;Горки-8;;премиум;Горки-8, Рублёво-Успенское шоссе, 15 км от МКАД;Московская обл., Одинцовский г.о., Горки-8;
rechnoy;Речной;;премиум;Рублёво-Успенское шоссе, 7 км от МКАД, Одинцовский г.о.;Московская обл., Одинцовский г.о.;
ilinskie-dachi;Ильинские дачи;;бизнес;Ильинское шоссе, 10 км от МКАД, Одинцовский/Красногорский г.о.;Московская обл., Ильинское шоссе, 10 км;
ilinskoe-pole;Ильинское поле;;делюкс;Ильинское шоссе, 10 км от МКАД;Московская обл., Ильинское шоссе, 10 км;
azarovo;Азарово;;бизнес;Рублёво-Успенское шоссе, 20 км от МКАД, Одинцовский г.о.;Московская обл., Одинцовский г.о., Азарово;
uspenskie-dachi;Успенские Дачи;;бизнес;Рублёво-Успенское шоссе, 20 км от МКАД, Одинцовский г.о.;Московская обл., Одинцовский г.о., Успенское;
renaissance-park;Renaissance Park;Villagio Estate;элитный;Новорижское шоссе, 19 км от МКАД;Московская обл., Новорижское шоссе, 19 км;
pavlovo;Павлово;;премиум;Новорижское шоссе, 14 км от МКАД, г.о. Истра;Московская обл., г.о. Истра, д. Новинки, КП Павлово;
novoe-pavlovo;Новое Павлово;;бизнес;Новорижское шоссе, ~14 км от МКАД, г.о. Истра;Московская обл., г.о. Истра;
nikolskaya-sloboda;Никольская Слобода;;элитный;Новорижское шоссе, 15 км от МКАД;Московская обл., Новорижское шоссе, 15 км;
eli-estate;Ели Estate;;бизнес;Новорижское шоссе, г.о. Истра;Московская обл., Новорижское шоссе;
