rank;name;official_name;category;kind;index;marked;grant;okrug;district;address;donm_group;raex_msk_compete;raex_msk_scale;raex_rf;raex_private;forbes;price;boarding;preschool;gen_edu;sport_type;features;buildings;site;note
1;Лицей «Вторая школа» им. В.Ф. Овчинникова;ГБОУ города Москвы «Лицей «Вторая школа» имени В.Ф. Овчинникова»;Городская;лицей;96;True;I степени;ЮЗАО;Гагаринский;ул. Фотиевой, д. 18;1;2;14;5;;;;;;;;;1;https://lycuz2.mskobr.ru/;
2;Бауманская инженерная школа № 1580;ГБОУ города Москвы «Бауманская инженерная школа № 1580»;Городская;школа;93;True;I степени;ЮЗАО;Зюзино;Балаклавский пр-т, д. 6А;1;10;3;20;;;;;;;;;;https://lycu1580.mskobr.ru/;
3;Пятьдесят седьмая школа;ГБОУ города Москвы «Пятьдесят седьмая школа»;Городская;школа;92;True;I степени;ЦАО;Хамовники;Малый Знаменский пер., д. 7/10, стр. 5;1;9;10;17;;;;;;;;;3;https://57.mskobr.ru/;
4;Школа № 179;ГБОУ города Москвы «Школа № 179»;Городская;школа;92;True;I степени;ЦАО;Тверской;ул. Большая Дмитровка, д. 5/6, стр. 7;1;4;23;7;;;;;;;;;;https://schc179.mskobr.ru/;
5;Школа № 1535;ГБОУ города Москвы «Школа № 1535»;Городская;школа;91;True;I степени;ЦАО;Хамовники;ул. Усачёва, д. 50;1;12;5;30;;;;;;;;;1;https://lyc1535.mskobr.ru/;
6;Лицей НИУ ВШЭ;Лицей НИУ «Высшая школа экономики»;Вузовская;лицей;90;True;I степени;ЦАО;Красносельский;Большой Харитоньевский пер., д. 4;1;14;2;32;;;;;;;;;4;https://school.hse.ru/;"4 равнозначных здания; матем./ИТ/инженерное направление — Солянка, 14А."
7;Школа Центра педагогического мастерства (ЦПМ);АНО «Общеобразовательная школа Центра педагогического мастерства»;Частная;школа;90;True;II степени;ЦАО;Мещанский;Олимпийский пр-т, д. 11, корп. 1 + площадки Марьина Роща, Курская;2;6;1;12;;да;640000-730000;нет;нет;;;олимпиадная подготовка, 5–11 кл., профили, онлайн-формат;3;https://школа-цпм.рф/;
8;Школа № 2007 ФМШ;ГБОУ города Москвы «Школа № 2007 ФМШ»;Городская;школа;89;True;I степени;ЮЗАО;Южное Бутово;ул. Горчакова, д. 9, корп. 1;1;5;34;11;;;;;;;;;;https://schuuz2007.mskobr.ru/;
9;Школа «Летово»;ОАНО «Школа «ЛЕТОВО»;Частная;школа;88;True;I степени;НАО;поселение Сосенское;пос. Сосенское, Зимёнковская ул., д. 3;1;16;36;42;;высокая;3500000-4000000;да;нет;;;IB DP, 7–11 кл., кампус 60 га, need-blind приём, 80% стипендиатов;;https://letovo.ru/;
10;Предуниверситарий МИФИ;Предуниверситарий НИЯУ МИФИ;Вузовская;школа;81;True;II степени;ЮАО;Москворечье-Сабурово;Каширское ш., д. 31;2;11;4;26;;;;;;;;;2;https://mephi.ru/;
11;Школа № 1568 им. Пабло Неруды;ГБОУ города Москвы «Школа № 1568 имени Пабло Неруды»;Городская;школа;81;True;I степени;СВАО;Южное Медведково;пр-д Шокальского, д. 7, корп. 2;1;17;31;44;;;;;;;;;;https://lyc1568.mskobr.ru/;
12;Школа № 1514;ГБОУ города Москвы «Школа № 1514»;Городская;школа;80;True;I степени;ЗАО;Раменки;ул. Крупской, д. 12;1;26;9;65;;;;;;;;;;https://gym1514uz.mskobr.ru/;
13;Ломоносовская школа;;Частная;школа;77;True;;ЗАО;Очаково-Матвеевское;Аминьевское ш., д. 18, корп. 4;;24;;62;2;да;1935000;нет;да;;;технология «ИнтеллекТ», углублённые языки, сад с 3 лет;;https://lomon.ru/;
14;Школа № 1502 «Энергия»;ГБОУ города Москвы «Школа № 1502 «Энергия»;Городская;школа;77;True;I степени;ВАО;Новогиреево;ул. Молостовых, д. 10А;1;29;8;76;;;;;;;;;9;https://1502.mskobr.ru/;
15;СУНЦ МГУ (школа-интернат им. А.Н. Колмогорова);СУНЦ МГУ — школа-интернат имени А.Н. Колмогорова;Вузовская;школа;76;True;III степени;ЗАО;Фили-Давыдково;Кременчугская ул., д. 11;3;1;6;2;;;;;;;;;;https://internat.msu.ru/;"В списке ДОНМ фигурирует дважды под разными названиями (Раменки); официальный адрес — Кременчугская, 11 (Фили-Давыдково)."
16;Классический пансион МГУ;Классический пансион МГУ имени М.В. Ломоносова;Частная;школа;74;True;;ЗАО;Очаково-Матвеевское;ул. Лобачевского, д. 118, корп. 3;;18;;47;4;;850000-1950000;да;нет;;;круглосуточный пансион, 1–11 кл., подготовка к МГУ;;https://pansionmsu.ru/;
17;Лицей «Воробьёвы горы»;ГБПОУ «Воробьёвы горы», отделение общего образования;Городская;лицей;69;True;II степени;ЮАО;Донской;Донская ул., д. 37;2;15;41;37;;;;;;;;;;https://vg.mskobr.ru/;"Отделение общего образования — Донская, 37; юрлицо зарегистрировано на ул. Косыгина, 17."
18;Школа № 1543;ГБОУ города Москвы «Гимназия № 1543 имени Ю.В. Завельского»;Городская;школа;69;True;II степени;ЗАО;Тропарёво-Никулино;ул. 26 Бакинских Комиссаров, д. 3, корп. 5;2;8;;16;;;;;;;;;;https://gym1543.mskobr.ru/;
19;Лицей Финансового университета;Лицей Финансового университета при Правительстве РФ;Вузовская;лицей;68;True;III степени;САО;Аэропорт;Ленинградский пр-т, д. 51, корп. 4;3;7;21;15;;;;;;;;;;https://www.fa.ru/;
20;Школа № 444;ГБОУ города Москвы «Школа № 444»;Городская;школа;62;True;I степени;ВАО;Измайлово;Нижняя Первомайская ул., д. 14;1;41;35;;;;;;;;;;1;https://schv444.mskobr.ru/;
21;Школа № 1518;ГАОУ города Москвы «Школа № 1518»;Городская;школа;61;True;II степени;СВАО;Алексеевский;пр-т Мира, д. 87;2;19;;48;;;;;;;;;3;https://gum1518.mskobr.ru/;
22;Академическая школа № 1534;ГБОУ города Москвы «Академическая школа № 1534»;Городская;школа;60;True;II степени;ЮЗАО;Академический;ул. Кедрова, д. 11;2;32;27;80;;;;;;;;;;https://gym1534uz.mskobr.ru/;
23;Частная школа «Золотое сечение»;;Частная;школа;59;True;;ЦАО;Якиманка;"Ленинский пр-т, д. 13А (5–11 кл.); Комсомольский пр-т, д. 45 (начальная)";;44;;;5;да;1300000-1600000;нет;нет;;;профили физмат / естеств.-науч. / гуманитарный, тьюторство;;https://gold-school.ru/;
24;Школа № 548 «Царицыно»;ГАОУ города Москвы «Школа № 548 «Царицыно»;Городская;школа;58;True;I степени;ЮАО;Орехово-Борисово Южное;ул. Домодедовская, д. 35, корп. 2;1;;7;;;;;;;;;;;https://cou548.mskobr.ru/;
25;Инженерная школа № 1581;ГБОУ города Москвы «Инженерная школа № 1581»;Городская;школа;56;True;III степени;ЦАО;Басманный;Большой Полуярославский пер., д. 7;3;20;30;50;;;;;;;;;;https://lycc1581.mskobr.ru/;
26;Курчатовская школа;ГБОУ города Москвы «Курчатовская школа»;Городская;школа;56;True;I степени;СЗАО;Щукино;ул. Маршала Василевского, д. 7, корп. 1;1;;17;;;;;;;;;;;https://kurchat.mskobr.ru/;"Юридический адрес по ЕГРЮЛ — ул. Маршала Конева, 10; указан главный корпус по городскому реестру."
27;Школа № 1329;ГБОУ города Москвы «Школа № 1329»;Городская;школа;56;True;I степени;ЗАО;Тропарёво-Никулино;Никулинская ул., д. 10;1;;19;;;;;;;;;;7;https://sch1329.mskobr.ru/;
28;Школа № 1501;ГБОУ города Москвы «Школа № 1501»;Городская;школа;56;True;I степени;ЦАО;Тверской;Тихвинский пер., д. 3;1;;18;;;;;;;;;;;https://lycc1501.mskobr.ru/;
29;Школа № 2086;ГБОУ города Москвы «Школа № 2086»;Городская;школа;56;True;II степени;ЮЗАО;Гагаринский;Университетский пр-т, д. 5;2;39;22;95;;;;;;;;;;https://sch2086uz.mskobr.ru/;
30;Ломоносовская школа «ИнТек»;;Частная;школа;55;True;;МО;Красногорск;Новорижское ш., ЖК «Монолит»;;;;;1;да;1935000;нет;да;;;та же сеть, полный день, 1–11 кл.;;https://lomon.ru/;
31;Школа № 171;ГБОУ города Москвы «Школа № 171»;Городская;школа;55;True;III степени;ЦАО;Хамовники;2-я Фрунзенская ул., д. 7А;3;27;13;68;;;;;;;;;;https://sch171c.mskobr.ru/;
32;Школа № 2070 им. Г.А. Вартаняна;ГБОУ города Москвы «Школа № 2070 имени Героя Советского Союза Г.А. Вартаняна»;Городская;школа;54;True;I степени;НАО;поселение Сосенское;пос. Сосенское, п. Коммунарка, ул. Липовый Парк, д. 5А;1;;24;;;;;;;;;;;https://sch2070.mskobr.ru/;
33;Школа «Интеллектуал»;ГБОУ города Москвы «Школа «Интеллектуал»;Городская;школа;53;True;III степени;ЗАО;Фили-Давыдково;Кременчугская ул., д. 11, стр. 4;3;13;;31;;;;;;;;;1;https://int.mskobr.ru/;
34;Школа на Юго-Востоке им. В.И. Чуйкова;ГБОУ города Москвы «Школа на Юго-Востоке имени Маршала В.И. Чуйкова»;Городская;школа;53;True;I степени;ЮВАО;Рязанский;Зеленодольская ул., д. 32, корп. 6;1;;28;;;;;;;;;;;https://schuv.mskobr.ru/;
35;Павловская гимназия;;Частная;гимназия;52;True;;МО;Истринский г.о.;д. Веледниково, ул. Живописная, д. 136 (Новая Рига);;;;;6;высокая;2250000;нет;да;;;кампус 10 га, бассейн, филиал балетной школы, полный цикл;;https://pavlovskayagymnasia.ru/;
36;Школа № 1533 «ЛИТ»;ГБОУ города Москвы «Школа № 1533 «ЛИТ»;Городская;школа;52;True;III степени;ЮЗАО;Гагаринский;Ломоносовский пр-т, д. 16;3;22;37;58;;;;;;;;;1;https://lyc1533.mskobr.ru/;
37;Школа № 218;ГБОУ города Москвы «Школа № 218»;Городская;школа;52;True;II степени;САО;Тимирязевский;ул. Вучетича, д. 6;2;30;;78;;;;;;;;;2;https://sch218.mskobr.ru/;"Юридический адрес — Дмитровское ш., 5А; указано здание старших классов (ул. Вучетича, 6)."
38;Академическая гимназия;;Частная;гимназия;51;True;;Москва / МО;—;"кампусы в Москве; Химки, мкр. Новогорск, Олимпийская ул., д. 15";;;43;;9;да;840000-1440000;нет;да;;;полный цикл: сад — 11 класс + колледж, сильная языковая программа;;https://academ-school.ru/;
39;Школа № 1253;ГБОУ города Москвы «Школа № 1253»;Городская;школа;51;True;II степени;ЦАО;Хамовники;Зубовский б-р, д. 5, стр. 1;2;47;20;;;;;;;;;;;https://sch1253c.mskobr.ru/;
40;Областная гимназия им. Е.М. Примакова;;Частная;гимназия;48;True;;МО;Одинцовский г.о.;д. Раздоры, Утренняя ул., д. 1;;;;;3;;800000-900000;да;да;;;1–11 кл., олимпиадная и языковая подготовка, частично субсидируется МО;;https://primakov.school/;
41;Университетская гимназия МГУ имени М.В. Ломоносова;Университетская гимназия МГУ имени М.В. Ломоносова;Вузовская;гимназия;48;True;;ЗАО;Раменки;Ломоносовский пр-т, д. 27, корп. 7;;3;25;6;;;;;;;;;;https://school.msu.ru/;
42;Школа «Покровский квартал»;ГБОУ города Москвы «Школа «Покровский квартал»;Городская;школа;46;True;II степени;ЦАО;Басманный;Большой Казённый пер., д. 9;2;;11;;;;;;;;;;;https://pkvartal.mskobr.ru/;
43;Школа № 2107;ГБОУ города Москвы «Школа № 2107»;Городская;школа;46;True;II степени;ЦАО;Мещанский;Большая Переяславская ул., д. 1, стр. 1;2;;15;;;;;;;;;;;https://sch2107.mskobr.ru/;
44;Школа «НИКА»;;Частная;школа;45;True;;ЮЗАО;Зюзино;"Малая Юшуньская ул., д. 4; Одесская ул., д. 21/29 + кампусы Фили, Нагатино, Чертаново";;;;;10;средняя;720000-1320000;нет;да;;;полный цикл (сад — 11 кл.), несколько кампусов;;https://nikaschool.ru/;
45;Школа № 1363;ГБОУ города Москвы «Школа № 1363»;Городская;школа;45;True;I степени;ЮВАО;Выхино-Жулебино;Рязанский пр-т, д. 82, корп. 4;1;;;;;;;;;;;;;https://sch1363uv.mskobr.ru/;
46;Школа № 2036;ГБОУ города Москвы «Школа № 2036»;Городская;школа;45;True;I степени;ВАО;Новокосино;ул. Татьяны Макаровой, д. 2;1;;;;;;;;;;;;;https://sch2036v.mskobr.ru/;
47;Школа № 67;ГБОУ города Москвы «Школа № 67»;Городская;школа;44;False;III степени;ЗАО;Дорогомилово;Кутузовский пр-т, д. 10, стр. 1;3;33;39;87;;;;;;;;;;https://sch67.mskobr.ru/;
48;Международная школа «Интеграция XXI век»;;Частная;школа;43;False;;СЗАО;Щукино;"1-й Волоколамский пр-д, д. 9, корп. 2; ул. Маршала Катукова, д. 16, корп. 3";;;;;7;;;нет;нет;;;международная программа, углублённые иностранные языки, IB;;https://integraciya.ru/;
49;Школа № 1409;ГБОУ города Москвы «Школа № 1409»;Городская;школа;43;False;II степени;САО;Хорошёвский;Ходынский б-р, д. 7;2;;26;;;;;;;;;;;https://gym1409s-new.mskobr.ru/;
50;Школа «Алгоритм»;;Частная;школа;42;False;;ЦАО;Красносельский;Милютинский пер. + филиалы;;;;;8;;960000-1320000;нет;нет;;;билингвальность (английский + китайский), подготовка к IB;;https://algoritm-school.ru/;
51;Школа № 1517;ГБОУ города Москвы «Школа № 1517»;Городская;школа;42;False;II степени;СЗАО;Щукино;Живописная ул., д. 11, корп. 1;2;;29;;;;;;;;;;;https://1517.mskobr.ru/;
52;Школа № 1575;ГБОУ города Москвы «Школа № 1575»;Городская;школа;42;False;II степени;САО;Аэропорт;ул. Усиевича, д. 6;2;45;;;;;;;;;;;;https://lyc1575.mskobr.ru/;
53;Школа № 1547;;Городская;школа;41;False;II степени;ЮВАО;Марьино;;2;;33;;;;;;;;;;;;
54;Гимназия Святителя Василия Великого;;Частная;гимназия;39;False;;МО;Одинцовский г.о.;д. Зайцево, Кокошкинское ш., д. 1;;;;;11;;1395000;нет;да;;;православная гимназия, стипендиальная программа, развозка;;https://vasiliada.ru/;
55;Хорошевская школа (Хорошкола);;Частная;школа;39;False;III степени;СЗАО;Хорошёво-Мнёвники;"ул. Народного Ополчения, д. 7А и 9А; ул. Маршала Тухачевского, д. 45, корп. 2";3;40;;99;;да;;нет;да;;;билингвальная среда, система «4К», тьюторство, планетарий, бассейн;;https://horoshkola.ru/;
56;Школа № 1589;ГБОУ города Москвы «Школа № 1589»;Городская;школа;39;False;IV степени;ЗАО;Кунцево;Инициативная ул., д. 1;4;21;;53;;;;;;;;;;https://lycc1589.mskobr.ru/;Район по списку ДОНМ — Фили-Давыдково, по официальному адресу — Кунцево.
57;Школа «Новогорск»;;Частная;школа;38;False;;МО;Химки;г. Химки, мкр. Новогорск;;;;;12;;;нет;нет;;;частная школа полного дня;;;
58;Школа № 1158;;Городская;школа;38;False;II степени;ЮАО;Чертаново Северное;;2;;45;;;;;;;;;;;;
59;Школа № 1298 «Профиль Куркино»;;Городская;школа;38;False;II степени;СЗАО;Куркино;;2;;47;;;;;;;;;;;;
60;Школа № 1474;;Городская;школа;38;False;II степени;САО;Ховрино;;2;;46;;;;;;;;;;;;
61;Школа № 1529 имени А.С. Грибоедова;ГБОУ города Москвы «Школа № 1529 имени А.С. Грибоедова»;Городская;школа;38;False;IV степени;ЦАО;Хамовники;2-й Обыденский пер., д. 9;4;23;;59;;;;;;;;;;https://gym1529c.mskobr.ru/;
62;Школа № 1557 им. П.Л. Капицы;;Городская;школа;38;False;II степени;ЗелАО;Савёлки;;2;;44;;;;;;;;;;;;
63;Образовательный центр «Протон»;;Городская;школа;34;False;II степени;ЗАО;Филёвский Парк;;2;;;;;;;;;;;;;;
64;Школа «Классика-М»;;Частная;школа;34;False;;МО;Мытищи;г. Мытищи;;;;;15;;;нет;нет;;;;;;
65;Школа «Марьина Роща» им. В.Ф. Орлова;;Городская;школа;34;False;II степени;СВАО;Марьина роща;;2;;;;;;;;;;;;;;
66;Школа № 1002;;Городская;школа;34;False;II степени;ЗАО;Солнцево;;2;;;;;;;;;;;;;;
67;Школа № 1194 им. Т.О. Расторгуева;;Городская;школа;34;False;II степени;ЗелАО;Крюково;;2;;;;;;;;;;;;;;
68;Школа № 1252 им. Сервантеса;;Городская;школа;34;False;II степени;САО;Сокол;;2;;;;;;;;;;;;;;
69;Школа № 1290;;Городская;школа;34;False;II степени;ВАО;Измайлово;;2;;;;;;;;;;;;;;
70;Школа № 1357 «На Братиславской»;;Городская;школа;34;False;II степени;ЮВАО;Марьино;;2;;;;;;;;;;;;;;
71;Школа № 1392 им. Д.В. Рябинкина;;Городская;школа;34;False;II степени;ТАО;Троицк;;2;;;;;;;;;;;;;;
72;Школа № 1504;;Городская;школа;34;False;II степени;ВАО;Ивановское;;2;;;;;;;;;;;;;;
73;Школа № 152;;Городская;школа;34;False;II степени;САО;Аэропорт;;2;;;;;;;;;;;;;;
74;Школа № 1538;;Городская;школа;34;False;II степени;СЗАО;Митино;;2;;;;;;;;;;;;;;
75;Школа № 1542;;Городская;школа;34;False;II степени;ЗАО;Солнцево;;2;;;;;;;;;;;;;;
76;Школа № 1558 им. Росалии де Кастро;;Городская;школа;34;False;II степени;СВАО;Бабушкинский;;2;;;;;;;;;;;;;;
77;Школа № 1571;;Городская;школа;34;False;II степени;СЗАО;Северное Тушино;;2;;;;;;;;;;;;;;
78;Школа № 1576;;Городская;школа;34;False;II степени;САО;Коптево;;2;;;;;;;;;;;;;;
79;Школа № 1748 «Вертикаль»;;Городская;школа;34;False;II степени;ВАО;Северное Измайлово;;2;;;;;;;;;;;;;;
80;Школа № 1811 «Восточное Измайлово»;;Городская;школа;34;False;II степени;ВАО;Восточное Измайлово;;2;;;;;;;;;;;;;;
81;Школа № 1980;;Городская;школа;34;False;II степени;ЮЗАО;Южное Бутово;;2;;;;;;;;;;;;;;
82;Школа № 2026;;Городская;школа;34;False;II степени;ВАО;Косино-Ухтомский;;2;;;;;;;;;;;;;;
83;Школа № 2048;;Городская;школа;34;False;II степени;ЮВАО;Некрасовка;;2;;;;;;;;;;;;;;
84;Школа № 2083;;Городская;школа;34;False;II степени;НАО;Щербинка;;2;;;;;;;;;;;;;;
85;Школа № 2089;;Городская;школа;34;False;II степени;ЮВАО;Некрасовка;;2;;;;;;;;;;;;;;
86;Школа № 2094;;Городская;школа;34;False;II степени;НАО;Коммунарка;;2;;;;;;;;;;;;;;
87;Школа № 2098 им. Л.М. Доватора;;Городская;школа;34;False;II степени;САО;Западное Дегунино;;2;;;;;;;;;;;;;;
88;Школа № 2109;;Городская;школа;34;False;II степени;НАО;Щербинка;;2;;;;;;;;;;;;;;
89;Школа № 2120;;Городская;школа;34;False;II степени;НАО;Филимонковский;;2;;;;;;;;;;;;;;
90;Школа № 2123 им. Мигеля Эрнандеса;;Городская;школа;34;False;II степени;ЦАО;Пресненский;;2;;;;;;;;;;;;;;
91;Школа № 2127;;Городская;школа;34;False;II степени;ВАО;Новокосино;;2;;;;;;;;;;;;;;
92;Школа № 338 им. А.Ф. Авдеева;;Городская;школа;34;False;II степени;НАО;Коммунарка;;2;;;;;;;;;;;;;;
93;Школа № 962;;Городская;школа;34;False;II степени;СВАО;Отрадное;;2;;;;;;;;;;;;;;
94;Школа-интернат № 1;;Городская;школа;34;False;II степени;СВАО;Алексеевский;;2;;;;;;;;;;;;;;
95;Школа «Светлые горы»;;Частная;школа;33;False;;МО;Красногорск;г. Красногорск;;;;;16;;;нет;да;;;полный цикл, развозка;;;
96;Экономический лицей РЭУ им. Г.В. Плеханова;Экономический лицей РЭУ имени Г.В. Плеханова;Вузовская;лицей;30;False;;ЦАО;Замоскворечье;Стремянный пер., д. 36;;25;32;64;;;;;;;;;;https://www.rea.ru/;"На сайте РЭУ указан адрес университета; фактические занятия — ул. Зацепа, 41 (официально не подтверждено)."
97;Школа «Солнечный ветер»;;Частная;школа;29;False;;Москва;—;Москва;;;;;20;;;нет;нет;;;;;;
98;Школа № 1317;;Городская;школа;28;False;III степени;ЗАО;Тропарёво-Никулино;;3;48;;;;;;;;;;;;;
99;Школа № 192;;Городская;школа;28;False;III степени;ЮЗАО;Гагаринский;;3;50;;;;;;;;;;;;;
100;Школа № 58;;Городская;школа;28;False;III степени;СЗАО;Строгино;;3;49;;;;;;;;;;;;;
101;Школа № 1231 им. В.Д. Поленова;;Городская;школа;27;False;III степени;ЦАО;Арбат;;3;;42;;;;;;;;;;;;
102;Школа № 1574;;Городская;школа;27;False;III степени;ЦАО;Тверской;;3;;40;;;;;;;;;;;;
103;Медицинский Сеченовский Предуниверсарий;Медицинский Сеченовский Предуниверсарий Первого МГМУ им. И.М. Сеченова;Вузовская;школа;25;False;;ЦАО;Хамовники;ул. Большая Пироговская, д. 2, стр. 2;;38;12;93;;;;;;;;;;https://www.sechenov.ru/;"Указан адрес корпуса по сайту вуза; адрес ул. Савельева, 5 встречается только в картах."
104;Школа № 1238;;Городская;школа;25;False;III степени;ЗАО;Ново-Переделкино;;3;;50;;;;;;;;;;;;
105;Марьинская школа № 1566;;Городская;школа;22;False;III степени;ЮВАО;Марьино;;3;;;;;;;;;;;;;;
106;Московская международная школа;;Городская;школа;22;False;III степени;ВАО;Перово;;3;;;;;;;;;;;;;;
107;Пансион воспитанниц Министерства обороны РФ;;Городская;школа;22;False;III степени;САО;Хорошёвский;;3;;;;;;;;;;;;;;
108;Школа «Глория»;;Городская;школа;22;False;III степени;СВАО;Бибирево;;3;;;;;;;;;;;;;;
109;Школа «Интеграл»;;Городская;школа;22;False;III степени;ЗАО;Филёвский Парк;;3;;;;;;;;;;;;;;
110;Школа «Свиблово»;;Городская;школа;22;False;III степени;СВАО;Свиблово;;3;;;;;;;;;;;;;;
111;Школа им. Артёма Боровика;;Городская;школа;22;False;III степени;ЮВАО;Марьино;;3;;;;;;;;;;;;;;
112;Школа на проспекте Вернадского;;Городская;школа;22;False;III степени;ЗАО;Тропарёво-Никулино;;3;;;;;;;;;;;;;;
113;Школа № 1018;;Городская;школа;22;False;III степени;ЗАО;Ново-Переделкино;;3;;;;;;;;;;;;;;
114;Школа № 1034 им. В.В. Маркина;;Городская;школа;22;False;III степени;ЮАО;Братеево;;3;;;;;;;;;;;;;;
115;Школа № 109;;Городская;школа;22;False;III степени;ЮЗАО;Тёплый Стан;;3;;;;;;;;;;;;;;
116;Школа № 1150 им. К.К. Рокоссовского;;Городская;школа;22;False;III степени;ЗелАО;Крюково;;3;;;;;;;;;;;;;;
117;Школа № 117;;Городская;школа;22;False;III степени;ЮЗАО;Ломоносовский;;3;;;;;;;;;;;;;;
118;Школа № 1195 им. П.И. Меренкова;;Городская;школа;22;False;III степени;ЗАО;Можайский;;3;;;;;;;;;;;;;;
119;Школа № 1208 им. М.С. Шумилова;;Городская;школа;22;False;III степени;ЮВАО;Кузьминки;;3;;;;;;;;;;;;;;
120;Школа № 1251 им. Шарля де Голля;;Городская;школа;22;False;III степени;САО;Сокол;;3;;;;;;;;;;;;;;
121;Школа № 1273;;Городская;школа;22;False;III степени;ЮЗАО;Коньково;;3;;;;;;;;;;;;;;
122;Школа № 1279 «Эврика»;;Городская;школа;22;False;III степени;ЮЗАО;Зюзино;;3;;;;;;;;;;;;;;
123;Школа № 1287;;Городская;школа;22;False;III степени;САО;Хорошёвский;;3;;;;;;;;;;;;;;
124;Школа № 1288 им. Н.В. Троян;;Городская;школа;22;False;III степени;САО;Хорошёвский;;3;;;;;;;;;;;;;;
125;Школа № 1293;;Городская;школа;22;False;III степени;ЗАО;Кунцево;;3;;;;;;;;;;;;;;
126;Школа № 1347;;Городская;школа;22;False;III степени;ЗАО;Солнцево;;3;;;;;;;;;;;;;;
127;Школа № 1353 им. Д.Ф. Алексеева;;Городская;школа;22;False;III степени;ЗелАО;Матушкино;;3;;;;;;;;;;;;;;
128;Школа № 1354 «Вектор»;;Городская;школа;22;False;III степени;ЮЗАО;Южное Бутово;;3;;;;;;;;;;;;;;
129;Школа № 1358;;Городская;школа;22;False;III степени;СЗАО;Митино;;3;;;;;;;;;;;;;;
130;Школа № 1359 им. М.Л. Миля;;Городская;школа;22;False;III степени;ЮВАО;Выхино-Жулебино;;3;;;;;;;;;;;;;;
131;Школа № 1362;;Городская;школа;22;False;III степени;ВАО;Соколиная Гора;;3;;;;;;;;;;;;;;
132;Школа № 1367;;Городская;школа;22;False;III степени;ЮВАО;Рязанский;;3;;;;;;;;;;;;;;
133;Школа № 1371 «Крылатское»;;Городская;школа;22;False;III степени;ЗАО;Крылатское;;3;;;;;;;;;;;;;;
134;Школа № 1391;;Городская;школа;22;False;III степени;ТАО;Бекасово;;3;;;;;;;;;;;;;;
135;Школа № 1400;;Городская;школа;22;False;III степени;ЗАО;Можайский;;3;;;;;;;;;;;;;;
136;Школа № 1411;;Городская;школа;22;False;III степени;СВАО;Отрадное;;3;;;;;;;;;;;;;;
137;Школа № 1420;;Городская;школа;22;False;III степени;ЮВАО;Выхино-Жулебино;;3;;;;;;;;;;;;;;
138;Школа № 1440;;Городская;школа;22;False;III степени;ЗАО;Крылатское;;3;;;;;;;;;;;;;;
139;Школа № 1449 им. М.В. Водопьянова;;Городская;школа;22;False;III степени;СВАО;Лианозово;;3;;;;;;;;;;;;;;
140;Школа № 1454 «Тимирязевская»;;Городская;школа;22;False;III степени;САО;Тимирязевский;;3;;;;;;;;;;;;;;
141;Школа № 1505 «Преображенская»;;Городская;школа;22;False;III степени;ВАО;Преображенское;;3;;;;;;;;;;;;;;
142;Школа № 1506;;Городская;школа;22;False;III степени;СВАО;Северное Медведково;;3;;;;;;;;;;;;;;
143;Школа № 1512 им. Алии Молдагуловой;;Городская;школа;22;False;III степени;ВАО;Вешняки;;3;;;;;;;;;;;;;;
144;Школа № 1532;;Городская;школа;22;False;III степени;ЮЗАО;Тёплый Стан;;3;;;;;;;;;;;;;;
145;Школа № 1537 «Информационные технологии»;;Городская;школа;22;False;III степени;СВАО;Ярославский;;3;;;;;;;;;;;;;;
146;Школа № 1541;;Городская;школа;22;False;III степени;ЗАО;Проспект Вернадского;;3;;;;;;;;;;;;;;
147;Школа № 1554;;Городская;школа;22;False;III степени;СВАО;Отрадное;;3;;;;;;;;;;;;;;
148;Школа № 1560 «Лидер»;;Городская;школа;22;False;III степени;СЗАО;Хорошёво-Мнёвники;;3;;;;;;;;;;;;;;
149;Школа № 1561;;Городская;школа;22;False;III степени;ЮЗАО;Ясенево;;3;;;;;;;;;;;;;;
150;Школа № 1564 им. А.П. Белобородова;;Городская;школа;22;False;III степени;СЗАО;Митино;;3;;;;;;;;;;;;;;
151;Школа № 1569 «Созвездие»;;Городская;школа;22;False;III степени;ЮАО;Зябликово;;3;;;;;;;;;;;;;;
152;Школа № 1570;;Городская;школа;22;False;III степени;САО;Беговой;;3;;;;;;;;;;;;;;
153;Школа № 1573;;Городская;школа;22;False;III степени;СВАО;Лианозово;;3;;;;;;;;;;;;;;
154;Школа № 1579;;Городская;школа;22;False;III степени;ЮАО;Москворечье-Сабурово;;3;;;;;;;;;;;;;;
155;Школа № 1584;;Городская;школа;22;False;III степени;ЗАО;Кунцево;;3;;;;;;;;;;;;;;
156;Школа № 1591;;Городская;школа;22;False;III степени;ВАО;Новокосино;;3;;;;;;;;;;;;;;
157;Школа № 17;;Городская;школа;22;False;III степени;ЮЗАО;Коньково;;3;;;;;;;;;;;;;;
158;Школа № 1747 им. Д.М. Румянцева;;Городская;школа;22;False;III степени;СЗАО;Митино;;3;;;;;;;;;;;;;;
159;Школа № 1788;;Городская;школа;22;False;III степени;НАО;Внуково;;3;;;;;;;;;;;;;;
160;Школа № 1793 им. А.К. Новикова;;Городская;школа;22;False;III степени;ЮВАО;Выхино-Жулебино;;3;;;;;;;;;;;;;;
161;Школа № 1883 «Бутово»;;Городская;школа;22;False;III степени;ЮЗАО;Южное Бутово;;3;;;;;;;;;;;;;;
162;Школа № 1944;;Городская;школа;22;False;III степени;СЗАО;Митино;;3;;;;;;;;;;;;;;
163;Школа № 1955;;Городская;школа;22;False;III степени;СВАО;Лосиноостровский;;3;;;;;;;;;;;;;;
164;Школа № 2005;;Городская;школа;22;False;III степени;СЗАО;Куркино;;3;;;;;;;;;;;;;;
165;Школа № 2006;;Городская;школа;22;False;III степени;ЮЗАО;Северное Бутово;;3;;;;;;;;;;;;;;
166;Школа № 2009;;Городская;школа;22;False;III степени;ЮЗАО;Южное Бутово;;3;;;;;;;;;;;;;;
167;Школа № 2010 им. М.П. Судакова;;Городская;школа;22;False;III степени;ЮВАО;Люблино;;3;;;;;;;;;;;;;;
168;Школа № 2025;;Городская;школа;22;False;III степени;ЗАО;Очаково-Матвеевское;;3;;;;;;;;;;;;;;
169;Школа № 2031;;Городская;школа;22;False;III степени;ВАО;Косино-Ухтомский;;3;;;;;;;;;;;;;;
170;Школа № 2033;;Городская;школа;22;False;III степени;ВАО;Северное Измайлово;;3;;;;;;;;;;;;;;
171;Школа № 2044 им. А.М. Серебрякова;;Городская;школа;22;False;III степени;СВАО;Северный;;3;;;;;;;;;;;;;;В источнике возможна опечатка в поле района (САО вместо СВАО).
172;Школа № 2045 им. Д.А. Разумовского;;Городская;школа;22;False;III степени;ЗелАО;Крюково;;3;;;;;;;;;;;;;;
173;Школа № 2051;;Городская;школа;22;False;III степени;ЮВАО;Некрасовка;;3;;;;;;;;;;;;;;
174;Школа № 2072;;Городская;школа;22;False;III степени;ВАО;Новогиреево;;3;;;;;;;;;;;;;;
175;Школа № 2087 «Открытие»;;Городская;школа;22;False;III степени;ЮВАО;Марьино;;3;;;;;;;;;;;;;;
176;Школа № 2097;;Городская;школа;22;False;III степени;СЗАО;Южное Тушино;;3;;;;;;;;;;;;;;
177;Школа № 2117;;Городская;школа;22;False;III степени;НАО;Щербинка;;3;;;;;;;;;;;;;;
178;Школа № 41 им. Г.А. Тарана;;Городская;школа;22;False;III степени;НАО;Внуково;;3;;;;;;;;;;;;;;
179;Школа № 625;;Городская;школа;22;False;III степени;ЮЗАО;Академический;;3;;;;;;;;;;;;;;
180;Школа № 627 им. Д.Д. Лелюшенко;;Городская;школа;22;False;III степени;ЦАО;Замоскворечье;;3;;;;;;;;;;;;;;
181;Школа № 641 им. Сергея Есенина;;Городская;школа;22;False;III степени;ЮВАО;Кузьминки;;3;;;;;;;;;;;;;;
182;Школа № 654 им. А.Д. Фридмана;;Городская;школа;22;False;III степени;ЮВАО;Текстильщики;;3;;;;;;;;;;;;;;
183;Школа № 667 им. К.Я. Самсонова;;Городская;школа;22;False;III степени;ЮАО;Бирюлёво Западное;;3;;;;;;;;;;;;;;
184;Школа № 7;;Городская;школа;22;False;III степени;ЮЗАО;Ломоносовский;;3;;;;;;;;;;;;;;
185;Школа № 777 им. Е.В. Михайлова;;Городская;школа;22;False;III степени;ЮВАО;Рязанский;;3;;;;;;;;;;;;;;
186;Школа № 814;;Городская;школа;22;False;III степени;ЗАО;Очаково-Матвеевское;;3;;;;;;;;;;;;;;
187;Школа № 827;;Городская;школа;22;False;III степени;СЗАО;Северное Тушино;;3;;;;;;;;;;;;;;
188;Школа № 853;;Городская;школа;22;False;III степени;ЗелАО;Старое Крюково;;3;;;;;;;;;;;;;;
189;Школа № 947;;Городская;школа;22;False;III степени;ЮАО;Бирюлёво Восточное;;3;;;;;;;;;;;;;;
190;Международная гимназия «Сколково»;;Частная;гимназия;20;False;;ЗАО;Можайский;ул. Зворыкина, д. 4;;28;;73;;;1643000;нет;да;;;международная гимназия ИЦ «Сколково», билингвальность;;https://sk.ru/;
191;Новая школа;;Частная;школа;19;False;;ЗАО;Раменки;Мосфильмовская ул., д. 88, стр. 5;;37;;92;;средняя;1070000-1420000;нет;нет;;;без звонков и формы, тьюторство с 5 кл., ИУП, экспедиции;;https://n.school/;
192;Школа «Столица-КИТ»;;Частная;школа;18;False;;Москва;—;Москва;;;;;30;;;нет;нет;;;;;;
193;Школа права и экономики;;Городская;школа;18;False;;;;;;31;;79;;;;;;;;;;;
194;Предуниверситарий МГЛУ;Предуниверситарий МГЛУ;Вузовская;школа;16;False;;ЦАО;Хамовники;ул. Остоженка, д. 36;;34;;88;;;;;;;;;;https://linguanet.ru/;
195;Школа № 1306 — «Школа молодых политиков»;ГАОУ города Москвы «Школа № 1306 — Школа молодых политиков»;Городская;школа;15;False;;ЗАО;Раменки;Мичуринский пр-т, д. 15, корп. 2;;35;;89;;;;;;;;;;https://gymg1306.mskobr.ru/;
196;Вешняковская школа;;Городская;школа;14;False;IV степени;ВАО;Вешняки;;4;;;;;;;;;;;;;;
197;Гимназия города Троицка;;Городская;гимназия;14;False;IV степени;ТАО;Троицк;;4;;;;;;;;;;;;;;
198;Гимназия им. Н.В. Пушкова;;Городская;гимназия;14;False;IV степени;ТАО;Троицк;;4;;;;;;;;;;;;;;
199;Измайловская школа № 1508;;Городская;школа;14;False;IV степени;ВАО;Измайлово;;4;;;;;;;;;;;;;;
200;Инженерно-техническая школа им. П.Р. Поповича;;Городская;школа;14;False;IV степени;САО;Аэропорт;;4;;;;;;;;;;;;;;
201;Лицей Президентской академии РАНХиГС;Лицей Президентской академии РАНХиГС;Вузовская;лицей;14;False;;ЗАО;Тропарёво-Никулино;пр-т Вернадского, д. 98;;36;;91;;;;;;;;;;https://ranepa-lyceum.ru/;
202;Лицей города Троицка;;Городская;лицей;14;False;IV степени;ТАО;Троицк;;4;;;;;;;;;;;;;;
203;Пушкинская школа № 1500;;Городская;школа;14;False;IV степени;ЦАО;Красносельский;;4;;;;;;;;;;;;;;
204;Школа «Технологии обучения»;;Городская;школа;14;False;IV степени;ЗАО;Дорогомилово;;4;;;;;;;;;;;;;;
205;Школа в Некрасовке;;Городская;школа;14;False;IV степени;ЮВАО;Некрасовка;;4;;;;;;;;;;;;;;
206;Школа им. В.В. Маяковского;;Городская;школа;14;False;IV степени;ЮВАО;Южнопортовый;;4;;;;;;;;;;;;;;
207;Школа № 1000;;Городская;школа;14;False;IV степени;ЗАО;Солнцево;;4;;;;;;;;;;;;;;
208;Школа № 1080;;Городская;школа;14;False;IV степени;ВАО;Преображенское;;4;;;;;;;;;;;;;;
209;Школа № 1191;;Городская;школа;14;False;IV степени;СЗАО;Митино;;4;;;;;;;;;;;;;;
210;Школа № 1245;;Городская;школа;14;False;IV степени;ЮАО;Чертаново Южное;;4;;;;;;;;;;;;;;
211;Школа № 1286;;Городская;школа;14;False;IV степени;СЗАО;Северное Тушино;;4;;;;;;;;;;;;;;
212;Школа № 1296;;Городская;школа;14;False;IV степени;САО;Восточное Дегунино;;4;;;;;;;;;;;;;;
213;Школа № 1324;;Городская;школа;14;False;IV степени;ВАО;Новогиреево;;4;;;;;;;;;;;;;;
214;Школа № 1375;;Городская;школа;14;False;IV степени;ЮАО;Нагатино-Садовники;;4;;;;;;;;;;;;;;
215;Школа № 1450 «Олимп»;;Городская;школа;14;False;IV степени;ЮАО;Нагорный;;4;;;;;;;;;;;;;;
216;Школа № 1466 им. Н. Рушевой;;Городская;школа;14;False;IV степени;ЮАО;Царицыно;;4;;;;;;;;;;;;;;
217;Школа № 1494;;Городская;школа;14;False;IV степени;СВАО;Марфино;;4;;;;;;;;;;;;;;
218;Школа № 1528 им. И.В. Панфилова;;Городская;школа;14;False;IV степени;ЗелАО;Старое Крюково;;4;;;;;;;;;;;;;;
219;Школа № 1539;;Городская;школа;14;False;IV степени;СВАО;Алексеевский;;4;;;;;;;;;;;;;;
220;Школа № 1552;;Городская;школа;14;False;IV степени;ЮАО;Зябликово;;4;;;;;;;;;;;;;;
221;Школа № 1553 им. В.И. Вернадского;;Городская;школа;14;False;IV степени;ЮАО;Даниловский;;4;;;;;;;;;;;;;;
222;Школа № 158;;Городская;школа;14;False;IV степени;САО;Левобережный;;4;;;;;;;;;;;;;;
223;Школа № 1583 им. К.А. Керимова;;Городская;школа;14;False;IV степени;САО;Головинский;;4;;;;;;;;;;;;;;
224;Школа № 1636 «НИКА»;;Городская;школа;14;False;IV степени;ЮАО;Орехово-Борисово Южное;;4;;;;;;;;;;;;;;
225;Школа № 1797 «Богородская»;;Городская;школа;14;False;IV степени;ВАО;Богородское;;4;;;;;;;;;;;;;;
226;Школа № 1799;;Городская;школа;14;False;IV степени;ЦАО;Якиманка;;4;;;;;;;;;;;;;;
227;Школа № 185 им. В.С. Гризодубовой;;Городская;школа;14;False;IV степени;САО;Коптево;;4;;;;;;;;;;;;;;
228;Школа № 1861 «Загорье»;;Городская;школа;14;False;IV степени;ЮАО;Бирюлёво Восточное;;4;;;;;;;;;;;;;;
229;Школа № 1900;;Городская;школа;14;False;IV степени;СЗАО;Митино;;4;;;;;;;;;;;;;;
230;Школа № 1948 «Лингвист-М»;;Городская;школа;14;False;IV степени;ЮЗАО;Черёмушки;;4;;;;;;;;;;;;;;
231;Школа № 1950;;Городская;школа;14;False;IV степени;ЦАО;Пресненский;;4;;;;;;;;;;;;;;
232;Школа № 199;;Городская;школа;14;False;IV степени;ЮЗАО;Академический;;4;;;;;;;;;;;;;;
233;Школа № 2065;;Городская;школа;14;False;IV степени;НАО;Филимонковский;;4;;;;;;;;;;;;;;
234;Школа № 2101;;Городская;школа;14;False;IV степени;ЗАО;Фили-Давыдково;;4;;;;;;;;;;;;;;
235;Школа № 2200;;Городская;школа;14;False;IV степени;ВАО;Северное Измайлово;;4;;;;;;;;;;;;;;
236;Школа № 507;;Городская;школа;14;False;IV степени;ЮАО;Нагатино-Садовники;;4;;;;;;;;;;;;;;
237;Школа № 544;;Городская;школа;14;False;IV степени;ЮАО;Орехово-Борисово Южное;;4;;;;;;;;;;;;;;
238;Школа № 547;;Городская;школа;14;False;IV степени;НАО;Коммунарка;;4;;;;;;;;;;;;;;
239;Школа № 597 «Новое поколение»;;Городская;школа;14;False;IV степени;САО;Ховрино;;4;;;;;;;;;;;;;;
240;Школа № 709 им. В.И. Долгих;;Городская;школа;14;False;IV степени;СВАО;Лосиноостровский;;4;;;;;;;;;;;;;;В источнике возможна опечатка в поле района (САО вместо СВАО).
241;Школа № 727;;Городская;школа;14;False;IV степени;СЗАО;Покровское-Стрешнево;;4;;;;;;;;;;;;;;
242;Школа № 771;;Городская;школа;14;False;IV степени;САО;Дмитровский;;4;;;;;;;;;;;;;;
243;Школа № 887;;Городская;школа;14;False;IV степени;ЗАО;Кунцево;;4;;;;;;;;;;;;;;
244;Школа № 924;;Городская;школа;14;False;IV степени;ЮАО;Чертаново Южное;;4;;;;;;;;;;;;;;
245;Средняя школа «Знайка»;;Городская;школа;11;False;;;;;;;16;;;;;;;;;;;;
246;Школа сотрудничества;;Городская;школа;10;False;;;;;;42;;;;;;;;;;;;;
247;Школа Газпромбанка;;Городская;школа;9;False;;;;;;43;;;;;;;;;;;;;
248;Brookes Moscow;;Частная;школа;8;False;;СВАО;Свиблово;Лазоревый пр-д, д. 7;;;;;;высокая;2160000-2656000;нет;да;;;полный цикл IB (PYP + MYP + DP), IB World Continuum School;;https://www.brookesmoscow.ru/;
249;Cambridge International School (CIS);;Частная;школа;8;False;;САО;Левобережный;"ул. Фестивальная, д. 7А; кампусы Сколково (пос. Заречье) и Горки";;;;;;высокая;3400000;нет;да;;;британская программа + российский аттестат, IGCSE / A-Level;;https://cis.ru/;
250;Британская международная школа (BIS);;Частная;школа;8;False;;Москва;—;6 зданий в Москве;;;;;;высокая;3700000;нет;да;;;английский с 2 лет, A-Level, двойной аттестат;;https://bismoscow.com/;
251;Международная школа Москвы (ISM);;Частная;школа;8;False;;ЗАО;Крылатское;"Крылатская ул., д. 12; кампус «Росинка», Красногорский р-н";;;;;;высокая;;нет;да;;;британская программа, IGCSE + A-Level, STEAM-партнёрство с MIT, 2–18 лет;;https://www.nordangliaeducation.com/ism-moscow;
252;Школа «Президент»;;Частная;школа;8;False;;МО;Одинцовский г.о.;д. Жуковка, Ильинский подъезд, д. 2, стр. 1;;;;;;высокая;1944000-2403000;нет;да;;;билингвальная среда, IB, бассейн 25 м, скидки за 2-го ребёнка;;https://school-president.ru/;
253;Школа № 315;;Городская;школа;8;False;;;;;;46;;;;;;;;;;;;;
254;Шуваловская школа № 1448;;Городская;школа;6;False;;;;;;;38;;;;;;;;;;;;
255;Heritage School;;Частная;школа;5;False;;ВАО;Сокольники;"кампус Сокольники; кампус «Ленинский»";;;;;;да;1520000-2470000;нет;да;;;британская + российская программы, подготовка в вузы UK/US/EU;;https://heritageschool.ru/;
256;Wunderpark International School;;Частная;школа;5;False;;МО;Истринский г.о.;д. Борзые, ул. Невская, д. 100А (23-й км Новорижского ш.);;;;;;да;1620000;нет;да;;;билингвальный комплекс, Edutainment, обучение на природе;;https://wunderpark.ru/;
257;Европейская гимназия;;Частная;гимназия;5;False;;ВАО;Сокольники;ул. Сокольнический Вал, д. 28;;;;;;средняя;855000-1170000;нет;да;;;две траектории: ФГОС/ЕГЭ и IB DP, работает с 1992 г.;;https://www.eurogym.ru/;
258;Инновационная школа «Сколка»;;Частная;школа;5;False;;ЗАО;Можайский;Большой б-р, д. 37 (ИЦ «Сколково»);;;;;;да;;нет;нет;;;школа при ИЦ «Сколково», проектный и предпринимательский подход;;https://skolca.ru/;
259;Ломоносовская школа-пансион № 5;;Частная;школа;5;False;;МО;Одинцовский г.о.;"ул. Советская, д. 50Б (Рублёвка); пансион — д. Тельманское";;;;;;да;1935000;да;нет;;;пансион 5- и 7-дневный, языковой уклон;;https://lomon.ru/;
260;Школа № 1520 имени Капцовых;;Городская;школа;3;False;;;;;;;48;;;;;;;;;;;;
261;Школа № 2054;;Городская;школа;3;False;;;;;;;49;;;;;;;;;;;;
262;Russian International School (RIS);;Частная;школа;0;False;;МО;Одинцовский г.о.;пос. Барвиха;;;;;;;2500000;нет;нет;;;двойной аттестат (российский + британский), помесячные модули;;https://rischool.ru/;
263;МГФСО;;Спортивная;школа;0;False;;ЦАО;Красносельский;Милютинский пер., д. 16, стр. 3 + объекты по всем округам;;;;;;;;нет;;нет;объединение спортшкол;40+ видов: гимнастика, плавание, прыжки в воду, водное поло, бокс, лёгкая атлетика, борьба, фехтование, велоспорт;;https://mgfso.mossport.ru/;
264;МКСШ «Зеленоград»;;Спортивная;школа;0;False;;ЗелАО;Крюково;г. Зеленоград, Озёрная аллея, д. 6;;;;;;;;нет;;нет;спортшкола (без статуса ОР);17 видов: волейбол, дзюдо, самбо, тхэквондо, футбол, гимнастика, плавание, лыжные гонки, теннис;;https://zelenograd.mossport.ru/;
265;МКСШОР «Восток»;;Спортивная;школа;0;False;;ЮВАО;Лефортово;Дворец борьбы им. И. Ярыгина, Авиамоторная ул., д. 40 + СК «Есенинский», «Курьяново», «Восточный»;;;;;;;;нет;;нет;СШОР;35+ видов: борьба, самбо, тхэквондо, бокс, дзюдо, шахматы, плавание, лёгкая атлетика, бейсбол;;https://vostok.mossport.ru/;
266;МКСШОР «Запад»;;Спортивная;школа;0;False;;ЗАО;Филёвский Парк;Большая Филёвская ул., д. 6 + 17 объектов;;;;;;;;нет;;нет;СШОР;бокс, водное поло, дзюдо, лёгкая атлетика, мотоспорт, плавание, самбо, стрельба из лука, фигурное катание, футбол;;https://zapad.mossport.ru/;
267;МКСШОР «Новая Москва»;;Спортивная;школа;0;False;;НАО;Щербинка;объекты в Щербинке и Троицке, 19 спортобъектов;;;;;;;;нет;;нет;СШОР;27+ видов: волейбол, футбол, бокс, плавание, фигурное катание, хоккей, баскетбол, гимнастика;;https://newmoscow.mossport.ru/;
268;МКСШОР «Север»;;Спортивная;школа;0;False;;САО;Савёловский;Вятская ул., д. 28 + 30 объектов;;;;;;;;нет;;нет;СШОР;18 видов: бокс, дзюдо, каратэ, лёгкая атлетика, плавание, самбо, гимнастика, фехтование, шахматы, пятиборье;;https://sever.mossport.ru/;
269;МКСШОР «Юг»;;Спортивная;школа;0;False;;ЮАО;Донской;Хавская ул., д. 24, корп. 2 + 14 комплексов;;;;;;;;нет;;нет;СШОР;бейсбол, бокс, водное поло, дзюдо, каратэ, плавание, прыжки на батуте, самбо, тхэквондо, футбол;;https://yug.mossport.ru/;
270;Московская академия зимних видов спорта;;Спортивная;школа;0;False;;ЦАО;Таганский;Новорогожская ул., д. 25, стр. 4 + 8 комплексов;;;;;;;;нет;;нет;академия по виду спорта;бобслей и скелетон, кёрлинг, санный спорт, шорт-трек;;https://mwsa.mossport.ru/;
271;Московская академия плавания;;Спортивная;школа;0;False;;Москва;—;31 бассейн по всем округам;;;;;;;;нет;;нет;академия по виду спорта;плавание;;https://msa.mossport.ru/;
272;Московская академия современного пятиборья;;Спортивная;школа;0;False;;СВАО;Северный;9-я Северная линия, д. 1Б;;;;;;;;нет;;нет;академия по виду спорта;современное пятиборье, стрельба из лука, плавание, фехтование, триатлон;;https://mamp.mossport.ru/;
273;Московская академия фигурного катания на коньках;;Спортивная;школа;0;False;;ЮЗАО;Ясенево;"Новоясеневский пр-т, д. 26 (Центр Этери Тутберидзе); ЛД «Хрустальный», Профсоюзная ул., д. 97, корп. 1";;;;;;;;нет;;нет;академия по виду спорта;фигурное катание;;https://mmpa.mossport.ru/;
274;Московская академия хоккея;;Спортивная;школа;0;False;;ЮАО;Зябликово;Ореховый б-р, д. 18, корп. 2 + 15 спортшкол;;;;;;;;нет;;нет;академия по виду спорта;хоккей (муж./жен.), хоккей с мячом, следж-хоккей;;https://mha.mossport.ru/;
275;Московская баскетбольная академия;;Спортивная;школа;0;False;;ЮАО;Донской;Загородное ш., д. 2А + 10 подразделений;;;;;;;;нет;;нет;академия по виду спорта;баскетбол;;https://mba.mossport.ru/;
276;Московская теннисная академия;;Спортивная;школа;0;False;;ЗАО;Проспект Вернадского;"ул. Удальцова, д. 54; Чоботовская ул., д. 4, корп. 1";;;;;;;;нет;;нет;академия по виду спорта;теннис, ОФП;;https://mta.mossport.ru/;
277;Московская футбольная академия;;Спортивная;школа;0;False;;ЦАО;Красносельский;Верхняя Красносельская ул., д. 7А;;;;;;;;нет;;нет;академия по виду спорта;футбол: большой, женский, мини-футбол, пляжный;;https://mfa.mossport.ru/;
278;Московский центр боевых искусств;;Спортивная;школа;0;False;;ЮАО;Чертаново Центральное;Варшавское ш., д. 118, корп. 1;;;;;;;;нет;;нет;спортшкола;тхэквондо, дзюдо, каратэ, бокс, самбо, ММА, джиу-джитсу, рукопашный бой, капоэйра;;https://mcbi.mossport.ru/;
279;Московское училище олимпийского резерва (МУОР);;Спортивная;школа;0;False;;ЗАО;Фили-Давыдково;"Малая Филёвская ул., д. 34, корп. 2 + 16-я Парковая, 17; Ткацкая, 24 и 27";;;;;;;;нет;;нет;училище (СПО, после 9 класса);25+ видов: бокс, велоспорт, волейбол, гандбол, дзюдо, лёгкая атлетика, плавание, гимнастика, теннис, фехтование, футбол;;https://muor.mossport.ru/;
280;СШОР «Москвич»;;Спортивная;школа;0;False;;ЮВАО;Текстильщики;Волгоградский пр-т, д. 46/15, стр. 3;;;;;;;;нет;;нет;СШОР;бейсбол, софтбол, футбол, лёгкая атлетика, стрельба, плавание, бильярд, паралимпийские дисциплины;;https://moskvich.mossport.ru/;
281;Спортивный интернат «Чертаново»;;Спортивная;школа;0;False;;ЮАО;Чертаново Центральное;Чертановская ул., д. 7, корп. 3 + площадки Борисовские Пруды, Капотня;;;;;;;;да;;да;школа со спортуклоном;футбол (профиль), спортивная борьба, фитнес;;https://chertanovo.mossport.ru/;
282;ФСО «Юность Москвы»;;Спортивная;школа;0;False;;САО;Беговой;Ленинградский пр-т, д. 31А, стр. 1 + 109 спортобъектов;;;;;;;;нет;;нет;объединение спортшкол;24 олимпийских + 7 неолимпийских + 4 адаптивных вида, 35 спортшкол в составе;;https://yum.mossport.ru/;
283;ЦОиС «Москва-98»;;Спортивная;школа;0;False;;ЗАО;Проспект Вернадского;ул. Удальцова, д. 40 + ул. Лобачевского, д. 92;;;;;;;;нет;;да;школа со спортуклоном;волейбол, плавание, синхронное плавание, спортивная борьба, художественная гимнастика;;https://moscow98.mossport.ru/;
284;ЦСиО «МЭШ» (Московская экспериментальная школа);;Спортивная;школа;0;False;;ЮЗАО;Зюзино;Херсонская ул., д. 30, корп. 2, стр. 1;;;;;;;;нет;;да;школа со спортуклоном;ушу, каратэ, эстетическая гимнастика, ОФП;;https://mesh.mossport.ru/;
285;ЦСиО «Самбо-70»;;Спортивная;школа;0;False;;ЮЗАО;Коньково;ул. Академика Виноградова, д. 4Б + отделения Шаболовка, Гагаринский, Ясенево, Севастопольский;;;;;;;;нет;;да;школа со спортуклоном;самбо, дзюдо, киокусинкай, сумо, художественная гимнастика, спортивные танцы, плавание, футбол;;https://sambo70.mossport.ru/;
286;Центр образования и спорта «Локомотив»;;Спортивная;школа;0;False;;ВАО;Богородское;район Большая Черкизовская (адрес требует подтверждения);;;;;;;;нет;;да;школа со спортуклоном;футбол (при ФК «Локомотив»);;https://fclm.mskobr.ru/;
287;Школа «Наследник»;;Частная;школа;0;False;;Москва;—;несколько кампусов в Москве;;;;;;;1620000;нет;нет;;;английский с носителями до C1, 1–11 кл.;;https://nasledniki.ru/;
