rank;name;official_name;category;kind;index;marked;grant;okrug;district;address;donm_group;raex_msk_compete;raex_msk_scale;raex_rf;raex_private;forbes;price;boarding;preschool;gen_edu;sport_type;features;buildings;site;note;lat;lon;geo_precision;geo_source
1;Лицей «Вторая школа» им. В.Ф. Овчинникова;ГБОУ города Москвы «Лицей «Вторая школа» имени В.Ф. Овчинникова»;Городская;лицей;96;True;I степени;ЮЗАО;Гагаринский;ул. Фотиевой, д. 18;1;2;14;5;;;;;;;;;1;https://lycuz2.mskobr.ru/;;55.69781;37.55636;дом;OpenStreetMap / Nominatim, 21.09.2026
2;Бауманская инженерная школа № 1580;ГБОУ города Москвы «Бауманская инженерная школа № 1580»;Городская;школа;93;True;I степени;ЮЗАО;Зюзино;Балаклавский пр-т, д. 6А;1;10;3;20;;;;;;;;;;https://lycu1580.mskobr.ru/;;55.64161;37.61263;дом;OpenStreetMap / Nominatim, 21.09.2026
3;Пятьдесят седьмая школа;ГБОУ города Москвы «Пятьдесят седьмая школа»;Городская;школа;92;True;I степени;ЦАО;Хамовники;Малый Знаменский пер., д. 7/10, стр. 5;1;9;10;17;;;;;;;;;3;https://57.mskobr.ru/;;55.74856;37.60514;дом;OpenStreetMap / Nominatim, 21.09.2026
4;Школа № 179;ГБОУ города Москвы «Школа № 179»;Городская;школа;92;True;I степени;ЦАО;Тверской;ул. Большая Дмитровка, д. 5/6, стр. 7;1;4;23;7;;;;;;;;;;https://schc179.mskobr.ru/;;55.76033;37.61491;дом;OpenStreetMap / Nominatim, 21.09.2026
5;Школа № 1535;ГБОУ города Москвы «Школа № 1535»;Городская;школа;91;True;I степени;ЦАО;Хамовники;ул. Усачёва, д. 50;1;12;5;30;;;;;;;;;1;https://lyc1535.mskobr.ru/;;55.72605;37.56527;дом;OpenStreetMap / Nominatim, 21.09.2026
6;Лицей НИУ ВШЭ;Лицей НИУ «Высшая школа экономики»;Вузовская;лицей;90;True;I степени;ЦАО;Красносельский;Большой Харитоньевский пер., д. 4;1;14;2;32;;;;;;;;;4;https://school.hse.ru/;"4 равнозначных здания; матем./ИТ/инженерное направление — Солянка, 14А.";55.76364;37.64392;дом;OpenStreetMap / Nominatim, 21.09.2026
7;Школа Центра педагогического мастерства (ЦПМ);АНО «Общеобразовательная школа Центра педагогического мастерства»;Частная;школа;90;True;II степени;ЦАО;Мещанский;Олимпийский пр-т, д. 11, корп. 1 + площадки Марьина Роща, Курская;2;6;1;12;;да;640000-730000;нет;нет;;;олимпиадная подготовка, 5–11 кл., профили, онлайн-формат;3;https://школа-цпм.рф/;;55.79054;37.62240;улица;OpenStreetMap / Nominatim, 21.09.2026
8;Школа № 2007 ФМШ;ГБОУ города Москвы «Школа № 2007 ФМШ»;Городская;школа;89;True;I степени;ЮЗАО;Южное Бутово;ул. Горчакова, д. 9, корп. 1;1;5;34;11;;;;;;;;;;https://schuuz2007.mskobr.ru/;;55.54475;37.53277;дом;OpenStreetMap / Nominatim, 21.09.2026
9;Школа «Летово»;ОАНО «Школа «ЛЕТОВО»;Частная;школа;88;True;I степени;НАО;поселение Сосенское;пос. Сосенское, Зимёнковская ул., д. 3;1;16;36;42;;высокая;3500000-4000000;да;нет;;;IB DP, 7–11 кл., кампус 60 га, need-blind приём, 80% стипендиатов;;https://letovo.ru/;;55.55741;37.42228;дом;OpenStreetMap / Nominatim, 21.09.2026
10;Предуниверситарий МИФИ;Предуниверситарий НИЯУ МИФИ;Вузовская;школа;81;True;II степени;ЮАО;Москворечье-Сабурово;Каширское ш., д. 31;2;11;4;26;;;;;;;;;2;https://mephi.ru/;;55.65045;37.66580;дом;OpenStreetMap / Nominatim, 21.09.2026
11;Школа № 1568 им. Пабло Неруды;ГБОУ города Москвы «Школа № 1568 имени Пабло Неруды»;Городская;школа;81;True;I степени;СВАО;Южное Медведково;пр-д Шокальского, д. 7, корп. 2;1;17;31;44;;;;;;;;;;https://lyc1568.mskobr.ru/;;55.87454;37.64288;дом;OpenStreetMap / Nominatim, 21.09.2026
12;Школа № 1514;ГБОУ города Москвы «Школа № 1514»;Городская;школа;80;True;I степени;ЗАО;Раменки;ул. Крупской, д. 12;1;26;9;65;;;;;;;;;;https://gym1514uz.mskobr.ru/;;55.68511;37.52700;дом;OpenStreetMap / Nominatim, 21.09.2026
13;Ломоносовская школа;;Частная;школа;77;True;;ЗАО;Очаково-Матвеевское;Аминьевское ш., д. 18, корп. 4;;24;;62;2;да;1935000;нет;да;;;технология «ИнтеллекТ», углублённые языки, сад с 3 лет;;https://lomon.ru/;;55.71443;37.45594;дом;OpenStreetMap / Nominatim, 21.09.2026
14;Школа № 1502 «Энергия»;ГБОУ города Москвы «Школа № 1502 «Энергия»;Городская;школа;77;True;I степени;ВАО;Новогиреево;ул. Молостовых, д. 10А;1;29;8;76;;;;;;;;;9;https://1502.mskobr.ru/;;55.76070;37.83049;дом;OpenStreetMap / Nominatim, 21.09.2026
15;СУНЦ МГУ (школа-интернат им. А.Н. Колмогорова);СУНЦ МГУ — школа-интернат имени А.Н. Колмогорова;Вузовская;школа;76;True;III степени;ЗАО;Фили-Давыдково;Кременчугская ул., д. 11;3;1;6;2;;;;;;;;;;https://internat.msu.ru/;"В списке ДОНМ фигурирует дважды под разными названиями (Раменки); официальный адрес — Кременчугская, 11 (Фили-Давыдково).";55.71928;37.46443;дом;OpenStreetMap / Nominatim, 21.09.2026
16;Классический пансион МГУ;Классический пансион МГУ имени М.В. Ломоносова;Частная;школа;74;True;;ЗАО;Очаково-Матвеевское;ул. Лобачевского, д. 118, корп. 3;;18;;47;4;;850000-1950000;да;нет;;;круглосуточный пансион, 1–11 кл., подготовка к МГУ;;https://pansionmsu.ru/;;55.69415;37.47161;дом;OpenStreetMap / Nominatim, 21.09.2026
17;Лицей «Воробьёвы горы»;ГБПОУ «Воробьёвы горы», отделение общего образования;Городская;лицей;69;True;II степени;ЮАО;Донской;Донская ул., д. 37;2;15;41;37;;;;;;;;;;https://vg.mskobr.ru/;"Отделение общего образования — Донская, 37; юрлицо зарегистрировано на ул. Косыгина, 17.";55.71882;37.60518;дом;OpenStreetMap / Nominatim, 21.09.2026
18;Школа № 1543;ГБОУ города Москвы «Гимназия № 1543 имени Ю.В. Завельского»;Городская;школа;69;True;II степени;ЗАО;Тропарёво-Никулино;ул. 26 Бакинских Комиссаров, д. 3, корп. 5;2;8;;16;;;;;;;;;;https://gym1543.mskobr.ru/;;;;не найдено;
19;Лицей Финансового университета;Лицей Финансового университета при Правительстве РФ;Вузовская;лицей;68;True;III степени;САО;Аэропорт;Ленинградский пр-т, д. 51, корп. 4;3;7;21;15;;;;;;;;;;https://www.fa.ru/;;55.79476;37.54456;улица;OpenStreetMap / Nominatim, 21.09.2026
20;Школа № 444;ГБОУ города Москвы «Школа № 444»;Городская;школа;62;True;I степени;ВАО;Измайлово;Нижняя Первомайская ул., д. 14;1;41;35;;;;;;;;;;1;https://schv444.mskobr.ru/;;55.79068;37.79648;дом;OpenStreetMap / Nominatim, 21.09.2026
21;Школа № 1518;ГАОУ города Москвы «Школа № 1518»;Городская;школа;61;True;II степени;СВАО;Алексеевский;пр-т Мира, д. 87;2;19;;48;;;;;;;;;3;https://gum1518.mskobr.ru/;;55.80362;37.63511;дом;OpenStreetMap / Nominatim, 21.09.2026
22;Академическая школа № 1534;ГБОУ города Москвы «Академическая школа № 1534»;Городская;школа;60;True;II степени;ЮЗАО;Академический;ул. Кедрова, д. 11;2;32;27;80;;;;;;;;;;https://gym1534uz.mskobr.ru/;;55.68520;37.57427;дом;OpenStreetMap / Nominatim, 21.09.2026
23;Частная школа «Золотое сечение»;;Частная;школа;59;True;;ЦАО;Якиманка;"Ленинский пр-т, д. 13А (5–11 кл.); Комсомольский пр-т, д. 45 (начальная)";;44;;;5;да;1300000-1600000;нет;нет;;;профили физмат / естеств.-науч. / гуманитарный, тьюторство;;https://gold-school.ru/;;55.72199;37.60358;дом;OpenStreetMap / Nominatim, 21.09.2026
24;Школа № 548 «Царицыно»;ГАОУ города Москвы «Школа № 548 «Царицыно»;Городская;школа;58;True;I степени;ЮАО;Орехово-Борисово Южное;ул. Домодедовская, д. 35, корп. 2;1;;7;;;;;;;;;;;https://cou548.mskobr.ru/;;55.60197;37.71725;дом;OpenStreetMap / Nominatim, 21.09.2026
25;Инженерная школа № 1581;ГБОУ города Москвы «Инженерная школа № 1581»;Городская;школа;56;True;III степени;ЦАО;Басманный;Большой Полуярославский пер., д. 7;3;20;30;50;;;;;;;;;;https://lycc1581.mskobr.ru/;;55.75275;37.66264;дом;OpenStreetMap / Nominatim, 21.09.2026
26;Курчатовская школа;ГБОУ города Москвы «Курчатовская школа»;Городская;школа;56;True;I степени;СЗАО;Щукино;ул. Маршала Василевского, д. 7, корп. 1;1;;17;;;;;;;;;;;https://kurchat.mskobr.ru/;"Юридический адрес по ЕГРЮЛ — ул. Маршала Конева, 10; указан главный корпус по городскому реестру.";55.80455;37.47121;дом;OpenStreetMap / Nominatim, 21.09.2026
27;Школа № 1329;ГБОУ города Москвы «Школа № 1329»;Городская;школа;56;True;I степени;ЗАО;Тропарёво-Никулино;Никулинская ул., д. 10;1;;19;;;;;;;;;;7;https://sch1329.mskobr.ru/;;55.66892;37.46466;дом;OpenStreetMap / Nominatim, 21.09.2026
28;Школа № 1501;ГБОУ города Москвы «Школа № 1501»;Городская;школа;56;True;I степени;ЦАО;Тверской;Тихвинский пер., д. 3;1;;18;;;;;;;;;;;https://lycc1501.mskobr.ru/;;55.78774;37.59571;дом;OpenStreetMap / Nominatim, 21.09.2026
29;Школа № 2086;ГБОУ города Москвы «Школа № 2086»;Городская;школа;56;True;II степени;ЮЗАО;Гагаринский;Университетский пр-т, д. 5;2;39;22;95;;;;;;;;;;https://sch2086uz.mskobr.ru/;;55.69579;37.55150;дом;OpenStreetMap / Nominatim, 21.09.2026
30;Ломоносовская школа «ИнТек»;;Частная;школа;55;True;;МО;Красногорск;Новорижское ш., ЖК «Монолит»;;;;;1;да;1935000;нет;да;;;та же сеть, полный день, 1–11 кл.;;https://lomon.ru/;;;;не найдено;
31;Школа № 171;ГБОУ города Москвы «Школа № 171»;Городская;школа;55;True;III степени;ЦАО;Хамовники;2-я Фрунзенская ул., д. 7А;3;27;13;68;;;;;;;;;;https://sch171c.mskobr.ru/;;55.72231;37.57961;дом;OpenStreetMap / Nominatim, 21.09.2026
32;Школа № 2070 им. Г.А. Вартаняна;ГБОУ города Москвы «Школа № 2070 имени Героя Советского Союза Г.А. Вартаняна»;Городская;школа;54;True;I степени;НАО;поселение Сосенское;пос. Сосенское, п. Коммунарка, ул. Липовый Парк, д. 5А;1;;24;;;;;;;;;;;https://sch2070.mskobr.ru/;;55.56753;37.49307;дом;OpenStreetMap / Nominatim, 21.09.2026
33;Школа «Интеллектуал»;ГБОУ города Москвы «Школа «Интеллектуал»;Городская;школа;53;True;III степени;ЗАО;Фили-Давыдково;Кременчугская ул., д. 11, стр. 4;3;13;;31;;;;;;;;;1;https://int.mskobr.ru/;;55.71928;37.46443;дом;OpenStreetMap / Nominatim, 21.09.2026
34;Школа на Юго-Востоке им. В.И. Чуйкова;ГБОУ города Москвы «Школа на Юго-Востоке имени Маршала В.И. Чуйкова»;Городская;школа;53;True;I степени;ЮВАО;Рязанский;Зеленодольская ул., д. 32, корп. 6;1;;28;;;;;;;;;;;https://schuv.mskobr.ru/;;55.71168;37.76698;дом;OpenStreetMap / Nominatim, 21.09.2026
35;Павловская гимназия;;Частная;гимназия;52;True;;МО;Истринский г.о.;д. Веледниково, ул. Живописная, д. 136 (Новая Рига);;;;;6;высокая;2250000;нет;да;;;кампус 10 га, бассейн, филиал балетной школы, полный цикл;;https://pavlovskayagymnasia.ru/;;55.79854;37.11751;населённый пункт;OpenStreetMap / Nominatim, 21.09.2026
36;Школа № 1533 «ЛИТ»;ГБОУ города Москвы «Школа № 1533 «ЛИТ»;Городская;школа;52;True;III степени;ЮЗАО;Гагаринский;Ломоносовский пр-т, д. 16;3;22;37;58;;;;;;;;;1;https://lyc1533.mskobr.ru/;;55.69237;37.54375;дом;OpenStreetMap / Nominatim, 21.09.2026
37;Школа № 218;ГБОУ города Москвы «Школа № 218»;Городская;школа;52;True;II степени;САО;Тимирязевский;ул. Вучетича, д. 6;2;30;;78;;;;;;;;;2;https://sch218.mskobr.ru/;"Юридический адрес — Дмитровское ш., 5А; указано здание старших классов (ул. Вучетича, 6).";55.80866;37.56059;дом;OpenStreetMap / Nominatim, 21.09.2026
38;Академическая гимназия;;Частная;гимназия;51;True;;Москва / МО;—;"кампусы в Москве; Химки, мкр. Новогорск, Олимпийская ул., д. 15";;;43;;9;да;840000-1440000;нет;да;;;полный цикл: сад — 11 класс + колледж, сильная языковая программа;;https://academ-school.ru/;;55.90335;37.35936;дом;OpenStreetMap / Nominatim, 21.09.2026
39;Школа № 1253;ГБОУ города Москвы «Школа № 1253»;Городская;школа;51;True;II степени;ЦАО;Хамовники;Зубовский б-р, д. 5, стр. 1;2;47;20;;;;;;;;;;;https://sch1253c.mskobr.ru/;;55.73460;37.59225;дом;OpenStreetMap / Nominatim, 21.09.2026
40;Областная гимназия им. Е.М. Примакова;;Частная;гимназия;48;True;;МО;Одинцовский г.о.;д. Раздоры, Утренняя ул., д. 1;;;;;3;;800000-900000;да;да;;;1–11 кл., олимпиадная и языковая подготовка, частично субсидируется МО;;https://primakov.school/;;55.74728;37.29758;населённый пункт;OpenStreetMap / Nominatim, 21.09.2026
41;Университетская гимназия МГУ имени М.В. Ломоносова;Университетская гимназия МГУ имени М.В. Ломоносова;Вузовская;гимназия;48;True;;ЗАО;Раменки;Ломоносовский пр-т, д. 27, корп. 7;;3;25;6;;;;;;;;;;https://school.msu.ru/;;55.69477;37.52462;дом;OpenStreetMap / Nominatim, 21.09.2026
42;Школа «Покровский квартал»;ГБОУ города Москвы «Школа «Покровский квартал»;Городская;школа;46;True;II степени;ЦАО;Басманный;Большой Казённый пер., д. 9;2;;11;;;;;;;;;;;https://pkvartal.mskobr.ru/;;55.76063;37.65554;дом;OpenStreetMap / Nominatim, 21.09.2026
43;Школа № 2107;ГБОУ города Москвы «Школа № 2107»;Городская;школа;46;True;II степени;ЦАО;Мещанский;Большая Переяславская ул., д. 1, стр. 1;2;;15;;;;;;;;;;;https://sch2107.mskobr.ru/;;55.78977;37.64134;улица (дом не найден);OpenStreetMap / Nominatim, 21.09.2026
44;Школа «НИКА»;;Частная;школа;45;True;;ЮЗАО;Зюзино;"Малая Юшуньская ул., д. 4; Одесская ул., д. 21/29 + кампусы Фили, Нагатино, Чертаново";;;;;10;средняя;720000-1320000;нет;да;;;полный цикл (сад — 11 кл.), несколько кампусов;;https://nikaschool.ru/;;55.65449;37.59516;дом;OpenStreetMap / Nominatim, 21.09.2026
45;Школа № 1363;ГБОУ города Москвы «Школа № 1363»;Городская;школа;45;True;I степени;ЮВАО;Выхино-Жулебино;Рязанский пр-т, д. 82, корп. 4;1;;;;;;;;;;;;;https://sch1363uv.mskobr.ru/;;55.70777;37.82419;дом;OpenStreetMap / Nominatim, 21.09.2026
46;Школа № 2036;ГБОУ города Москвы «Школа № 2036»;Городская;школа;45;True;I степени;ВАО;Новокосино;ул. Татьяны Макаровой, д. 2;1;;;;;;;;;;;;;https://sch2036v.mskobr.ru/;;55.71022;37.88721;дом;OpenStreetMap / Nominatim, 21.09.2026
47;Школа № 67;ГБОУ города Москвы «Школа № 67»;Городская;школа;44;False;III степени;ЗАО;Дорогомилово;Кутузовский пр-т, д. 10, стр. 1;3;33;39;87;;;;;;;;;;https://sch67.mskobr.ru/;;55.74867;37.55875;дом;OpenStreetMap / Nominatim, 21.09.2026
48;Международная школа «Интеграция XXI век»;;Частная;школа;43;False;;СЗАО;Щукино;"1-й Волоколамский пр-д, д. 9, корп. 2; ул. Маршала Катукова, д. 16, корп. 3";;;;;7;;;нет;нет;;;международная программа, углублённые иностранные языки, IB;;https://integraciya.ru/;;55.80092;37.48986;дом;OpenStreetMap / Nominatim, 21.09.2026
49;Школа № 1409;ГБОУ города Москвы «Школа № 1409»;Городская;школа;43;False;II степени;САО;Хорошёвский;Ходынский б-р, д. 7;2;;26;;;;;;;;;;;https://gym1409s-new.mskobr.ru/;;55.78374;37.53057;дом;OpenStreetMap / Nominatim, 21.09.2026
50;Школа «Алгоритм»;;Частная;школа;42;False;;ЦАО;Красносельский;Милютинский пер. + филиалы;;;;;8;;960000-1320000;нет;нет;;;билингвальность (английский + китайский), подготовка к IB;;https://algoritm-school.ru/;;55.76478;37.63332;объект (школа в OSM);OpenStreetMap / Nominatim, 21.09.2026
51;Школа № 1517;ГБОУ города Москвы «Школа № 1517»;Городская;школа;42;False;II степени;СЗАО;Щукино;Живописная ул., д. 11, корп. 1;2;;29;;;;;;;;;;;https://1517.mskobr.ru/;;55.78522;37.45324;дом;OpenStreetMap / Nominatim, 21.09.2026
52;Школа № 1575;ГБОУ города Москвы «Школа № 1575»;Городская;школа;42;False;II степени;САО;Аэропорт;ул. Усиевича, д. 6;2;45;;;;;;;;;;;;https://lyc1575.mskobr.ru/;;55.80502;37.53174;дом;OpenStreetMap / Nominatim, 21.09.2026
53;Школа № 1547;;Городская;школа;41;False;II степени;ЮВАО;Марьино;;2;;33;;;;;;;;;;;;;55.66386;37.76733;объект (школа в OSM);OpenStreetMap / Nominatim, 21.09.2026
54;Гимназия Святителя Василия Великого;;Частная;гимназия;39;False;;МО;Одинцовский г.о.;д. Зайцево, Кокошкинское ш., д. 1;;;;;11;;1395000;нет;да;;;православная гимназия, стипендиальная программа, развозка;;https://vasiliada.ru/;;;;не найдено;
55;Хорошевская школа (Хорошкола);;Частная;школа;39;False;III степени;СЗАО;Хорошёво-Мнёвники;"ул. Народного Ополчения, д. 7А и 9А; ул. Маршала Тухачевского, д. 45, корп. 2";3;40;;99;;да;;нет;да;;;билингвальная среда, система «4К», тьюторство, планетарий, бассейн;;https://horoshkola.ru/;;55.77075;37.47070;дом;OpenStreetMap / Nominatim, 21.09.2026
56;Школа № 1589;ГБОУ города Москвы «Школа № 1589»;Городская;школа;39;False;IV степени;ЗАО;Кунцево;Инициативная ул., д. 1;4;21;;53;;;;;;;;;;https://lycc1589.mskobr.ru/;Район по списку ДОНМ — Фили-Давыдково, по официальному адресу — Кунцево.;55.71652;37.46083;дом;OpenStreetMap / Nominatim, 21.09.2026
57;Школа «Новогорск»;;Частная;школа;38;False;;МО;Химки;г. Химки, мкр. Новогорск;;;;;12;;;нет;нет;;;частная школа полного дня;;;;55.89395;37.34720;объект (школа в OSM);OpenStreetMap / Nominatim, 21.09.2026
58;Школа № 1158;;Городская;школа;38;False;II степени;ЮАО;Чертаново Северное;;2;;45;;;;;;;;;;;;;55.63436;37.59625;объект (школа в OSM);OpenStreetMap / Nominatim, 21.09.2026
59;Школа № 1298 «Профиль Куркино»;;Городская;школа;38;False;II степени;СЗАО;Куркино;;2;;47;;;;;;;;;;;;;55.90040;37.38401;здание школы по номеру (OSM) — сверить;OpenStreetMap / Nominatim, 21.09.2026
60;Школа № 1474;;Городская;школа;38;False;II степени;САО;Ховрино;;2;;46;;;;;;;;;;;;;55.86594;37.50084;объект (школа в OSM);OpenStreetMap / Nominatim, 21.09.2026
61;Школа № 1529 имени А.С. Грибоедова;ГБОУ города Москвы «Школа № 1529 имени А.С. Грибоедова»;Городская;школа;38;False;IV степени;ЦАО;Хамовники;2-й Обыденский пер., д. 9;4;23;;59;;;;;;;;;;https://gym1529c.mskobr.ru/;;55.74146;37.60321;дом;OpenStreetMap / Nominatim, 21.09.2026
62;Школа № 1557 им. П.Л. Капицы;;Городская;школа;38;False;II степени;ЗелАО;Савёлки;;2;;44;;;;;;;;;;;;;55.99292;37.21749;здание школы по номеру (OSM) — сверить;OpenStreetMap / Nominatim, 21.09.2026
63;Образовательный центр «Протон»;;Городская;школа;34;False;II степени;ЗАО;Филёвский Парк;;2;;;;;;;;;;;;;;;55.73948;37.50195;объект (отделение школы в OSM);OpenStreetMap / Nominatim, 21.09.2026
64;Школа «Классика-М»;;Частная;школа;34;False;;МО;Мытищи;г. Мытищи;;;;;15;;;нет;нет;;;;;;;55.91201;37.73669;объект (школа в OSM);OpenStreetMap / Nominatim, 21.09.2026
65;Школа «Марьина Роща» им. В.Ф. Орлова;;Городская;школа;34;False;II степени;СВАО;Марьина роща;;2;;;;;;;;;;;;;;;55.78912;37.61601;объект (школа в OSM);OpenStreetMap / Nominatim, 21.09.2026
66;Школа № 1002;;Городская;школа;34;False;II степени;ЗАО;Солнцево;;2;;;;;;;;;;;;;;;55.64911;37.39881;здание школы по номеру (OSM) — сверить;OpenStreetMap / Nominatim, 21.09.2026
67;Школа № 1194 им. Т.О. Расторгуева;;Городская;школа;34;False;II степени;ЗелАО;Крюково;;2;;;;;;;;;;;;;;;55.98010;37.15349;здание школы по номеру (OSM) — сверить;OpenStreetMap / Nominatim, 21.09.2026
68;Школа № 1252 им. Сервантеса;;Городская;школа;34;False;II степени;САО;Сокол;;2;;;;;;;;;;;;;;;55.81021;37.49634;здание школы по номеру (OSM) — сверить;OpenStreetMap / Nominatim, 21.09.2026
69;Школа № 1290;;Городская;школа;34;False;II степени;ВАО;Измайлово;;2;;;;;;;;;;;;;;;55.79399;37.79319;здание школы по номеру (OSM) — сверить;OpenStreetMap / Nominatim, 21.09.2026
70;Школа № 1357 «На Братиславской»;;Городская;школа;34;False;II степени;ЮВАО;Марьино;;2;;;;;;;;;;;;;;;55.65055;37.76250;здание школы по номеру (OSM) — сверить;OpenStreetMap / Nominatim, 21.09.2026
71;Школа № 1392 им. Д.В. Рябинкина;;Городская;школа;34;False;II степени;ТАО;Троицк;;2;;;;;;;;;;;;;;;55.51125;37.34836;здание школы по номеру (OSM) — сверить;OpenStreetMap / Nominatim, 21.09.2026
72;Школа № 1504;;Городская;школа;34;False;II степени;ВАО;Ивановское;;2;;;;;;;;;;;;;;;55.76285;37.83823;здание школы по номеру (OSM) — сверить;OpenStreetMap / Nominatim, 21.09.2026
73;Школа № 152;;Городская;школа;34;False;II степени;САО;Аэропорт;;2;;;;;;;;;;;;;;;55.80310;37.53096;объект (отделение школы в OSM);OpenStreetMap / Nominatim, 21.09.2026
74;Школа № 1538;;Городская;школа;34;False;II степени;СЗАО;Митино;;2;;;;;;;;;;;;;;;55.84119;37.37514;объект (школа в OSM);OpenStreetMap / Nominatim, 21.09.2026
75;Школа № 1542;;Городская;школа;34;False;II степени;ЗАО;Солнцево;;2;;;;;;;;;;;;;;;55.64680;37.39935;здание школы по номеру (OSM) — сверить;OpenStreetMap / Nominatim, 21.09.2026
76;Школа № 1558 им. Росалии де Кастро;;Городская;школа;34;False;II степени;СВАО;Бабушкинский;;2;;;;;;;;;;;;;;;55.86859;37.65332;здание школы по номеру (OSM) — сверить;OpenStreetMap / Nominatim, 21.09.2026
77;Школа № 1571;;Городская;школа;34;False;II степени;СЗАО;Северное Тушино;;2;;;;;;;;;;;;;;;55.85675;37.44407;здание школы по номеру (OSM) — сверить;OpenStreetMap / Nominatim, 21.09.2026
78;Школа № 1576;;Городская;школа;34;False;II степени;САО;Коптево;;2;;;;;;;;;;;;;;;55.84169;37.54186;объект (школа в OSM);OpenStreetMap / Nominatim, 21.09.2026
79;Школа № 1748 «Вертикаль»;;Городская;школа;34;False;II степени;ВАО;Северное Измайлово;;2;;;;;;;;;;;;;;;55.81986;37.86386;здание школы по номеру (OSM) — сверить;OpenStreetMap / Nominatim, 21.09.2026
80;Школа № 1811 «Восточное Измайлово»;;Городская;школа;34;False;II степени;ВАО;Восточное Измайлово;;2;;;;;;;;;;;;;;;55.79174;37.81267;здание школы по номеру (OSM) — сверить;OpenStreetMap / Nominatim, 21.09.2026
81;Школа № 1980;;Городская;школа;34;False;II степени;ЮЗАО;Южное Бутово;;2;;;;;;;;;;;;;;;55.53457;37.53278;здание школы по номеру (OSM) — сверить;OpenStreetMap / Nominatim, 21.09.2026
82;Школа № 2026;;Городская;школа;34;False;II степени;ВАО;Косино-Ухтомский;;2;;;;;;;;;;;;;;;55.71782;37.88405;здание школы по номеру (OSM) — сверить;OpenStreetMap / Nominatim, 21.09.2026
83;Школа № 2048;;Городская;школа;34;False;II степени;ЮВАО;Некрасовка;;2;;;;;;;;;;;;;;;;;не найдено;
84;Школа № 2083;;Городская;школа;34;False;II степени;НАО;Щербинка;;2;;;;;;;;;;;;;;;55.49304;37.50245;здание школы по номеру (OSM) — сверить;OpenStreetMap / Nominatim, 21.09.2026
85;Школа № 2089;;Городская;школа;34;False;II степени;ЮВАО;Некрасовка;;2;;;;;;;;;;;;;;;55.68441;37.91831;здание школы по номеру (OSM) — сверить;OpenStreetMap / Nominatim, 21.09.2026
86;Школа № 2094;;Городская;школа;34;False;II степени;НАО;Коммунарка;;2;;;;;;;;;;;;;;;55.60434;37.41850;здание школы по номеру (OSM) — сверить;OpenStreetMap / Nominatim, 21.09.2026
87;Школа № 2098 им. Л.М. Доватора;;Городская;школа;34;False;II степени;САО;Западное Дегунино;;2;;;;;;;;;;;;;;;55.87881;37.51043;здание школы по номеру (OSM) — сверить;OpenStreetMap / Nominatim, 21.09.2026
88;Школа № 2109;;Городская;школа;34;False;II степени;НАО;Щербинка;;2;;;;;;;;;;;;;;;55.50199;37.59319;здание школы по номеру (OSM) — сверить;OpenStreetMap / Nominatim, 21.09.2026
89;Школа № 2120;;Городская;школа;34;False;II степени;НАО;Филимонковский;;2;;;;;;;;;;;;;;;55.59299;37.37221;здание школы по номеру (OSM) — сверить;OpenStreetMap / Nominatim, 21.09.2026
90;Школа № 2123 им. Мигеля Эрнандеса;;Городская;школа;34;False;II степени;ЦАО;Пресненский;;2;;;;;;;;;;;;;;;55.75689;37.59493;здание школы по номеру (OSM) — сверить;OpenStreetMap / Nominatim, 21.09.2026
91;Школа № 2127;;Городская;школа;34;False;II степени;ВАО;Новокосино;;2;;;;;;;;;;;;;;;;;не найдено;
92;Школа № 338 им. А.Ф. Авдеева;;Городская;школа;34;False;II степени;НАО;Коммунарка;;2;;;;;;;;;;;;;;;55.54991;37.50821;объект (школа в OSM);OpenStreetMap / Nominatim, 21.09.2026
93;Школа № 962;;Городская;школа;34;False;II степени;СВАО;Отрадное;;2;;;;;;;;;;;;;;;55.85533;37.58770;объект (школа в OSM);OpenStreetMap / Nominatim, 21.09.2026
94;Школа-интернат № 1;;Городская;школа;34;False;II степени;СВАО;Алексеевский;;2;;;;;;;;;;;;;;;;;не найдено;
95;Школа «Светлые горы»;;Частная;школа;33;False;;МО;Красногорск;г. Красногорск;;;;;16;;;нет;да;;;полный цикл, развозка;;;;55.86762;37.32597;объект (школа в OSM);OpenStreetMap / Nominatim, 21.09.2026
96;Экономический лицей РЭУ им. Г.В. Плеханова;Экономический лицей РЭУ имени Г.В. Плеханова;Вузовская;лицей;30;False;;ЦАО;Замоскворечье;Стремянный пер., д. 36;;25;32;64;;;;;;;;;;https://www.rea.ru/;"На сайте РЭУ указан адрес университета; фактические занятия — ул. Зацепа, 41 (официально не подтверждено).";55.72764;37.62801;дом;OpenStreetMap / Nominatim, 21.09.2026
97;Школа «Солнечный ветер»;;Частная;школа;29;False;;Москва;—;Москва;;;;;20;;;нет;нет;;;;;;;55.63195;37.47704;объект (школа в OSM);OpenStreetMap / Nominatim, 21.09.2026
98;Школа № 1317;;Городская;школа;28;False;III степени;ЗАО;Тропарёво-Никулино;;3;48;;;;;;;;;;;;;;55.67139;37.47051;здание школы по номеру (OSM) — сверить;OpenStreetMap / Nominatim, 21.09.2026
99;Школа № 192;;Городская;школа;28;False;III степени;ЮЗАО;Гагаринский;;3;50;;;;;;;;;;;;;;55.70670;37.57490;объект (школа в OSM);OpenStreetMap / Nominatim, 21.09.2026
100;Школа № 58;;Городская;школа;28;False;III степени;СЗАО;Строгино;;3;49;;;;;;;;;;;;;;55.67842;37.53933;объект (школа в OSM);OpenStreetMap / Nominatim, 21.09.2026
101;Школа № 1231 им. В.Д. Поленова;;Городская;школа;27;False;III степени;ЦАО;Арбат;;3;;42;;;;;;;;;;;;;55.74981;37.58904;здание школы по номеру (OSM) — сверить;OpenStreetMap / Nominatim, 21.09.2026
102;Школа № 1574;;Городская;школа;27;False;III степени;ЦАО;Тверской;;3;;40;;;;;;;;;;;;;55.77977;37.59685;здание школы по номеру (OSM) — сверить;OpenStreetMap / Nominatim, 21.09.2026
103;Медицинский Сеченовский Предуниверсарий;Медицинский Сеченовский Предуниверсарий Первого МГМУ им. И.М. Сеченова;Вузовская;школа;25;False;;ЦАО;Хамовники;ул. Большая Пироговская, д. 2, стр. 2;;38;12;93;;;;;;;;;;https://www.sechenov.ru/;"Указан адрес корпуса по сайту вуза; адрес ул. Савельева, 5 встречается только в картах.";55.73490;37.57949;улица (дом не найден);OpenStreetMap / Nominatim, 21.09.2026
104;Школа № 1238;;Городская;школа;25;False;III степени;ЗАО;Ново-Переделкино;;3;;50;;;;;;;;;;;;;55.64530;37.34564;объект (школа в OSM);OpenStreetMap / Nominatim, 21.09.2026
105;Марьинская школа № 1566;;Городская;школа;22;False;III степени;ЮВАО;Марьино;;3;;;;;;;;;;;;;;;55.64834;37.75647;здание школы по номеру (OSM) — сверить;OpenStreetMap / Nominatim, 21.09.2026
106;Московская международная школа;;Городская;школа;22;False;III степени;ВАО;Перово;;3;;;;;;;;;;;;;;;55.76265;37.78676;объект (школа в OSM);OpenStreetMap / Nominatim, 21.09.2026
107;Пансион воспитанниц Министерства обороны РФ;;Городская;школа;22;False;III степени;САО;Хорошёвский;;3;;;;;;;;;;;;;;;55.77726;37.54521;объект (школа в OSM);OpenStreetMap / Nominatim, 21.09.2026
108;Школа «Глория»;;Городская;школа;22;False;III степени;СВАО;Бибирево;;3;;;;;;;;;;;;;;;55.90193;37.59056;объект (школа в OSM);OpenStreetMap / Nominatim, 21.09.2026
109;Школа «Интеграл»;;Городская;школа;22;False;III степени;ЗАО;Филёвский Парк;;3;;;;;;;;;;;;;;;55.73896;37.50208;объект (школа в OSM);OpenStreetMap / Nominatim, 21.09.2026
110;Школа «Свиблово»;;Городская;школа;22;False;III степени;СВАО;Свиблово;;3;;;;;;;;;;;;;;;55.85380;37.65932;объект (школа в OSM);OpenStreetMap / Nominatim, 21.09.2026
111;Школа им. Артёма Боровика;;Городская;школа;22;False;III степени;ЮВАО;Марьино;;3;;;;;;;;;;;;;;;;;не найдено;
112;Школа на проспекте Вернадского;;Городская;школа;22;False;III степени;ЗАО;Тропарёво-Никулино;;3;;;;;;;;;;;;;;;55.65344;37.48357;объект (школа в OSM);OpenStreetMap / Nominatim, 21.09.2026
113;Школа № 1018;;Городская;школа;22;False;III степени;ЗАО;Ново-Переделкино;;3;;;;;;;;;;;;;;;55.64143;37.35088;здание школы по номеру (OSM) — сверить;OpenStreetMap / Nominatim, 21.09.2026
114;Школа № 1034 им. В.В. Маркина;;Городская;школа;22;False;III степени;ЮАО;Братеево;;3;;;;;;;;;;;;;;;55.63154;37.75847;объект (школа в OSM);OpenStreetMap / Nominatim, 21.09.2026
115;Школа № 109;;Городская;школа;22;False;III степени;ЮЗАО;Тёплый Стан;;3;;;;;;;;;;;;;;;55.64077;37.47537;здание школы по номеру (OSM) — сверить;OpenStreetMap / Nominatim, 21.09.2026
116;Школа № 1150 им. К.К. Рокоссовского;;Городская;школа;22;False;III степени;ЗелАО;Крюково;;3;;;;;;;;;;;;;;;55.97514;37.15349;объект (школа в OSM);OpenStreetMap / Nominatim, 21.09.2026
117;Школа № 117;;Городская;школа;22;False;III степени;ЮЗАО;Ломоносовский;;3;;;;;;;;;;;;;;;55.67415;37.52824;объект (школа в OSM);OpenStreetMap / Nominatim, 21.09.2026
118;Школа № 1195 им. П.И. Меренкова;;Городская;школа;22;False;III степени;ЗАО;Можайский;;3;;;;;;;;;;;;;;;55.71723;37.41976;объект (школа в OSM);OpenStreetMap / Nominatim, 21.09.2026
119;Школа № 1208 им. М.С. Шумилова;;Городская;школа;22;False;III степени;ЮВАО;Кузьминки;;3;;;;;;;;;;;;;;;55.70776;37.77123;объект (школа в OSM);OpenStreetMap / Nominatim, 21.09.2026
120;Школа № 1251 им. Шарля де Голля;;Городская;школа;22;False;III степени;САО;Сокол;;3;;;;;;;;;;;;;;;55.79418;37.50684;здание школы по номеру (OSM) — сверить;OpenStreetMap / Nominatim, 21.09.2026
121;Школа № 1273;;Городская;школа;22;False;III степени;ЮЗАО;Коньково;;3;;;;;;;;;;;;;;;55.62738;37.52410;здание школы по номеру (OSM) — сверить;OpenStreetMap / Nominatim, 21.09.2026
122;Школа № 1279 «Эврика»;;Городская;школа;22;False;III степени;ЮЗАО;Зюзино;;3;;;;;;;;;;;;;;;55.66331;37.60348;объект (школа в OSM);OpenStreetMap / Nominatim, 21.09.2026
123;Школа № 1287;;Городская;школа;22;False;III степени;САО;Хорошёвский;;3;;;;;;;;;;;;;;;55.79623;37.52057;здание школы по номеру (OSM) — сверить;OpenStreetMap / Nominatim, 21.09.2026
124;Школа № 1288 им. Н.В. Троян;;Городская;школа;22;False;III степени;САО;Хорошёвский;;3;;;;;;;;;;;;;;;55.77761;37.52915;здание школы по номеру (OSM) — сверить;OpenStreetMap / Nominatim, 21.09.2026
125;Школа № 1293;;Городская;школа;22;False;III степени;ЗАО;Кунцево;;3;;;;;;;;;;;;;;;55.74285;37.41061;здание школы по номеру (OSM) — сверить;OpenStreetMap / Nominatim, 21.09.2026
126;Школа № 1347;;Городская;школа;22;False;III степени;ЗАО;Солнцево;;3;;;;;;;;;;;;;;;55.65789;37.40662;здание школы по номеру (OSM) — сверить;OpenStreetMap / Nominatim, 21.09.2026
127;Школа № 1353 им. Д.Ф. Алексеева;;Городская;школа;22;False;III степени;ЗелАО;Матушкино;;3;;;;;;;;;;;;;;;55.99308;37.19301;объект (школа в OSM);OpenStreetMap / Nominatim, 21.09.2026
128;Школа № 1354 «Вектор»;;Городская;школа;22;False;III степени;ЮЗАО;Южное Бутово;;3;;;;;;;;;;;;;;;55.54993;37.56306;здание школы по номеру (OSM) — сверить;OpenStreetMap / Nominatim, 21.09.2026
129;Школа № 1358;;Городская;школа;22;False;III степени;СЗАО;Митино;;3;;;;;;;;;;;;;;;55.85683;37.34629;здание школы по номеру (OSM) — сверить;OpenStreetMap / Nominatim, 21.09.2026
130;Школа № 1359 им. М.Л. Миля;;Городская;школа;22;False;III степени;ЮВАО;Выхино-Жулебино;;3;;;;;;;;;;;;;;;55.70159;37.84487;здание школы по номеру (OSM) — сверить;OpenStreetMap / Nominatim, 21.09.2026
131;Школа № 1362;;Городская;школа;22;False;III степени;ВАО;Соколиная Гора;;3;;;;;;;;;;;;;;;55.78191;37.73238;объект (школа в OSM);OpenStreetMap / Nominatim, 21.09.2026
132;Школа № 1367;;Городская;школа;22;False;III степени;ЮВАО;Рязанский;;3;;;;;;;;;;;;;;;55.71377;37.74112;здание школы по номеру (OSM) — сверить;OpenStreetMap / Nominatim, 21.09.2026
133;Школа № 1371 «Крылатское»;;Городская;школа;22;False;III степени;ЗАО;Крылатское;;3;;;;;;;;;;;;;;;55.76054;37.40418;здание школы по номеру (OSM) — сверить;OpenStreetMap / Nominatim, 21.09.2026
134;Школа № 1391;;Городская;школа;22;False;III степени;ТАО;Бекасово;;3;;;;;;;;;;;;;;;55.53426;37.16423;здание школы по номеру (OSM) — сверить;OpenStreetMap / Nominatim, 21.09.2026
135;Школа № 1400;;Городская;школа;22;False;III степени;ЗАО;Можайский;;3;;;;;;;;;;;;;;;55.72097;37.41140;здание школы по номеру (OSM) — сверить;OpenStreetMap / Nominatim, 21.09.2026
136;Школа № 1411;;Городская;школа;22;False;III степени;СВАО;Отрадное;;3;;;;;;;;;;;;;;;55.86694;37.60075;здание школы по номеру (OSM) — сверить;OpenStreetMap / Nominatim, 21.09.2026
137;Школа № 1420;;Городская;школа;22;False;III степени;ЮВАО;Выхино-Жулебино;;3;;;;;;;;;;;;;;;55.70098;37.81490;здание школы по номеру (OSM) — сверить;OpenStreetMap / Nominatim, 21.09.2026
138;Школа № 1440;;Городская;школа;22;False;III степени;ЗАО;Крылатское;;3;;;;;;;;;;;;;;;55.75752;37.41269;объект (школа в OSM);OpenStreetMap / Nominatim, 21.09.2026
139;Школа № 1449 им. М.В. Водопьянова;;Городская;школа;22;False;III степени;СВАО;Лианозово;;3;;;;;;;;;;;;;;;;;не найдено;
140;Школа № 1454 «Тимирязевская»;;Городская;школа;22;False;III степени;САО;Тимирязевский;;3;;;;;;;;;;;;;;;55.81374;37.56870;объект (школа в OSM);OpenStreetMap / Nominatim, 21.09.2026
141;Школа № 1505 «Преображенская»;;Городская;школа;22;False;III степени;ВАО;Преображенское;;3;;;;;;;;;;;;;;;55.79697;37.73844;здание школы по номеру (OSM) — сверить;OpenStreetMap / Nominatim, 21.09.2026
142;Школа № 1506;;Городская;школа;22;False;III степени;СВАО;Северное Медведково;;3;;;;;;;;;;;;;;;55.88976;37.65047;здание школы по номеру (OSM) — сверить;OpenStreetMap / Nominatim, 21.09.2026
143;Школа № 1512 им. Алии Молдагуловой;;Городская;школа;22;False;III степени;ВАО;Вешняки;;3;;;;;;;;;;;;;;;55.71841;37.83030;здание школы по номеру (OSM) — сверить;OpenStreetMap / Nominatim, 21.09.2026
144;Школа № 1532;;Городская;школа;22;False;III степени;ЮЗАО;Тёплый Стан;;3;;;;;;;;;;;;;;;55.62192;37.49149;здание школы по номеру (OSM) — сверить;OpenStreetMap / Nominatim, 21.09.2026
145;Школа № 1537 «Информационные технологии»;;Городская;школа;22;False;III степени;СВАО;Ярославский;;3;;;;;;;;;;;;;;;55.87423;37.71922;здание школы по номеру (OSM) — сверить;OpenStreetMap / Nominatim, 21.09.2026
146;Школа № 1541;;Городская;школа;22;False;III степени;ЗАО;Проспект Вернадского;;3;;;;;;;;;;;;;;;55.66720;37.50888;здание школы по номеру (OSM) — сверить;OpenStreetMap / Nominatim, 21.09.2026
147;Школа № 1554;;Городская;школа;22;False;III степени;СВАО;Отрадное;;3;;;;;;;;;;;;;;;55.86455;37.62350;здание школы по номеру (OSM) — сверить;OpenStreetMap / Nominatim, 21.09.2026
148;Школа № 1560 «Лидер»;;Городская;школа;22;False;III степени;СЗАО;Хорошёво-Мнёвники;;3;;;;;;;;;;;;;;;55.77079;37.49256;объект (школа в OSM);OpenStreetMap / Nominatim, 21.09.2026
149;Школа № 1561;;Городская;школа;22;False;III степени;ЮЗАО;Ясенево;;3;;;;;;;;;;;;;;;55.59966;37.54239;здание школы по номеру (OSM) — сверить;OpenStreetMap / Nominatim, 21.09.2026
150;Школа № 1564 им. А.П. Белобородова;;Городская;школа;22;False;III степени;СЗАО;Митино;;3;;;;;;;;;;;;;;;55.82816;37.34886;здание школы по номеру (OSM) — сверить;OpenStreetMap / Nominatim, 21.09.2026
151;Школа № 1569 «Созвездие»;;Городская;школа;22;False;III степени;ЮАО;Зябликово;;3;;;;;;;;;;;;;;;55.61495;37.73430;здание школы по номеру (OSM) — сверить;OpenStreetMap / Nominatim, 21.09.2026
152;Школа № 1570;;Городская;школа;22;False;III степени;САО;Беговой;;3;;;;;;;;;;;;;;;55.78932;37.57724;здание школы по номеру (OSM) — сверить;OpenStreetMap / Nominatim, 21.09.2026
153;Школа № 1573;;Городская;школа;22;False;III степени;СВАО;Лианозово;;3;;;;;;;;;;;;;;;55.90663;37.55270;здание школы по номеру (OSM) — сверить;OpenStreetMap / Nominatim, 21.09.2026
154;Школа № 1579;;Городская;школа;22;False;III степени;ЮАО;Москворечье-Сабурово;;3;;;;;;;;;;;;;;;55.65060;37.63252;объект (школа в OSM);OpenStreetMap / Nominatim, 21.09.2026
155;Школа № 1584;;Городская;школа;22;False;III степени;ЗАО;Кунцево;;3;;;;;;;;;;;;;;;55.74537;37.42891;здание школы по номеру (OSM) — сверить;OpenStreetMap / Nominatim, 21.09.2026
156;Школа № 1591;;Городская;школа;22;False;III степени;ВАО;Новокосино;;3;;;;;;;;;;;;;;;55.74173;37.87253;здание школы по номеру (OSM) — сверить;OpenStreetMap / Nominatim, 21.09.2026
157;Школа № 17;;Городская;школа;22;False;III степени;ЮЗАО;Коньково;;3;;;;;;;;;;;;;;;55.63834;37.52802;объект (отделение школы в OSM);OpenStreetMap / Nominatim, 21.09.2026
158;Школа № 1747 им. Д.М. Румянцева;;Городская;школа;22;False;III степени;СЗАО;Митино;;3;;;;;;;;;;;;;;;55.84616;37.35119;объект (школа в OSM);OpenStreetMap / Nominatim, 21.09.2026
159;Школа № 1788;;Городская;школа;22;False;III степени;НАО;Внуково;;3;;;;;;;;;;;;;;;55.63928;37.31415;объект (школа в OSM);OpenStreetMap / Nominatim, 21.09.2026
160;Школа № 1793 им. А.К. Новикова;;Городская;школа;22;False;III степени;ЮВАО;Выхино-Жулебино;;3;;;;;;;;;;;;;;;55.68954;37.85014;объект (школа в OSM);OpenStreetMap / Nominatim, 21.09.2026
161;Школа № 1883 «Бутово»;;Городская;школа;22;False;III степени;ЮЗАО;Южное Бутово;;3;;;;;;;;;;;;;;;55.54971;37.54724;здание школы по номеру (OSM) — сверить;OpenStreetMap / Nominatim, 21.09.2026
162;Школа № 1944;;Городская;школа;22;False;III степени;СЗАО;Митино;;3;;;;;;;;;;;;;;;55.84262;37.34949;здание школы по номеру (OSM) — сверить;OpenStreetMap / Nominatim, 21.09.2026
163;Школа № 1955;;Городская;школа;22;False;III степени;СВАО;Лосиноостровский;;3;;;;;;;;;;;;;;;55.88029;37.69119;здание школы по номеру (OSM) — сверить;OpenStreetMap / Nominatim, 21.09.2026
164;Школа № 2005;;Городская;школа;22;False;III степени;СЗАО;Куркино;;3;;;;;;;;;;;;;;;55.89449;37.39614;объект (школа в OSM);OpenStreetMap / Nominatim, 21.09.2026
165;Школа № 2006;;Городская;школа;22;False;III степени;ЮЗАО;Северное Бутово;;3;;;;;;;;;;;;;;;55.56357;37.57588;здание школы по номеру (OSM) — сверить;OpenStreetMap / Nominatim, 21.09.2026
166;Школа № 2009;;Городская;школа;22;False;III степени;ЮЗАО;Южное Бутово;;3;;;;;;;;;;;;;;;55.54084;37.51972;объект (школа в OSM);OpenStreetMap / Nominatim, 21.09.2026
167;Школа № 2010 им. М.П. Судакова;;Городская;школа;22;False;III степени;ЮВАО;Люблино;;3;;;;;;;;;;;;;;;55.66730;37.74829;здание школы по номеру (OSM) — сверить;OpenStreetMap / Nominatim, 21.09.2026
168;Школа № 2025;;Городская;школа;22;False;III степени;ЗАО;Очаково-Матвеевское;;3;;;;;;;;;;;;;;;55.67536;37.44815;объект (школа в OSM);OpenStreetMap / Nominatim, 21.09.2026
169;Школа № 2031;;Городская;школа;22;False;III степени;ВАО;Косино-Ухтомский;;3;;;;;;;;;;;;;;;55.71354;37.85203;здание школы по номеру (OSM) — сверить;OpenStreetMap / Nominatim, 21.09.2026
170;Школа № 2033;;Городская;школа;22;False;III степени;ВАО;Северное Измайлово;;3;;;;;;;;;;;;;;;55.80792;37.77945;здание школы по номеру (OSM) — сверить;OpenStreetMap / Nominatim, 21.09.2026
171;Школа № 2044 им. А.М. Серебрякова;;Городская;школа;22;False;III степени;СВАО;Северный;;3;;;;;;;;;;;;;;В источнике возможна опечатка в поле района (САО вместо СВАО).;55.93215;37.54088;объект (школа в OSM);OpenStreetMap / Nominatim, 21.09.2026
172;Школа № 2045 им. Д.А. Разумовского;;Городская;школа;22;False;III степени;ЗелАО;Крюково;;3;;;;;;;;;;;;;;;55.97301;37.16361;объект (школа в OSM);OpenStreetMap / Nominatim, 21.09.2026
173;Школа № 2051;;Городская;школа;22;False;III степени;ЮВАО;Некрасовка;;3;;;;;;;;;;;;;;;55.70139;37.91764;здание школы по номеру (OSM) — сверить;OpenStreetMap / Nominatim, 21.09.2026
174;Школа № 2072;;Городская;школа;22;False;III степени;ВАО;Новогиреево;;3;;;;;;;;;;;;;;;55.74329;37.80353;объект (школа в OSM);OpenStreetMap / Nominatim, 21.09.2026
175;Школа № 2087 «Открытие»;;Городская;школа;22;False;III степени;ЮВАО;Марьино;;3;;;;;;;;;;;;;;;;;не найдено;
176;Школа № 2097;;Городская;школа;22;False;III степени;СЗАО;Южное Тушино;;3;;;;;;;;;;;;;;;55.83892;37.40424;здание школы по номеру (OSM) — сверить;OpenStreetMap / Nominatim, 21.09.2026
177;Школа № 2117;;Городская;школа;22;False;III степени;НАО;Щербинка;;3;;;;;;;;;;;;;;;55.51199;37.57023;объект (школа в OSM);OpenStreetMap / Nominatim, 21.09.2026
178;Школа № 41 им. Г.А. Тарана;;Городская;школа;22;False;III степени;НАО;Внуково;;3;;;;;;;;;;;;;;;55.62137;37.21453;объект (отделение школы в OSM);OpenStreetMap / Nominatim, 21.09.2026
179;Школа № 625;;Городская;школа;22;False;III степени;ЮЗАО;Академический;;3;;;;;;;;;;;;;;;55.69233;37.59288;здание школы по номеру (OSM) — сверить;OpenStreetMap / Nominatim, 21.09.2026
180;Школа № 627 им. Д.Д. Лелюшенко;;Городская;школа;22;False;III степени;ЦАО;Замоскворечье;;3;;;;;;;;;;;;;;;55.73311;37.63605;объект (школа в OSM);OpenStreetMap / Nominatim, 21.09.2026
181;Школа № 641 им. Сергея Есенина;;Городская;школа;22;False;III степени;ЮВАО;Кузьминки;;3;;;;;;;;;;;;;;;55.70606;37.74230;здание школы по номеру (OSM) — сверить;OpenStreetMap / Nominatim, 21.09.2026
182;Школа № 654 им. А.Д. Фридмана;;Городская;школа;22;False;III степени;ЮВАО;Текстильщики;;3;;;;;;;;;;;;;;;55.69569;37.74985;объект (школа в OSM);OpenStreetMap / Nominatim, 21.09.2026
183;Школа № 667 им. К.Я. Самсонова;;Городская;школа;22;False;III степени;ЮАО;Бирюлёво Западное;;3;;;;;;;;;;;;;;;55.57751;37.64993;объект (отделение школы в OSM);OpenStreetMap / Nominatim, 21.09.2026
184;Школа № 7;;Городская;школа;22;False;III степени;ЮЗАО;Ломоносовский;;3;;;;;;;;;;;;;;;;;не найдено;
185;Школа № 777 им. Е.В. Михайлова;;Городская;школа;22;False;III степени;ЮВАО;Рязанский;;3;;;;;;;;;;;;;;;55.72545;37.76824;объект (школа в OSM);OpenStreetMap / Nominatim, 21.09.2026
186;Школа № 814;;Городская;школа;22;False;III степени;ЗАО;Очаково-Матвеевское;;3;;;;;;;;;;;;;;;55.70537;37.46520;объект (школа в OSM);OpenStreetMap / Nominatim, 21.09.2026
187;Школа № 827;;Городская;школа;22;False;III степени;СЗАО;Северное Тушино;;3;;;;;;;;;;;;;;;55.85281;37.41258;объект (школа в OSM);OpenStreetMap / Nominatim, 21.09.2026
188;Школа № 853;;Городская;школа;22;False;III степени;ЗелАО;Старое Крюково;;3;;;;;;;;;;;;;;;55.98518;37.19049;объект (школа в OSM);OpenStreetMap / Nominatim, 21.09.2026
189;Школа № 947;;Городская;школа;22;False;III степени;ЮАО;Бирюлёво Восточное;;3;;;;;;;;;;;;;;;55.58240;37.67783;здание школы по номеру (OSM) — сверить;OpenStreetMap / Nominatim, 21.09.2026
190;Международная гимназия «Сколково»;;Частная;гимназия;20;False;;ЗАО;Можайский;ул. Зворыкина, д. 4;;28;;73;;;1643000;нет;да;;;международная гимназия ИЦ «Сколково», билингвальность;;https://sk.ru/;;55.69151;37.35156;дом;OpenStreetMap / Nominatim, 21.09.2026
191;Новая школа;;Частная;школа;19;False;;ЗАО;Раменки;Мосфильмовская ул., д. 88, стр. 5;;37;;92;;средняя;1070000-1420000;нет;нет;;;без звонков и формы, тьюторство с 5 кл., ИУП, экспедиции;;https://n.school/;;55.70289;37.49126;дом;OpenStreetMap / Nominatim, 21.09.2026
192;Школа «Столица-КИТ»;;Частная;школа;18;False;;Москва;—;Москва;;;;;30;;;нет;нет;;;;;;;;;не найдено;
193;Школа права и экономики;;Городская;школа;18;False;;;;;;31;;79;;;;;;;;;;;;55.78311;37.08115;объект (школа в OSM);OpenStreetMap / Nominatim, 21.09.2026
194;Предуниверситарий МГЛУ;Предуниверситарий МГЛУ;Вузовская;школа;16;False;;ЦАО;Хамовники;ул. Остоженка, д. 36;;34;;88;;;;;;;;;;https://linguanet.ru/;;55.73914;37.59536;дом;OpenStreetMap / Nominatim, 21.09.2026
195;Школа № 1306 — «Школа молодых политиков»;ГАОУ города Москвы «Школа № 1306 — Школа молодых политиков»;Городская;школа;15;False;;ЗАО;Раменки;Мичуринский пр-т, д. 15, корп. 2;;35;;89;;;;;;;;;;https://gymg1306.mskobr.ru/;;55.69821;37.50949;дом;OpenStreetMap / Nominatim, 21.09.2026
196;Вешняковская школа;;Городская;школа;14;False;IV степени;ВАО;Вешняки;;4;;;;;;;;;;;;;;;55.74101;37.83287;объект (школа в OSM);OpenStreetMap / Nominatim, 21.09.2026
197;Гимназия города Троицка;;Городская;гимназия;14;False;IV степени;ТАО;Троицк;;4;;;;;;;;;;;;;;;;;не найдено;
198;Гимназия им. Н.В. Пушкова;;Городская;гимназия;14;False;IV степени;ТАО;Троицк;;4;;;;;;;;;;;;;;;;;не найдено;
199;Измайловская школа № 1508;;Городская;школа;14;False;IV степени;ВАО;Измайлово;;4;;;;;;;;;;;;;;;55.79209;37.80263;здание школы по номеру (OSM) — сверить;OpenStreetMap / Nominatim, 21.09.2026
200;Инженерно-техническая школа им. П.Р. Поповича;;Городская;школа;14;False;IV степени;САО;Аэропорт;;4;;;;;;;;;;;;;;;55.80971;37.53148;объект (школа в OSM);OpenStreetMap / Nominatim, 21.09.2026
201;Лицей Президентской академии РАНХиГС;Лицей Президентской академии РАНХиГС;Вузовская;лицей;14;False;;ЗАО;Тропарёво-Никулино;пр-т Вернадского, д. 98;;36;;91;;;;;;;;;;https://ranepa-lyceum.ru/;;55.65165;37.47221;дом;OpenStreetMap / Nominatim, 21.09.2026
202;Лицей города Троицка;;Городская;лицей;14;False;IV степени;ТАО;Троицк;;4;;;;;;;;;;;;;;;;;не найдено;
203;Пушкинская школа № 1500;;Городская;школа;14;False;IV степени;ЦАО;Красносельский;;4;;;;;;;;;;;;;;;55.77355;37.64257;здание школы по номеру (OSM) — сверить;OpenStreetMap / Nominatim, 21.09.2026
204;Школа «Технологии обучения»;;Городская;школа;14;False;IV степени;ЗАО;Дорогомилово;;4;;;;;;;;;;;;;;;55.74114;37.55025;объект (школа в OSM);OpenStreetMap / Nominatim, 21.09.2026
205;Школа в Некрасовке;;Городская;школа;14;False;IV степени;ЮВАО;Некрасовка;;4;;;;;;;;;;;;;;;55.68802;37.92337;объект (школа в OSM);OpenStreetMap / Nominatim, 21.09.2026
206;Школа им. В.В. Маяковского;;Городская;школа;14;False;IV степени;ЮВАО;Южнопортовый;;4;;;;;;;;;;;;;;;55.72944;37.66641;объект (школа в OSM);OpenStreetMap / Nominatim, 21.09.2026
207;Школа № 1000;;Городская;школа;14;False;IV степени;ЗАО;Солнцево;;4;;;;;;;;;;;;;;;55.65778;37.39069;здание школы по номеру (OSM) — сверить;OpenStreetMap / Nominatim, 21.09.2026
208;Школа № 1080;;Городская;школа;14;False;IV степени;ВАО;Преображенское;;4;;;;;;;;;;;;;;;55.80951;37.72031;здание школы по номеру (OSM) — сверить;OpenStreetMap / Nominatim, 21.09.2026
209;Школа № 1191;;Городская;школа;14;False;IV степени;СЗАО;Митино;;4;;;;;;;;;;;;;;;55.85692;37.36111;здание школы по номеру (OSM) — сверить;OpenStreetMap / Nominatim, 21.09.2026
210;Школа № 1245;;Городская;школа;14;False;IV степени;ЮАО;Чертаново Южное;;4;;;;;;;;;;;;;;;55.60349;37.60167;здание школы по номеру (OSM) — сверить;OpenStreetMap / Nominatim, 21.09.2026
211;Школа № 1286;;Городская;школа;14;False;IV степени;СЗАО;Северное Тушино;;4;;;;;;;;;;;;;;;55.85711;37.42588;объект (школа в OSM);OpenStreetMap / Nominatim, 21.09.2026
212;Школа № 1296;;Городская;школа;14;False;IV степени;САО;Восточное Дегунино;;4;;;;;;;;;;;;;;;55.87738;37.56266;здание школы по номеру (OSM) — сверить;OpenStreetMap / Nominatim, 21.09.2026
213;Школа № 1324;;Городская;школа;14;False;IV степени;ВАО;Новогиреево;;4;;;;;;;;;;;;;;;55.75876;37.82320;объект (школа в OSM);OpenStreetMap / Nominatim, 21.09.2026
214;Школа № 1375;;Городская;школа;14;False;IV степени;ЮАО;Нагатино-Садовники;;4;;;;;;;;;;;;;;;55.68140;37.65667;объект (школа в OSM);OpenStreetMap / Nominatim, 21.09.2026
215;Школа № 1450 «Олимп»;;Городская;школа;14;False;IV степени;ЮАО;Нагорный;;4;;;;;;;;;;;;;;;55.65784;37.61237;здание школы по номеру (OSM) — сверить;OpenStreetMap / Nominatim, 21.09.2026
216;Школа № 1466 им. Н. Рушевой;;Городская;школа;14;False;IV степени;ЮАО;Царицыно;;4;;;;;;;;;;;;;;;55.62106;37.66329;объект (школа в OSM);OpenStreetMap / Nominatim, 21.09.2026
217;Школа № 1494;;Городская;школа;14;False;IV степени;СВАО;Марфино;;4;;;;;;;;;;;;;;;55.82602;37.60020;объект (школа в OSM);OpenStreetMap / Nominatim, 21.09.2026
218;Школа № 1528 им. И.В. Панфилова;;Городская;школа;14;False;IV степени;ЗелАО;Старое Крюково;;4;;;;;;;;;;;;;;;55.99556;37.17905;здание школы по номеру (OSM) — сверить;OpenStreetMap / Nominatim, 21.09.2026
219;Школа № 1539;;Городская;школа;14;False;IV степени;СВАО;Алексеевский;;4;;;;;;;;;;;;;;;55.81050;37.64185;здание школы по номеру (OSM) — сверить;OpenStreetMap / Nominatim, 21.09.2026
220;Школа № 1552;;Городская;школа;14;False;IV степени;ЮАО;Зябликово;;4;;;;;;;;;;;;;;;55.62508;37.74487;здание школы по номеру (OSM) — сверить;OpenStreetMap / Nominatim, 21.09.2026
221;Школа № 1553 им. В.И. Вернадского;;Городская;школа;14;False;IV степени;ЮАО;Даниловский;;4;;;;;;;;;;;;;;;55.72107;37.64910;здание школы по номеру (OSM) — сверить;OpenStreetMap / Nominatim, 21.09.2026
222;Школа № 158;;Городская;школа;14;False;IV степени;САО;Левобережный;;4;;;;;;;;;;;;;;;55.87356;37.46735;объект (школа в OSM);OpenStreetMap / Nominatim, 21.09.2026
223;Школа № 1583 им. К.А. Керимова;;Городская;школа;14;False;IV степени;САО;Головинский;;4;;;;;;;;;;;;;;;55.84448;37.49958;здание школы по номеру (OSM) — сверить;OpenStreetMap / Nominatim, 21.09.2026
224;Школа № 1636 «НИКА»;;Городская;школа;14;False;IV степени;ЮАО;Орехово-Борисово Южное;;4;;;;;;;;;;;;;;;55.60861;37.73724;здание школы по номеру (OSM) — сверить;OpenStreetMap / Nominatim, 21.09.2026
225;Школа № 1797 «Богородская»;;Городская;школа;14;False;IV степени;ВАО;Богородское;;4;;;;;;;;;;;;;;;55.80735;37.71226;здание школы по номеру (OSM) — сверить;OpenStreetMap / Nominatim, 21.09.2026
226;Школа № 1799;;Городская;школа;14;False;IV степени;ЦАО;Якиманка;;4;;;;;;;;;;;;;;;;;не найдено;
227;Школа № 185 им. В.С. Гризодубовой;;Городская;школа;14;False;IV степени;САО;Коптево;;4;;;;;;;;;;;;;;;55.83682;37.53543;объект (школа в OSM);OpenStreetMap / Nominatim, 21.09.2026
228;Школа № 1861 «Загорье»;;Городская;школа;14;False;IV степени;ЮАО;Бирюлёво Восточное;;4;;;;;;;;;;;;;;;55.57811;37.67974;здание школы по номеру (OSM) — сверить;OpenStreetMap / Nominatim, 21.09.2026
229;Школа № 1900;;Городская;школа;14;False;IV степени;СЗАО;Митино;;4;;;;;;;;;;;;;;;55.84144;37.36241;здание школы по номеру (OSM) — сверить;OpenStreetMap / Nominatim, 21.09.2026
230;Школа № 1948 «Лингвист-М»;;Городская;школа;14;False;IV степени;ЮЗАО;Черёмушки;;4;;;;;;;;;;;;;;;55.66434;37.58395;здание школы по номеру (OSM) — сверить;OpenStreetMap / Nominatim, 21.09.2026
231;Школа № 1950;;Городская;школа;14;False;IV степени;ЦАО;Пресненский;;4;;;;;;;;;;;;;;;55.76837;37.58815;объект (школа в OSM);OpenStreetMap / Nominatim, 21.09.2026
232;Школа № 199;;Городская;школа;14;False;IV степени;ЮЗАО;Академический;;4;;;;;;;;;;;;;;;55.69249;37.56611;объект (школа в OSM);OpenStreetMap / Nominatim, 21.09.2026
233;Школа № 2065;;Городская;школа;14;False;IV степени;НАО;Филимонковский;;4;;;;;;;;;;;;;;;55.60341;37.34578;объект (школа в OSM);OpenStreetMap / Nominatim, 21.09.2026
234;Школа № 2101;;Городская;школа;14;False;IV степени;ЗАО;Фили-Давыдково;;4;;;;;;;;;;;;;;;55.74160;37.47780;объект (школа в OSM);OpenStreetMap / Nominatim, 21.09.2026
235;Школа № 2200;;Городская;школа;14;False;IV степени;ВАО;Северное Измайлово;;4;;;;;;;;;;;;;;;55.80479;37.79062;здание школы по номеру (OSM) — сверить;OpenStreetMap / Nominatim, 21.09.2026
236;Школа № 507;;Городская;школа;14;False;IV степени;ЮАО;Нагатино-Садовники;;4;;;;;;;;;;;;;;;55.67229;37.65742;объект (школа в OSM);OpenStreetMap / Nominatim, 21.09.2026
237;Школа № 544;;Городская;школа;14;False;IV степени;ЮАО;Орехово-Борисово Южное;;4;;;;;;;;;;;;;;;55.60686;37.71464;здание школы по номеру (OSM) — сверить;OpenStreetMap / Nominatim, 21.09.2026
238;Школа № 547;;Городская;школа;14;False;IV степени;НАО;Коммунарка;;4;;;;;;;;;;;;;;;55.70933;37.64036;объект (школа в OSM);OpenStreetMap / Nominatim, 21.09.2026
239;Школа № 597 «Новое поколение»;;Городская;школа;14;False;IV степени;САО;Ховрино;;4;;;;;;;;;;;;;;;55.86601;37.48969;здание школы по номеру (OSM) — сверить;OpenStreetMap / Nominatim, 21.09.2026
240;Школа № 709 им. В.И. Долгих;;Городская;школа;14;False;IV степени;СВАО;Лосиноостровский;;4;;;;;;;;;;;;;;В источнике возможна опечатка в поле района (САО вместо СВАО).;;;не найдено;
241;Школа № 727;;Городская;школа;14;False;IV степени;СЗАО;Покровское-Стрешнево;;4;;;;;;;;;;;;;;;55.82784;37.42978;объект (школа в OSM);OpenStreetMap / Nominatim, 21.09.2026
242;Школа № 771;;Городская;школа;14;False;IV степени;САО;Дмитровский;;4;;;;;;;;;;;;;;;55.88280;37.53468;здание школы по номеру (OSM) — сверить;OpenStreetMap / Nominatim, 21.09.2026
243;Школа № 887;;Городская;школа;14;False;IV степени;ЗАО;Кунцево;;4;;;;;;;;;;;;;;;55.73694;37.42754;здание школы по номеру (OSM) — сверить;OpenStreetMap / Nominatim, 21.09.2026
244;Школа № 924;;Городская;школа;14;False;IV степени;ЮАО;Чертаново Южное;;4;;;;;;;;;;;;;;;55.59961;37.61709;здание школы по номеру (OSM) — сверить;OpenStreetMap / Nominatim, 21.09.2026
245;Средняя школа «Знайка»;;Городская;школа;11;False;;;;;;;16;;;;;;;;;;;;;55.84211;37.53146;объект (школа в OSM);OpenStreetMap / Nominatim, 21.09.2026
246;Школа сотрудничества;;Городская;школа;10;False;;;;;;42;;;;;;;;;;;;;;55.75331;37.66001;объект (отделение школы в OSM);OpenStreetMap / Nominatim, 21.09.2026
247;Школа Газпромбанка;;Городская;школа;9;False;;;;;;43;;;;;;;;;;;;;;;;не найдено;
248;Brookes Moscow;;Частная;школа;8;False;;СВАО;Свиблово;Лазоревый пр-д, д. 7;;;;;;высокая;2160000-2656000;нет;да;;;полный цикл IB (PYP + MYP + DP), IB World Continuum School;;https://www.brookesmoscow.ru/;;55.84806;37.63383;дом;OpenStreetMap / Nominatim, 21.09.2026
249;Cambridge International School (CIS);;Частная;школа;8;False;;САО;Левобережный;"ул. Фестивальная, д. 7А; кампусы Сколково (пос. Заречье) и Горки";;;;;;высокая;3400000;нет;да;;;британская программа + российский аттестат, IGCSE / A-Level;;https://cis.ru/;;55.85573;37.47373;дом;OpenStreetMap / Nominatim, 21.09.2026
250;Британская международная школа (BIS);;Частная;школа;8;False;;Москва;—;6 зданий в Москве;;;;;;высокая;3700000;нет;да;;;английский с 2 лет, A-Level, двойной аттестат;;https://bismoscow.com/;;;;не найдено;
251;Международная школа Москвы (ISM);;Частная;школа;8;False;;ЗАО;Крылатское;"Крылатская ул., д. 12; кампус «Росинка», Красногорский р-н";;;;;;высокая;;нет;да;;;британская программа, IGCSE + A-Level, STEAM-партнёрство с MIT, 2–18 лет;;https://www.nordangliaeducation.com/ism-moscow;;55.76526;37.43881;дом;OpenStreetMap / Nominatim, 21.09.2026
252;Школа «Президент»;;Частная;школа;8;False;;МО;Одинцовский г.о.;д. Жуковка, Ильинский подъезд, д. 2, стр. 1;;;;;;высокая;1944000-2403000;нет;да;;;билингвальная среда, IB, бассейн 25 м, скидки за 2-го ребёнка;;https://school-president.ru/;;55.73990;37.25073;населённый пункт;OpenStreetMap / Nominatim, 21.09.2026
253;Школа № 315;;Городская;школа;8;False;;;;;;46;;;;;;;;;;;;;;55.78298;37.67442;здание школы по номеру (OSM) — сверить;OpenStreetMap / Nominatim, 21.09.2026
254;Шуваловская школа № 1448;;Городская;школа;6;False;;;;;;;38;;;;;;;;;;;;;55.72081;37.51169;здание школы по номеру (OSM) — сверить;OpenStreetMap / Nominatim, 21.09.2026
255;Heritage School;;Частная;школа;5;False;;ВАО;Сокольники;"кампус Сокольники; кампус «Ленинский»";;;;;;да;1520000-2470000;нет;да;;;британская + российская программы, подготовка в вузы UK/US/EU;;https://heritageschool.ru/;;55.79960;37.70979;объект (отделение школы в OSM);OpenStreetMap / Nominatim, 21.09.2026
256;Wunderpark International School;;Частная;школа;5;False;;МО;Истринский г.о.;д. Борзые, ул. Невская, д. 100А (23-й км Новорижского ш.);;;;;;да;1620000;нет;да;;;билингвальный комплекс, Edutainment, обучение на природе;;https://wunderpark.ru/;;55.83094;37.04673;населённый пункт;OpenStreetMap / Nominatim, 21.09.2026
257;Европейская гимназия;;Частная;гимназия;5;False;;ВАО;Сокольники;ул. Сокольнический Вал, д. 28;;;;;;средняя;855000-1170000;нет;да;;;две траектории: ФГОС/ЕГЭ и IB DP, работает с 1992 г.;;https://www.eurogym.ru/;;55.79111;37.66792;дом;OpenStreetMap / Nominatim, 21.09.2026
258;Инновационная школа «Сколка»;;Частная;школа;5;False;;ЗАО;Можайский;Большой б-р, д. 37 (ИЦ «Сколково»);;;;;;да;;нет;нет;;;школа при ИЦ «Сколково», проектный и предпринимательский подход;;https://skolca.ru/;;55.69815;37.36470;дом;OpenStreetMap / Nominatim, 21.09.2026
259;Ломоносовская школа-пансион № 5;;Частная;школа;5;False;;МО;Одинцовский г.о.;"ул. Советская, д. 50Б (Рублёвка); пансион — д. Тельманское";;;;;;да;1935000;да;нет;;;пансион 5- и 7-дневный, языковой уклон;;https://lomon.ru/;;;;не найдено;
260;Школа № 1520 имени Капцовых;;Городская;школа;3;False;;;;;;;48;;;;;;;;;;;;;55.75647;37.60298;здание школы по номеру (OSM) — сверить;OpenStreetMap / Nominatim, 21.09.2026
261;Школа № 2054;;Городская;школа;3;False;;;;;;;49;;;;;;;;;;;;;55.77246;37.62623;здание школы по номеру (OSM) — сверить;OpenStreetMap / Nominatim, 21.09.2026
262;Russian International School (RIS);;Частная;школа;0;False;;МО;Одинцовский г.о.;пос. Барвиха;;;;;;;2500000;нет;нет;;;двойной аттестат (российский + британский), помесячные модули;;https://rischool.ru/;;;;не найдено;
263;МГФСО;;Спортивная;школа;0;False;;ЦАО;Красносельский;Милютинский пер., д. 16, стр. 3 + объекты по всем округам;;;;;;;;нет;;нет;объединение спортшкол;40+ видов: гимнастика, плавание, прыжки в воду, водное поло, бокс, лёгкая атлетика, борьба, фехтование, велоспорт;;https://mgfso.mossport.ru/;;55.76400;37.63311;дом;OpenStreetMap / Nominatim, 21.09.2026
264;МКСШ «Зеленоград»;;Спортивная;школа;0;False;;ЗелАО;Крюково;г. Зеленоград, Озёрная аллея, д. 6;;;;;;;;нет;;нет;спортшкола (без статуса ОР);17 видов: волейбол, дзюдо, самбо, тхэквондо, футбол, гимнастика, плавание, лыжные гонки, теннис;;https://zelenograd.mossport.ru/;;55.98697;37.22595;дом;OpenStreetMap / Nominatim, 21.09.2026
265;МКСШОР «Восток»;;Спортивная;школа;0;False;;ЮВАО;Лефортово;Дворец борьбы им. И. Ярыгина, Авиамоторная ул., д. 40 + СК «Есенинский», «Курьяново», «Восточный»;;;;;;;;нет;;нет;СШОР;35+ видов: борьба, самбо, тхэквондо, бокс, дзюдо, шахматы, плавание, лёгкая атлетика, бейсбол;;https://vostok.mossport.ru/;;55.74173;37.72017;дом;OpenStreetMap / Nominatim, 21.09.2026
266;МКСШОР «Запад»;;Спортивная;школа;0;False;;ЗАО;Филёвский Парк;Большая Филёвская ул., д. 6 + 17 объектов;;;;;;;;нет;;нет;СШОР;бокс, водное поло, дзюдо, лёгкая атлетика, мотоспорт, плавание, самбо, стрельба из лука, фигурное катание, футбол;;https://zapad.mossport.ru/;;55.75253;37.50970;дом;OpenStreetMap / Nominatim, 21.09.2026
267;МКСШОР «Новая Москва»;;Спортивная;школа;0;False;;НАО;Щербинка;объекты в Щербинке и Троицке, 19 спортобъектов;;;;;;;;нет;;нет;СШОР;27+ видов: волейбол, футбол, бокс, плавание, фигурное катание, хоккей, баскетбол, гимнастика;;https://newmoscow.mossport.ru/;;;;не найдено;
268;МКСШОР «Север»;;Спортивная;школа;0;False;;САО;Савёловский;Вятская ул., д. 28 + 30 объектов;;;;;;;;нет;;нет;СШОР;18 видов: бокс, дзюдо, каратэ, лёгкая атлетика, плавание, самбо, гимнастика, фехтование, шахматы, пятиборье;;https://sever.mossport.ru/;;55.79583;37.58247;дом;OpenStreetMap / Nominatim, 21.09.2026
269;МКСШОР «Юг»;;Спортивная;школа;0;False;;ЮАО;Донской;Хавская ул., д. 24, корп. 2 + 14 комплексов;;;;;;;;нет;;нет;СШОР;бейсбол, бокс, водное поло, дзюдо, каратэ, плавание, прыжки на батуте, самбо, тхэквондо, футбол;;https://yug.mossport.ru/;;55.71350;37.61240;дом;OpenStreetMap / Nominatim, 21.09.2026
270;Московская академия зимних видов спорта;;Спортивная;школа;0;False;;ЦАО;Таганский;Новорогожская ул., д. 25, стр. 4 + 8 комплексов;;;;;;;;нет;;нет;академия по виду спорта;бобслей и скелетон, кёрлинг, санный спорт, шорт-трек;;https://mwsa.mossport.ru/;;55.74164;37.68979;дом;OpenStreetMap / Nominatim, 21.09.2026
271;Московская академия плавания;;Спортивная;школа;0;False;;Москва;—;31 бассейн по всем округам;;;;;;;;нет;;нет;академия по виду спорта;плавание;;https://msa.mossport.ru/;;;;не найдено;
272;Московская академия современного пятиборья;;Спортивная;школа;0;False;;СВАО;Северный;9-я Северная линия, д. 1Б;;;;;;;;нет;;нет;академия по виду спорта;современное пятиборье, стрельба из лука, плавание, фехтование, триатлон;;https://mamp.mossport.ru/;;55.93669;37.55592;улица (дом не найден);OpenStreetMap / Nominatim, 21.09.2026
273;Московская академия фигурного катания на коньках;;Спортивная;школа;0;False;;ЮЗАО;Ясенево;"Новоясеневский пр-т, д. 26 (Центр Этери Тутберидзе); ЛД «Хрустальный», Профсоюзная ул., д. 97, корп. 1";;;;;;;;нет;;нет;академия по виду спорта;фигурное катание;;https://mmpa.mossport.ru/;;55.60443;37.53248;дом;OpenStreetMap / Nominatim, 21.09.2026
274;Московская академия хоккея;;Спортивная;школа;0;False;;ЮАО;Зябликово;Ореховый б-р, д. 18, корп. 2 + 15 спортшкол;;;;;;;;нет;;нет;академия по виду спорта;хоккей (муж./жен.), хоккей с мячом, следж-хоккей;;https://mha.mossport.ru/;;55.61131;37.72811;дом;OpenStreetMap / Nominatim, 21.09.2026
275;Московская баскетбольная академия;;Спортивная;школа;0;False;;ЮАО;Донской;Загородное ш., д. 2А + 10 подразделений;;;;;;;;нет;;нет;академия по виду спорта;баскетбол;;https://mba.mossport.ru/;;55.70026;37.60976;дом;OpenStreetMap / Nominatim, 21.09.2026
276;Московская теннисная академия;;Спортивная;школа;0;False;;ЗАО;Проспект Вернадского;"ул. Удальцова, д. 54; Чоботовская ул., д. 4, корп. 1";;;;;;;;нет;;нет;академия по виду спорта;теннис, ОФП;;https://mta.mossport.ru/;;55.68627;37.49095;дом;OpenStreetMap / Nominatim, 21.09.2026
277;Московская футбольная академия;;Спортивная;школа;0;False;;ЦАО;Красносельский;Верхняя Красносельская ул., д. 7А;;;;;;;;нет;;нет;академия по виду спорта;футбол: большой, женский, мини-футбол, пляжный;;https://mfa.mossport.ru/;;55.78556;37.66174;дом;OpenStreetMap / Nominatim, 21.09.2026
278;Московский центр боевых искусств;;Спортивная;школа;0;False;;ЮАО;Чертаново Центральное;Варшавское ш., д. 118, корп. 1;;;;;;;;нет;;нет;спортшкола;тхэквондо, дзюдо, каратэ, бокс, самбо, ММА, джиу-джитсу, рукопашный бой, капоэйра;;https://mcbi.mossport.ru/;;55.63157;37.61807;дом;OpenStreetMap / Nominatim, 21.09.2026
279;Московское училище олимпийского резерва (МУОР);;Спортивная;школа;0;False;;ЗАО;Фили-Давыдково;"Малая Филёвская ул., д. 34, корп. 2 + 16-я Парковая, 17; Ткацкая, 24 и 27";;;;;;;;нет;;нет;училище (СПО, после 9 класса);25+ видов: бокс, велоспорт, волейбол, гандбол, дзюдо, лёгкая атлетика, плавание, гимнастика, теннис, фехтование, футбол;;https://muor.mossport.ru/;;55.73585;37.45649;дом;OpenStreetMap / Nominatim, 21.09.2026
280;СШОР «Москвич»;;Спортивная;школа;0;False;;ЮВАО;Текстильщики;Волгоградский пр-т, д. 46/15, стр. 3;;;;;;;;нет;;нет;СШОР;бейсбол, софтбол, футбол, лёгкая атлетика, стрельба, плавание, бильярд, паралимпийские дисциплины;;https://moskvich.mossport.ru/;;55.70808;37.73328;дом;OpenStreetMap / Nominatim, 21.09.2026
281;Спортивный интернат «Чертаново»;;Спортивная;школа;0;False;;ЮАО;Чертаново Центральное;Чертановская ул., д. 7, корп. 3 + площадки Борисовские Пруды, Капотня;;;;;;;;да;;да;школа со спортуклоном;футбол (профиль), спортивная борьба, фитнес;;https://chertanovo.mossport.ru/;;55.63022;37.60486;дом;OpenStreetMap / Nominatim, 21.09.2026
282;ФСО «Юность Москвы»;;Спортивная;школа;0;False;;САО;Беговой;Ленинградский пр-т, д. 31А, стр. 1 + 109 спортобъектов;;;;;;;;нет;;нет;объединение спортшкол;24 олимпийских + 7 неолимпийских + 4 адаптивных вида, 35 спортшкол в составе;;https://yum.mossport.ru/;;55.78360;37.56021;дом;OpenStreetMap / Nominatim, 21.09.2026
283;ЦОиС «Москва-98»;;Спортивная;школа;0;False;;ЗАО;Проспект Вернадского;ул. Удальцова, д. 40 + ул. Лобачевского, д. 92;;;;;;;;нет;;да;школа со спортуклоном;волейбол, плавание, синхронное плавание, спортивная борьба, художественная гимнастика;;https://moscow98.mossport.ru/;;55.68458;37.49361;дом;OpenStreetMap / Nominatim, 21.09.2026
284;ЦСиО «МЭШ» (Московская экспериментальная школа);;Спортивная;школа;0;False;;ЮЗАО;Зюзино;Херсонская ул., д. 30, корп. 2, стр. 1;;;;;;;;нет;;да;школа со спортуклоном;ушу, каратэ, эстетическая гимнастика, ОФП;;https://mesh.mossport.ru/;;55.65458;37.56446;дом;OpenStreetMap / Nominatim, 21.09.2026
285;ЦСиО «Самбо-70»;;Спортивная;школа;0;False;;ЮЗАО;Коньково;ул. Академика Виноградова, д. 4Б + отделения Шаболовка, Гагаринский, Ясенево, Севастопольский;;;;;;;;нет;;да;школа со спортуклоном;самбо, дзюдо, киокусинкай, сумо, художественная гимнастика, спортивные танцы, плавание, футбол;;https://sambo70.mossport.ru/;;55.63091;37.48725;дом;OpenStreetMap / Nominatim, 21.09.2026
286;Центр образования и спорта «Локомотив»;;Спортивная;школа;0;False;;ВАО;Богородское;район Большая Черкизовская (адрес требует подтверждения);;;;;;;;нет;;да;школа со спортуклоном;футбол (при ФК «Локомотив»);;https://fclm.mskobr.ru/;;55.80407;37.74375;объект (школа в OSM);OpenStreetMap / Nominatim, 21.09.2026
287;Школа «Наследник»;;Частная;школа;0;False;;Москва;—;несколько кампусов в Москве;;;;;;;1620000;нет;нет;;;английский с носителями до C1, 1–11 кл.;;https://nasledniki.ru/;;55.63603;37.72216;объект (школа в OSM);OpenStreetMap / Nominatim, 21.09.2026
