tip;nazvanie;kak;cena
subsid_ipoteka;Субсидированная ставка;Застройщик доплачивает банку, покупатель получает ставку ниже рынка: 0,01–5% на 1–3 года или 11–14% на весь срок.;Цена выше на 10–30%. Короткая льгота выгодна только при быстром рефинансировании или продаже. Субсидия на весь срок окупается при владении дольше 5–7 лет.
transh_ipoteka;Траншевая ипотека;Банк выдаёт кредит частями. До ввода платёж идёт только с первого транша, от 100 тыс ₽.;Ставка рыночная, 17,7–19,2%, плюс комиссия 0,2%. Обычно без удорожания цены, но после второго транша платёж вырастает в 2–2,5 раза.
rassrochka_bez_udor;Рассрочка 0%;Платежи застройщику без процентов: ПВ 20–60%, срок 4 месяца – 3 года, часто крупный последний платёж.;Процентов нет, но нет и скидки за 100%. Реальная цена — эта скидка, в пересчёте от 7 до 60% годовых.
rassrochka_s_udor;Рассрочка с удорожанием;Цена выше на фиксированный процент (+1…+7%) или проценты на остаток (3,7–11,9% годовых).;Честнее, потому что цена видна. От 2% годовых у Гранели до 26% у Level на коротком сроке.
otsrochka_pv;Отсрочка и рассрочка ПВ;Первый взнос разбит или сдвинут: 30% сейчас, 20% по графику, 50% к вводу — часто ипотекой.;Ставка на ипотеку к вводу неизвестна заранее. Риск в последнем платеже.
skidka_100;Скидка за 100%;Минус 5–35% при оплате сразу, иногда и при ипотеке без субсидии.;Точка отсчёта для всех расчётов. Размер зависит от лота и меняется каждый месяц.
trade_in;Trade-in;Застройщик фиксирует цену новой квартиры и продаёт старую за 3–90 дней.;Дисконт на старое жильё 15–20% по рынку. Удобство оплачивается им.
ipoteka_krupnyi_chek;Ипотека на большую сумму;Программы с кредитом до 100 млн: Альфа с ФСК 12,39% на весь срок, Сбер 8% на 3 года.;Нужен официальный доход под платёж 0,8–1,3 млн в месяц.
drugoe;Другое;Комбо-ипотека, лизинг апартаментов, скидки за детей, «назови свою цену», рассрочка траншами.;Считать по месту.
