dev_id;developer;otkrytost;sayt;katalog;filtry;planirovki;primer;proverennye_proekty;primechanie;provereno;zhk_v_prodazhe_v_baze
mr-group;MR Group;открыто;https://www.mr-group.ru;https://www.mr-group.ru/flats/;да;да;ФЕЙМОС: 2-комн. 62,1 м², 20/57 эт. — 48 872 700 ₽ (спеццена 41 053 068 ₽);ФЕЙМОС, МОД, СЕТ, Веер, ДЖОЙС, Сити Бэй, СИТИДЗЕН, Селигер Сити, Метрополия, МИРА, СЛАВА, С5, 26 ПАРКВЬЮ, Симфония 34, ОНЕ, Форум, Николь, Люче, Кло 17, Казачий, Климашкина 7/11;"Общий выборщик (~5200 квартир) с фильтрами по проекту/комнатам/цене/площади; у каждого лота цена, площадь, этаж, корпус, отделка, планировка. Цены открыты и у делюкс-линейки MR Private (Николь, Люче, Кло 17, Казачий, Климашкина, Форум). У бизнес/премиум-лотов показаны полная цена и «специальная цена» со скидкой до 25% (ограниченный срок). Хайд — 0 лотов; Level Павелецкая Сити и Veil на сайте MR нет.";23.09.2026;24
sminex;Sminex;открыто;https://www.sminex.com;https://www.sminex.com/podbor-nedvizhimosti;да;да;Life Time: 1 спальня, 55,5 м², корп. E, 2 эт. — 69 540 000 ₽;Life Time, Тишинский бульвар, Фрунзенский, Лаврушинский, Палашёвский 11, Фон Дессин, Ильинка 3/8, Обыденский №1, Foriver, West Garden;"Выборщик «Выбор по параметрам» — 848 лотов по 10 проектам, у каждого цена, площадь, этаж, корпус, число спален, планировка, цена за м²; фильтры по проекту, спальням, площади, цене. Комнатность — по числу спален (евро). Городская усадьба, Рождественка 8, Достижение, Will Towers в выборщике без лотов/отсутствуют.";23.09.2026;16
gk-osnova;ГК Основа;открыто;https://gk-osnova.ru;https://gk-osnova.ru/kupit-kvartiru;да;да;Мираполис: 2-комн. 60,6 м² — 19,25 млн (со скидкой 10%);Мираполис, Эмоушен;"Общий каталог ~1900 лотов с ценой, площадью, этажом и номером; у Эмоушн на момент проверки «нет доступных предложений» на странице проекта";23.09.2026;12
forma;Forma (ПИК);открыто;https://forma.ru;https://forma.ru/market/list;да;да;Индиво: студия 22,93 м², корп. 4.1, 2 эт. — 19 357 506 ₽ (текущая цена 17 034 605 ₽);Соул, Пейв, Татум, Моментс, Портленд, Индиво, Натив;"FORMA: общий каталог forma.ru/market/list — 734 квартиры в 7 проектах с ценой, площадью, корпусом, этажом, номером, отделкой, датой ключей, планировкой; фильтры по спальням/цене/площади/проекту. Показаны полная цена и цена со скидкой. ПИК: www.pik.ru в браузере отдаёт 403 Forbidden (защита Qrator) — цены ПИК не проверены. republic.forma.ru не открылся; Republic, L67, Касаткина 11 в каталоге FORMA отсутствуют.";23.09.2026;10
level-group;Level Group (СЗ МастерСтрой);открыто;https://level.ru;https://level.ru/filter/;да;;Level Войковская: 1-комн. 43,2 м² — 24,63 млн (со скидкой 20%, без скидки 30,78 млн);Level Войковская;"Выборщик с номерами лотов, корпусом, этажом, ценой; наличие картинок планировок в выдаче инструментом не подтверждено";23.09.2026;10
gk-fsk;ГК ФСК;открыто;https://fsk.ru;https://fsk.ru/amber-city/flats;да;да;Амбер Сити: студия 28 м² (корп. 6, эт. 3, №1366) — 19,32 млн;Амбер Сити (AMBER CITY);"Выборщик по проекту: 335 лотов с номером, этажом, ценой; фильтры по корпусу, комнатам, цене, площади";23.09.2026;9
gruppa-lsr;Группа ЛСР;открыто;https://www.lsr.ru/msk/;https://www.lsr.ru/msk/kvartiry-v-novostroikah/;да;да;Обручева 30: студия 24,7 м², корп. 1-2, 45 эт. — 18 257 153 ₽ по акции (базовая цена 20 429 789 ₽);Обручева 30, Вейв, Парксайд, Ленинградка 58, Лё Дом (le-dome.ru), Шаболовка, 34;"Общий выборщик ЛСР Москва (1869 квартир в ЛУЧИ, Дмитровское небо, Парксайд, Вейв, ЗИЛАРТ, Обручева 30) с фильтрами по комнатности/цене/сроку/отделке; у каждой квартиры площадь, цена, этаж, корпус, срок, отделка, планировка, PDF. У лотов «Акция» в списке — спеццена, на карточке — и «Базовая цена». Ленинградка 58 — «Квартир нет в продаже». Лё Дом продаётся через отдельный сайт le-dome.ru без цен (по запросу). Шаболовка, 34 на сайте нет (анонс).";23.09.2026;8
gk-granel;ГК Гранель;открыто;https://granelle.ru;https://granelle.ru/flats;да;да;Павелецкая от Гранель: 1-комн. 43,2 м² (корп. 2, эт. 10) — 32,32 млн;Павелецкая от Гранель (MYPRIORITY Paveletskaya), Даниловский от Гранель;"Общий выборщик лотов с корпусом, этажом, сроком, площадью и ценой; страницы с фильтром по проекту закрыты robots.txt для инструмента";23.09.2026;7
donstroy;Донстрой;открыто;https://donstroy.moscow;https://donstroy.moscow/full-search/;да;да;Символ: студия 28,6 м², «Гордость», корп. 39, 9 эт. — 18 120 960 ₽ (без скидки 20 592 000 ₽);Символ, Река, Татарская 35, Событие, Остров, Начало, ДОМ XXII;"«Расширенный подбор» — 1851 квартира по всем проектам (Символ, Событие, Остров, Начало, Река, Татарская 35, ДОМ XXII, Огни и др.) с ценой, старой ценой при скидке, площадью, этажом, корпусом, отделкой, планировкой; фильтры по цене/площади/этажу/классу. Лоты «цена по запросу» из выдачи исключаются (фильтр !UF_PRICE_REQUEST), но у Реки и Татарской 35 цены показаны. На странице выборщика есть невидимая Yandex SmartCaptcha, данные грузятся без неё.";23.09.2026;7
gruppa-etalon;Группа Эталон;открыто;https://etalongroup.ru/msk/;https://etalongroup.ru/msk/choose/flat/;да;;Шагал: студия 24,7 м² (16 эт., №553) — 24,82 млн;Shagal (Шагал), Voxhall (Воксхолл);"Общий выборщик ~675 лотов с этажом, номером, сроком, площадью и ценой; картинки планировок в выдаче инструментом не подтверждены";23.09.2026;6
kontsern-krost;Концерн КРОСТ;открыто;https://krost.ru;https://krost.ru/flats/;да;да;Театральный квартал: 2-комн. 57,1 м², Дом «Жолтовский», 10 эт. — 38 828 000 ₽;Театральный квартал, Wellton SPA Residence, Wellton Towers, Высотка на Жукова, Дом «Малевич», Трилогия «Кристалл»;"Каталог квартир krost.ru/flats (430 лотов по 8 проектам, в т.ч. СПб «Невский Плаза») с ценой, старой ценой при скидке, площадью, этажом, корпусом, планировками; фильтры по проекту/комнатам/цене. Главная страница в браузере тяжёлая (подвисает), но данные каталога доступны. Wellton Gold в каталоге и в списке проектов отсутствует; Wellton Towers — 2 лота.";23.09.2026;6
capital-group;Capital Group;открыто;https://www.capitalgroup.ru;https://cg-projects.ru/flats;да;да;Мастерс: 2-комн. 80,8 м² (секц. 3, эт. 16) — 54,90 млн;Мастерс (Masters), Capital Towers (Кэпитал Тауэрс), Sky House (Скай Хаус);"Общий каталог cg-projects.ru/flats с ценами лотов; capitaltowers.ru/catalog/flats не открылся (too many redirects), zhk-uzory.com не резолвится; на capitalgroup.ru только описания";23.09.2026;5
sezar-group;Sezar Group;открыто;https://sezar-group.ru;https://sezar-group.ru/flats/;да;да;Сезар Сити: 1-комн. 47,5 м² (корп. 2, секц. 1, эт. 3) — 24,89 млн;Сезар Сити (SEZAR CITY), Сезар Силика, Сезар Будущее (Sezar Future);"Общий каталог лотов с ценой, площадью, корпусом, этажом; фильтрованные по проекту URL закрыты robots.txt";23.09.2026;5
gk-pioner;ГК Пионер;открыто;https://www.pioneer.ru;https://highlife.ru/search;да;да;Хай Лайф: 1-комн. 25,7 м² (корп. К5, эт. 5, №5/34) — 28,42 млн;Хай Лайф (High Life);"Выборщик на сайте проекта (203 лота с ценой, фильтры, SVG-планировки); на pioneer.ru — только описания проектов без цен; сайты SHIFT/OPUS/PRIDE не проверялись";23.09.2026;5
gk-samolet;ГК Самолёт;открыто;https://samolet.ru;https://samolet.ru/flats/;да;да;Верейская 41: 1-комн. 34,31 м², корп. 2.1, 8 эт. — 19 552 031 ₽ (зачёркнутая 23 556 663 ₽);Верейская 41, Заречье Парк, Квартал на воде;"Общий выборщик samolet.ru/flats (6000+ свободных лотов по всем проектам) с фильтрами по проекту/комнатам/цене/отделке/сроку; у лота площадь, этаж, корпус, срок сдачи, отделка, планировка и поэтажный план. У всех лотов показаны две цены — текущая и зачёркнутая «старая» (разница ~17%). «У Поклонной горы» на сайте нет (по novostroev — продажи не начаты).";23.09.2026;5
gals-development;Галс-Девелопмент (СЗ Галс-Маслово);открыто;https://hals-development.ru;https://hals-development.ru/realty/object/admiral;да;;Адмирал: 2-комн. 41,5 м² (№618, корп. 1.1, 26 эт.) — 22,44 млн;Адмирал, Березки River Village;"На странице проекта список лотов с номером, корпусом, этажом, площадью и ценой, фильтры; у Березок (дома) фильтр выдал «ничего не найдено»; общий раздел — только «от» по проектам";23.09.2026;5
gruppa-akvilon;Группа Аквилон;открыто;https://msk.group-akvilon.ru;https://msk.group-akvilon.ru/project/akvilon-signal/flats/;да;;Аквилон Сигнал: студия-евро 19,6 м² (апарт., корп. 3, эт. 4, №1006) — 12,02 млн;Аквилон Сигнал;"Выборщик по проекту с номером лота, корпусом, этажом и ценой; в Сигнале в продаже апартаменты";23.09.2026;5
regions-development;Regions Development;открыто;https://dreamriva.ru;https://dreamriva.ru/flats/;да;;Дрим Рива: студия 29 м² (№383, корп. Терра, эт. 12) — 18,96 млн (со скидкой 10%);Дрим Рива (Dream Riva);"Сайт проекта с выборщиком лотов (номер, этаж, корпус, цена, фильтры); общего сайта застройщика с каталогом не найдено (regionsdevelopment.ru упомянут как кабинет брокера)";23.09.2026;4
stone;Stone;открыто;https://stone.ru;https://stone.ru/catalog/residential;да;;СТОУН Грэйн: студия 35,1 м² (лот A-007) — 22,85 млн;СТОУН Грэйн (STONE Grain);"На странице проекта карточки лотов с номером, площадью и ценой, ссылки на карточку лота; каталог с фильтрами (по спальням) закрыт robots.txt для инструмента";23.09.2026;4
tekta-group;TEKTA GROUP;открыто;https://tekta.ru;https://tekta.ru/search;да;;Эра: студия 26,9 м² (9 эт., без отделки) — 21,08 млн;Twelve (Твелв), Эра (Era), Ever (Эвер);"tekta.com редиректит на tekta.ru; общий поиск — таблица лотов с проектом, этажом, комнатностью, площадью и ценой; планировки в выдаче инструментом не подтверждены";23.09.2026;4
gk-tashir;ГК Ташир;открыто;https://tashir-estate.ru;https://stellarcity.ru/filter;да;да;"Стеллар Сити: студия 30,3 м², корп. 4, 10 эт. — 12 529 050 ₽; Легаси: 2-комн. 53,1 м², секц. 4, 2 эт. — 37 128 688 ₽";Стеллар Сити, Легаси, West Tower;"Tashir Estate: выборщики квартир на tashir-estate.ru/projects/<проект>/filter и на сайтах проектов (stellarcity.ru/filter — 305 лотов, legacydom.ru — 36) с ценой, ценой до скидки, площадью, корпусом/секцией, этажом, сроком ключей, планировкой; фильтры по комнатам/цене/площади/этажу/скидке. West Tower (сдан) — на сайте только машино-места, апартаменты не выставлены.";23.09.2026;4
rg-development;РГ-Девелопмент;открыто;https://rg-dev.ru;https://pp2.rg-dev.ru/flats;да;;Петровский парк II: 1-комн. 43,9 м² (№0979, секц. 8, эт. 2) — 25,04 млн (без скидки 27,22 млн);Петровский парк II;Выборщик на поддомене проекта: 182 лота с номером, секцией, этажом и ценой (цены с пометкой «от» на конкретный лот — полная/со скидкой);23.09.2026;4
coldy;COLDY;открыто;https://coldy.info;https://7danilovsky.ru/realty/by-params;да;;Дом 7 Даниловский: 1-комн. 31,1 м² (корп. 3, эт. 13, №3.13.2, предчистовая) — 36,86 млн;Дом 7 Даниловский;"coldy.ru редиректит на coldy.info (только описания и форма заявки); лоты с ценами — на сайте проекта 7danilovsky.ru; kozihinsky22.zhk.center не проверялся (похоже на брокерский)";23.09.2026;3
hutton-development;Hutton Development;открыто;https://hutton.ru;https://lunar.moscow/;да;нет;Lunar: 2-комн. (модуль A, кв. 2.9.4) 110,4 м² — 94,28 млн руб. со скидкой (было 107,09 млн);Lunar;"hutton.ru - только визитка без цен, реальный каталог на проектном сайте lunar.moscow (карточки лотов с ценой/площадью, фильтр по спальням/площади/цене/этажу); явных изображений планировок в статическом HTML не подтверждено";23.09.2026;3
st-michael;ST Michael;открыто;https://stmichael.ru;https://stmichael.ru/lots;да;да;Зорге 9: апартаменты-студия 16,8 м² (корп. 3, эт. 18) — 14,92 млн;Зорге 9;"Общий каталог лотов (151 объект) с ценами, планировками и фильтрами; в Зорге 9 продаются апартаменты; URL с фильтром по проекту закрыт robots.txt";23.09.2026;3
a101;А101;открыто;https://a101.ru;https://a101.ru/kvartiry/?project=dom-na-dzhalilya;да;да;Дом на Джалиля: 1-комн. евро 44,1 м² (корп. 1.1, эт. 6) — 23,25 млн;Дом на Джалиля;"Общий каталог a101.ru/kvartiry с лотами, ценами, фильтрами и схемами планировок; ~107 лотов по Дому на Джалиля";23.09.2026;3
gk-mangazeya;ГК Мангазея;открыто;https://мангазея.рф;https://xn--80aaijj0ai2m.xn--p1ai/catalog;да;да;Назаре: студия 21,4 м², корп. 6, 5 эт. — 14 299 908 ₽ (без скидки 16 627 800 ₽);Назаре, Муза, Интонация;"Сайт девелопера — мангазея.рф (mangazeya.ru — сайт холдинга без квартир). Каталог квартир по 4 проектам (Муза, Аура, Мангазея на Речном, Назаре) с ценой, базовой ценой и скидкой, площадью, корпусом, этажом, отделкой, сроком, планировкой; фильтры по проекту/комнатам/площади/цене. Интонация (сдана в 2023) в каталоге отсутствует, хотя на её странице — «Скидки до 10%». Кириллический домен — WebFetch не откроет.";23.09.2026;3
gruppa-rodina;Группа Родина;открыто;https://rodinapark.ru;https://rodinapark.ru/params?objectType=flats;да;да;"Родина Парк: студия 29,7 м², корп. 5, 26 эт. — 24 981 674 ₽; Родина Переделкино: студия 25,4 м², корп. 4 — 14 298 964 ₽ (без скидки 16 248 823 ₽)";Родина Парк, Родина Переделкино;"Отдельного корпоративного сайта с каталогом не нашёл; у проектов свои сайты с открытыми выборщиками: rodinapark.ru/params (87 квартир и пентхаусов + урбан-виллы) и rodina-peredelkino.ru/catalog (196 квартир) — цена, цена до скидки, площадь, корпус, этаж, срок, планировка; фильтры по спальням/цене/площади/корпусу/сроку. rodina-park.ru — посадочная страница без цен.";23.09.2026;3
strana-development;Страна Девелопмент;открыто;https://strana.com/msk/;https://strana.com/msk/flats/;да;да;Ридж: 1-комн. 40,03 м², ГП-1, секция 1, 2 эт. — 22 480 000 ₽ (без скидки 26 138 500 ₽);Ридж, Аурус Резиденции;"Каталог квартир strana.com/msk/flats с фильтрами (проект, комнаты, цена, акции); карточки сгруппированы по планировкам («N квартир на разных этажах»), у лотов цена, цена до скидки, площадь, корпус, секция, этаж, планировка. Московские проекты: Ридж, Аурус, Republic, Страна.Озёрная, Заречная, Парковая, WOW. Сайт по умолчанию открывает Тюмень (/tmn/), московский раздел — /msk/.";23.09.2026;3
afi-development;AFI Development;открыто;https://afitower.ru/;https://afitower.ru/#apartments;да;нет;AFI Tower: 3-комн. №1155 (52/53 эт.) 85,10 м² — 39,51 млн руб. (скидка 25%);AFI Tower;"Выборщик с фильтрами по комнатности/цене/этажу/площади/отделке/стороне света без регистрации; ""Резиденции архитекторов"" отдельно не проверялись";23.09.2026;2
dar;DAR (Дар Девелопмент);открыто;https://dar-development.ru;https://rakurs.moscow/catalog;да;да;Ракурс: студия 30,4 м², корп. 2, 4/26 эт. — 19 114 922 ₽ (без скидки 23 598 670 ₽);Ракурс, Солос;"dar-development.ru — корпоративный сайт без цен со ссылками на сайты проектов (ddoomm.moscow, rakurs.moscow, solos.moscow). На сайтах Ракурса (208 кв.) и Солоса (211 кв.) — выборщики с ценой, зачёркнутой ценой (скидка 19%), площадью, корпусом, этажом, планировкой, сроком ключей; фильтры по спальням/цене/корпусу/отделке. Данные грузятся JS (API с токеном приложения) — WebFetch видит пустую страницу. Дом на Часовой (ddoomm.moscow) не проверял.";23.09.2026;2
dominanta;Dominanta;открыто;https://d-a.ru/;https://hideout.d-a.ru/flats;да;да;hideOUT: 1-комн. 36,2 м² — 33,77 млн руб.;hideOUT;"427 лотов в каталоге, фильтры по комнатности/цене/площади/стороне света/виду из окна, у лотов есть ссылка на планировку; СВЕТ отдельно не проверялся";23.09.2026;2
element-development;Element Development;открыто;https://theelement.ru;https://flats.theelement.ru/;да;да;Новая, 11: 1-комн. 39,66 м², 4 эт., без отделки — 32 844 343 ₽;Новая, 11, Тессинский, 5, Дом Дау;"Element (СПб/Москва): общий выборщик flats.theelement.ru (фиды синхронизируются, 403 лота по 8 проектам, из Москвы — «Новая, 11» и «Тессинский, 5») с ценой, ценой за м², площадью, этажом, корпусом, отделкой, планировкой; фильтры по городу/проекту/комнатам/цене/площади. Дом Дау в выборщике нет — по novostroev это ГК «Сумма элементов» (другая компания; в базе ELEMENT смешан с ней), domdau.ru — квиз-лендинг без цен.";23.09.2026;2
ikon-development;IKON Development;открыто;https://skolkovoone.ru/;https://skolkovoone.ru/catalog/;да;нет;Skolkovo ONE: студия №148 (корп. 5) 26,7 м² — 11,91 млн руб. (скидка 10% от 13,24 млн);Skolkovo ONE;"Каталог зашит статически в HTML (29 квартир), фильтры по комнатности/корпусу/этажу/площади/цене; Chkalov отдельно не проверялся";23.09.2026;2
ingrad;Ingrad;открыто;https://www.ingrad.ru/;https://www.ingrad.ru/flats;да;да;Белый Град (МО): корп. 11.2, кв. №238, студия 21,1 м², 9 эт. — 6,02 млн (TopHILLS / КутузовGRAD — лотов нет, продажи завершены);TopHILLS, Кутузов Град (КутузовGRAD);Проверено в браузере 23.09.2026: каталог www.ingrad.ru/flats — 995 лотов с ценой, площадью, корпусом/этажом/№, фильтры по проекту/спальням/отделке/этажу/площади/стоимости, у лота планировка с размерами и план этажа. НО в каталоге только Новое Медведково и Белый Град. ВАЖНО для гида: на страницах www.ingrad.ru/projects/business/zk-tophills и /zk-kutuzovgrad написано «Продажи квартир в квартале … завершены» — у обоих проектов гида лотов на сайте нет. Вердикт «открыто» — о политике застройщика (цен;23.09.2026;2
october-group;October Group;открыто;https://storiesmoscow.ru/;https://storiesmoscow.ru/search;да;да;"Stories на Мосфильмовской: Stories Tower, кв. №220, 2-комн. 70 м², 23 эт. — 53,61 млн (44,50 млн со скидкой 17% при 100% оплате, до 30.09); Terrace House, кв. №346, студия 22,9 м² — 23,79 млн";Stories на Мосфильмовской, Кинг энд Санс (King & Sons);"Проверено в браузере 23.09.2026: storiesmoscow.ru/search — список лотов с номером, этажом, площадью, ценой и планировкой, фильтры по корпусу/комнатам/площади/цене/этажу. King & Sons: на сайте застройщика octobergroup.ru в проектах есть только ссылка на storiesmoscow.ru; kingandsons.ru в браузере не открылся (домен на парковочном IP reg.ru), отдельный сайт King & Sons не найден — вердикт по Stories.";23.09.2026;2
sense-development;Sense Development;открыто;https://sense.ru/;https://phantom.moscow/choosing/;да;да;Фантом: кв. №B21, корпус Юг, 2 эт., 1 спальня, 67,5 м², с отделкой — 135,0 млн (2,0 млн/м²);Фантом (Phantom), EDEN;"Проверено в браузере 23.09.2026: phantom.moscow/choosing/ — 51 лот с номером, корпусом, этажом, площадью и ценой (135–1269 млн), фильтры по типу/этажу/спальням/отделке/цене/площади, у лота страница с планировкой и ценой за м². EDEN (анонс): dom-eden.com — брокерский лендинг с пометкой «не является официальным сайтом застройщика», цен нет, только форма «Получить предложение»; официального сайта EDEN не нашёл.";23.09.2026;2
brusnika;Брусника;открыто;https://moskva.brusnika.ru/;https://moskva.brusnika.ru/flat/;да;да;"Квартал «МОНС»: студия 33,9 м², 5 эт. (moskva.brusnika.ru/flat/64646/) — 22,06 млн при 100% оплате (зачёркнутая 28,23 млн); Дом «А»: 1-комн. 36,6 м² — 32,43 млн";Квартал МОНС, Дом А;Проверено в браузере 23.09.2026: каталог /flat/ — 825 лотов с ценами и площадями, фильтры по проекту/комнатности/площади/стоимости, у каждого лота страница с планировкой (с размерами), планом секции и этажа. В продаже МОНС — 46 лотов (от 20,19 млн), Дом «А» — 77 лотов (от 30,85 млн). Регистрация не нужна.;23.09.2026;2
bestkon;Бэсткон;открыто;https://bestcon.ru/;https://bestcon.ru/novostroyki/vremya/kvartiry;да;да;Время: корп. 2, кв. №214, 2-комн. 56,5 м², 1 эт. — 24,2 млн (428 319 ₽/м²), дом сдан;Время, Большая Семёрка;Проверено в браузере 23.09.2026 (через WebFetch — только мета): bestcon.ru/novostroyki/vremya/kvartiry — список лотов с корпусом/подъездом/этажом/№, площадью, ценой и ценой м², фильтры, режимы «Список» и «Шахматка», планировки секций/квартир. По ЖК «Время» в продаже 3 квартиры (24,2–43,98 млн). Большая Семёрка — на сайте только акции (скидки), лоты не смотрел.;23.09.2026;2
gk-razvitie;ГК «Развитие»;открыто;https://rzv.ru/;http://rzv.ru/choice-flat/;да;нет;Резиденции Воронцова: 68,41 м², этаж 3 — 115 490 583 руб.;Резиденции Воронцова;"Полноценный выборщик с фильтром по комнатности (1-5), точные (не ""от"") цены по конкретным лотам без регистрации; Аристарховский отдельно не проверялся";23.09.2026;2
mosrealstroy;Мосреалстрой (УЭЗ);открыто;https://mosrealstroy.ru;https://dom-shelepiha.ru/apartments/;да;;Шелепиха: 1-комн. 24,3 м², башня А, 16/36 эт. — 19 119 591 ₽ (без скидки 22 232 083 ₽, скидка 14%);Шелепиха;"mosrealstroy.ru — карточки ЖК с ценой «от … ₽/м²» (Шелепиха от 476 000, Инноватор от 492 200, Интеллигент от 484 700 ₽/м²) и ссылками на сайты проектов. На сайте Шелепихи (dom-shelepiha.ru/apartments) — выборщик: 75 квартир с ценой, ценой до скидки, ценой за м², площадью, башней, этажом; фильтры по спальням, башне, этажу, цене, площади. Сайты Инноватора и Интеллигента не открывал. Планировки в списке не проверял.";23.09.2026;2
ooo-mangazeya;ООО Мангазея;открыто;https://мангазея.рф;https://xn--80aaijj0ai2m.xn--p1ai/catalog;да;да;Назаре: студия 21,4 м², корп. 6, 5 эт. — 14 299 908 ₽ (без скидки 16 627 800 ₽);Назаре, Муза, Интонация;"Сайт девелопера — мангазея.рф (mangazeya.ru — сайт холдинга без квартир). Каталог квартир по 4 проектам (Муза, Аура, Мангазея на Речном, Назаре) с ценой, базовой ценой и скидкой, площадью, корпусом, этажом, отделкой, сроком, планировкой; фильтры по проекту/комнатам/площади/цене. Интонация (сдана в 2023) в каталоге отсутствует, хотя на её странице — «Скидки до 10%». Кириллический домен — WebFetch не откроет.";23.09.2026;2
tsentr-invest;Центр-Инвест;открыто;https://ci.ru;https://ci.ru/choose;да;да;Will Towers: 3-комн. 85,4 м² — 42,60 млн руб. (566 813 руб/м², скидка 12%);Общий каталог ci.ru/choose (все проекты застройщика);"Общий выборщик квартир по всем проектам компании (107 вариантов на момент проверки), с фильтрами по цене/площади/этажу/сроку сдачи/планировкам; отдельно Костомаровский 15 и Фестиваль парк-2 не выделялись, но входят в общий каталог";23.09.2026;2
capital-alliance;Capital Alliance (СЗ Вражский);открыто;https://www.capitalgroup.ru;https://cg-projects.ru/flats;да;да;Мастерс: 2-комн. 80,8 м² (секц. 3, эт. 16) — 54,90 млн;Мастерс (Masters), Capital Towers (Кэпитал Тауэрс), Sky House (Скай Хаус);"Общий каталог cg-projects.ru/flats с ценами лотов; capitaltowers.ru/catalog/flats не открылся (too many redirects), zhk-uzory.com не резолвится; на capitalgroup.ru только описания";23.09.2026;1
dar-development;Dar Development;открыто;https://dar-development.ru;https://rakurs.moscow/catalog;да;да;Ракурс: студия 30,4 м², корп. 2, 4/26 эт. — 19 114 922 ₽ (без скидки 23 598 670 ₽);Ракурс, Солос;"dar-development.ru — корпоративный сайт без цен со ссылками на сайты проектов (ddoomm.moscow, rakurs.moscow, solos.moscow). На сайтах Ракурса (208 кв.) и Солоса (211 кв.) — выборщики с ценой, зачёркнутой ценой (скидка 19%), площадью, корпусом, этажом, планировкой, сроком ключей; фильтры по спальням/цене/корпусу/отделке. Данные грузятся JS (API с токеном приложения) — WebFetch видит пустую страницу. Дом на Часовой (ddoomm.moscow) не проверял.";23.09.2026;1
dominanta-coldy;Dominanta / COLDY;открыто;https://coldy.info;https://7danilovsky.ru/realty/by-params;да;;Дом 7 Даниловский: 1-комн. 31,1 м² (корп. 3, эт. 13, №3.13.2, предчистовая) — 36,86 млн;Дом 7 Даниловский;"coldy.ru редиректит на coldy.info (только описания и форма заявки); лоты с ценами — на сайте проекта 7danilovsky.ru; kozihinsky22.zhk.center не проверялся (похоже на брокерский)";23.09.2026;1
engeo-development;Engeo Development;открыто;https://kamerger.moscow/;https://kamerger.moscow/;да;да;Камергер: 1-спальня 69 м² (лот №231319, 1/6 этаж) — 164 430 000 ₽;Камергер;Полноценный каталог с фильтрами (спальни/цена/площадь/срок сдачи), планировками и конкретными ценами лотов, доступный без регистрации.;23.09.2026;1
level-group-mr-group;Level Group / MR Group;открыто;https://www.mr-group.ru;https://www.mr-group.ru/flats/;да;да;ФЕЙМОС: 2-комн. 62,1 м², 20/57 эт. — 48 872 700 ₽ (спеццена 41 053 068 ₽);ФЕЙМОС, МОД, СЕТ, Веер, ДЖОЙС, Сити Бэй, СИТИДЗЕН, Селигер Сити, Метрополия, МИРА, СЛАВА, С5, 26 ПАРКВЬЮ, Симфония 34, ОНЕ, Форум, Николь, Люче, Кло 17, Казачий, Климашкина 7/11;"Общий выборщик (~5200 квартир) с фильтрами по проекту/комнатам/цене/площади; у каждого лота цена, площадь, этаж, корпус, отделка, планировка. Цены открыты и у делюкс-линейки MR Private (Николь, Люче, Кло 17, Казачий, Климашкина, Форум). У бизнес/премиум-лотов показаны полная цена и «специальная цена» со скидкой до 25% (ограниченный срок). Хайд — 0 лотов; Level Павелецкая Сити и Veil на сайте MR нет.";23.09.2026;1
midland-development;Midland Development / Сбербанк Капитал;открыто;https://r1864.ru/;https://r1864.ru/search;да;да;Резиденция 1864: апартамент №606 (частная коллекция), секция 3, 6 эт., 3 спальни, 289,7 м² — 491,5 млн;Резиденция 1864 (Царев сад);"Проверено в браузере 23.09.2026 (WebFetch получал 403): r1864.ru/search — подбор по параметрам (коллекция, секция, этаж, спальни, площадь, цена), в выдаче 6 лотов с номером, площадью и ценой в млн (473,8–3415,3 млн); r1864.ru/plans — выбор на фасаде с карточкой лота (цена, PDF, планировка). В данных сайта (/hydra/json/living.json) 68 апартаментов, у 43 указана цена, у 25 (часть «частной» коллекции) цены нет. Апартаменты.";23.09.2026;1
plato-development;PLATO Development;открыто;https://kutuzov-city.ru/;https://kutuzov-city.ru/catalog;да;нет;Кутузов Сити: студия №133 (корп. Созидание) 33,3 м², эт.10/28 — 25 673 051 руб. со скидкой (28 846 125 руб. без скидки);Кутузов Сити;Каталог с фильтром по комнатности, конкретные лоты с номером/этажом/ценой без регистрации;23.09.2026;1
plus-development;Plus Development;открыто;https://plus.dev/;https://plus.dev/flats?view=cards&complex_id=86b7784d-62e3-4e50-b48e-ba3a7d4739ef;да;нет;Акценты: студия 29,6 м² — 17 522 815 руб.;Акценты;Интерактивный каталог с фильтрами по комнатности/цене/площади/отделке, конкретные лоты с ценой без регистрации;23.09.2026;1
rariteco;RARITECO;открыто;https://quartierdor.com/;https://quartierdor.com/planirovka-pod-rezidenta.html;нет;да;"Quartier d'Or: одна спальня 59,6 м², 4 эт., 2-я секция — 110,26 млн; две спальни 116,2 м², 5 эт. — 220,78 млн";Quartier d'Or (Картьер д'Ор);"Проверено в браузере 23.09.2026. Официальный сайт найден: quartierdor.com (в подвале «Застройщик: АО СЗ „Геоприбор“», почта saleqd@rariteco.com, YouTube @Rariteco). На странице «Планировки под резидента» — 5 конкретных резиденций с площадью, этажом/секцией, планировкой и ценой (110,26–367,08 млн), без регистрации; но это подборка, а не полный каталог — фильтров нет, по остальным лотам «Оставить заявку». zolotoykvartal.ru в браузере не открылся; другие домены из поиска (quartierdor.moscow, quarti";23.09.2026;1
renaissance-development;Renaissance Development (СТ Тауэрс);открыто;https://www.nevatowers.ru/;https://www.nevatowers.ru/en/apartments;да;нет;Neva Towers: апартамент №10 (башня T2, 3 этаж) 54,9 м² — 49 959 000 ₽ (скидка -30% от 71 370 000 ₽);Neva Towers (Нева Тауэрс);На странице открыто показаны 6 апартаментов и 4 пентхауса с ценами, площадью и сортировкой по цене/площади, без регистрации.;23.09.2026;1
touch;Touch;открыто;https://touch-development.ru/;https://champine.ru/flats/parametric/;да;нет;Champine: 4-спальная №189 (корп.3, эт.7) 129,8 м² — 76,0 млн руб. по акции (было 90,21 млн);Champine;"На touch-development.ru каталога нет, ссылка ведёт на champine.ru - там открытый список лотов (10 квартир) с ценой/площадью/спальнями/отделкой без регистрации; Дом Горизонтов отдельно не проверялся";23.09.2026;1
touch-development;Touch Development;открыто;https://touch-development.ru/;https://champine.ru/flats/parametric/;да;нет;Champine: 4-спальная №189 (корп.3, эт.7) 129,8 м² — 76,0 млн руб. по акции (было 90,21 млн);Champine;"На touch-development.ru каталога нет, ссылка ведёт на champine.ru - там открытый список лотов (10 квартир) с ценой/площадью/спальнями/отделкой без регистрации; Дом Горизонтов отдельно не проверялся";23.09.2026;1
uniq-development;UNIQ Development;открыто;https://springs.house/;https://springs.house/flats;да;да;Springs: 2-комн. 65 м² (кв. №107, 10 этаж) — 76 570 000 ₽ (1 178 000 ₽/м², с отделкой);Springs;Полноценный каталог лотов с ценами, площадью и фильтрами (комнатность/цена/площадь/этаж/вид) доступен без регистрации на /flats.;23.09.2026;1
ao-sz-sbersiti;АО СЗ СберСити (Рублёво-Архангельское);открыто;https://sbercity.ru/;https://sbercity.ru/property/flats;да;да;"СберСити: 2-комн. 83,5 м², квартал В17 — 49,40 млн (591 600 ₽/м², без отделки); 1-комн. 47,5 м², квартал В14 — 41,29 млн";СберСити в Рублёво-Архангельском;"Проверено в браузере 23.09.2026 (через WebFetch — пустая JS-оболочка/500): sbercity.ru/property/flats — «Выбор по параметрам», 131 квартира, карточки с комнатностью, площадью, ценой и ценой м², кварталом, отделкой и планировкой; фильтры («Настроить параметры»), подборки (квартиры с ключами, увеличенные потолки и др.). Список грузится 5–10 с.";23.09.2026;1
absolyut-nedvizhimost;Абсолют Недвижимость;открыто;https://luzhniki-collection.ru/;https://luzhniki-collection.ru/flats;да;да;Коллекция Лужники: дом Highline 2, кв. 24, 1 спальня, 49,8 м², 5/17 эт., без отделки — 79,09 млн (1,59 млн/м²);Коллекция Лужники (Luzhniki Collection), Резиденции Сколково;"Проверено в браузере 23.09.2026 (через WebFetch был 400): luzhniki-collection.ru/flats — список лотов с домом, этажом, №, спальнями, отделкой, видом, сроком ключей, ценой и ценой м²; фильтр, выбор на генплане и «по планировкам». Резиденции Сколково — отдельного сайта не нашёл (проект «строится», в продаже не проверялся).";23.09.2026;1
absolyut-premium;Абсолют Премиум;открыто;https://luzhniki-collection.ru/;https://luzhniki-collection.ru/flats;да;да;Коллекция Лужники: дом Highline 2, кв. 24, 1 спальня, 49,8 м², 5/17 эт., без отделки — 79,09 млн (1,59 млн/м²);Коллекция Лужники (Luzhniki Collection), Резиденции Сколково;"Проверено в браузере 23.09.2026 (через WebFetch был 400): luzhniki-collection.ru/flats — список лотов с домом, этажом, №, спальнями, отделкой, видом, сроком ключей, ценой и ценой м²; фильтр, выбор на генплане и «по планировкам». Резиденции Сколково — отдельного сайта не нашёл (проект «строится», в продаже не проверялся).";23.09.2026;1
aeon-development;Аеон Девелопмент;открыто;https://aeondevelopment.ru/;https://riverpark-kutuzovskiy.ru/flats/#/list;да;да;"Ривер Парк Кутузовский: башня Лазурь, кв. №14, студия 36,3 м², 3 эт., без отделки — 29,71 млн; Ривер Парк (Коломенское): корп. 12, помещение №12, 35,5 м² — 14,28 млн";Ривер Парк Кутузовский (River Park Towers), Ривер Парк;Проверено в браузере 23.09.2026: riverpark-kutuzovskiy.ru/flats/ — список лотов (башня, отделка, этаж, №, спальни, площадь, цена), фильтры по башне/отделке/сроку/спальням/площади/стоимости/этажу/видам, колонка «Планировка», есть панорамный выбор. river-park.ru/lots/table/ (Ривер Парк Коломенское, готовый квартал) — 289 лотов с площадью, ценой и ценой м², карточки объектов. aeondevelopment.ru — корпоративный сайт без каталога.;23.09.2026;1
baltiyskaya-stroitelnaya-kompaniya;Балтийская строительная компания;открыто;https://arbatstars.ru/;https://arbatstars.ru/param/;да;да;Звезды Арбата: апартамент №607, 1 спальня, 106,7 м², 6 эт., без отделки — 101,37 млн;Звезды Арбата;"Проверено в браузере 23.09.2026 (у WebFetch /param/ зацикливался): arbatstars.ru/param/ — 21 апартамент с номером, отделкой, ценой, площадью, этажом, спальнями, статусом (в резерве/продан); фильтр, выбор на плане, раздел «Редкие форматы», планировки. На странице «Участники проекта» — комплекс возведён «Балтийской строительной компанией» (БСК-Санкт-Петербург). Это апартаменты.";23.09.2026;1
gk-strana-development;ГК Страна Девелопмент;открыто;https://strana.com/msk/;https://strana.com/msk/flats/;да;да;Ридж: 1-комн. 40,03 м², ГП-1, секция 1, 2 эт. — 22 480 000 ₽ (без скидки 26 138 500 ₽);Ридж, Аурус Резиденции;"Каталог квартир strana.com/msk/flats с фильтрами (проект, комнаты, цена, акции); карточки сгруппированы по планировкам («N квартир на разных этажах»), у лотов цена, цена до скидки, площадь, корпус, секция, этаж, планировка. Московские проекты: Ридж, Аурус, Republic, Страна.Озёрная, Заречная, Парковая, WOW. Сайт по умолчанию открывает Тюмень (/tmn/), московский раздел — /msk/.";23.09.2026;1
gk-summa-elementov;ГК Сумма элементов;открыто;https://theelement.ru;https://flats.theelement.ru/;да;да;Новая, 11: 1-комн. 39,66 м², 4 эт., без отделки — 32 844 343 ₽;Новая, 11, Тессинский, 5, Дом Дау;"Element (СПб/Москва): общий выборщик flats.theelement.ru (фиды синхронизируются, 403 лота по 8 проектам, из Москвы — «Новая, 11» и «Тессинский, 5») с ценой, ценой за м², площадью, этажом, корпусом, отделкой, планировкой; фильтры по городу/проекту/комнатам/цене/площади. Дом Дау в выборщике нет — по novostroev это ГК «Сумма элементов» (другая компания; в базе ELEMENT смешан с ней), domdau.ru — квиз-лендинг без цен.";23.09.2026;1
gk-tochno;ГК ТОЧНО;открыто;https://tochno.life/;https://tochno.life/moskva/kvartiri/?id_complex=1650;да;да;"ЮТУ (U2): 2-комн. кв. №270, 57 м², 2 эт. — 32,97 млн; 1-комн. кв. №269, 28,1 м², 2 эт. — 20,15 млн";U2 (ЮТУ);"Проверено в браузере 23.09.2026 (страница грузится JS-ом 3–5 с): tochno.life/moskva/utu/kvartiri/ — «от 20 150 000 ₽», 94 предложения; tochno.life/moskva/kvartiri/?id_complex=1650 — список квартир с номером, ценой, площадью и этажом, фильтры (цена, комнаты, год заселения), вид плиткой/списком с планировками. Регистрация не нужна.";23.09.2026;1
gruppa-samolet;Группа Самолет;открыто;https://samolet.ru;https://samolet.ru/flats/;да;да;Верейская 41: 1-комн. 34,31 м², корп. 2.1, 8 эт. — 19 552 031 ₽ (зачёркнутая 23 556 663 ₽);Верейская 41, Заречье Парк, Квартал на воде;"Общий выборщик samolet.ru/flats (6000+ свободных лотов по всем проектам) с фильтрами по проекту/комнатам/цене/отделке/сроку; у лота площадь, этаж, корпус, срок сдачи, отделка, планировка и поэтажный план. У всех лотов показаны две цены — текущая и зачёркнутая «старая» (разница ~17%). «У Поклонной горы» на сайте нет (по novostroev — продажи не начаты).";23.09.2026;1
konsol;Консоль;открыто;https://a-22.ru/;https://a-22.ru/kvartiry/;да;нет;А22: 1-комн. №271, 50 м², эт. 31/34 — 35 050 000 руб.;А22;Каталог с фильтрами по секции/комнатности/площади/цене/этажу, конкретные лоты с номером квартиры без регистрации (a22.moscow отдавал 403);23.09.2026;1
krost-nedvizhimost;Крост Недвижимость;открыто;https://krost.ru;https://krost.ru/flats/;да;да;Театральный квартал: 2-комн. 57,1 м², Дом «Жолтовский», 10 эт. — 38 828 000 ₽;Театральный квартал, Wellton SPA Residence, Wellton Towers, Высотка на Жукова, Дом «Малевич», Трилогия «Кристалл»;"Каталог квартир krost.ru/flats (430 лотов по 8 проектам, в т.ч. СПб «Невский Плаза») с ценой, старой ценой при скидке, площадью, этажом, корпусом, планировками; фильтры по проекту/комнатам/цене. Главная страница в браузере тяжёлая (подвисает), но данные каталога доступны. Wellton Gold в каталоге и в списке проектов отсутствует; Wellton Towers — 2 лота.";23.09.2026;1
mssz-aeon;МССЗ / AEON;открыто;https://aeondevelopment.ru/;https://riverpark-kutuzovskiy.ru/flats/#/list;да;да;"Ривер Парк Кутузовский: башня Лазурь, кв. №14, студия 36,3 м², 3 эт., без отделки — 29,71 млн; Ривер Парк (Коломенское): корп. 12, помещение №12, 35,5 м² — 14,28 млн";Ривер Парк Кутузовский (River Park Towers), Ривер Парк;Проверено в браузере 23.09.2026: riverpark-kutuzovskiy.ru/flats/ — список лотов (башня, отделка, этаж, №, спальни, площадь, цена), фильтры по башне/отделке/сроку/спальням/площади/стоимости/этажу/видам, колонка «Планировка», есть панорамный выбор. river-park.ru/lots/table/ (Ривер Парк Коломенское, готовый квартал) — 289 лотов с площадью, ценой и ценой м², карточки объектов. aeondevelopment.ru — корпоративный сайт без каталога.;23.09.2026;1
neostroy;Неострой;открыто;https://turgenev-dom.ru/;https://turgenev-dom.ru/select/params;да;да;"Turgenev: тип 2, 1 спальня, 76,4 м², 2 эт. — 175,07 млн (2,29 млн/м²); тип 3, 2 спальни, 124,8 м², 6 эт. — 326,95 млн";Turgenev (Клубный дом Тургенев);"Проверено в браузере 23.09.2026 (через WebFetch — только JS-каркас): turgenev-dom.ru/select/params — выбор по параметрам (спальни, этаж, площадь, камин/терраса/двухуровневые/спец.цена), у лотов тип, площадь, этаж, стоимость м² и лота, экспликация и планировка («Скачать планировку»); есть и подбор по фасаду. Часть лотов (двухуровневые пентхаусы, напр. Р07-04+Р07-05, 292 м²) — «по запросу». Дом готов.";23.09.2026;1
rks-development;РКС Девелопмент;открыто;https://insiderhome.ru/;https://insiderhome.ru/apartments;да;нет;Insider: студия 34,7 м² — 18 083 192 руб. (скидка 22%);Insider;359 лотов в каталоге, фильтры по комнатности/корпусу/цене/этажу, конкретные цены без регистрации;23.09.2026;1
sz-zhk-yarkiy-riga;СЗ ЖК Яркий. Рига;открыто;https://rigahills.ru/;https://rigahills.ru/flats;да;нет;Riga Hills: студия 31,28 м² (кв. №443, корпус 1) — 10 378 978 ₽ (со скидкой 8 142 955 ₽);Riga Hills;Полный каталог лотов с ценами (включая скидки), площадью и фильтрами (комнатность/цена/площадь/срок сдачи/корпус/этаж/отделка) доступен без регистрации.;23.09.2026;1
sz-lsr-obekt-m;СЗ ЛСР. Объект-М (Группа ЛСР);открыто;https://www.lsr.ru/msk/;https://www.lsr.ru/msk/kvartiry-v-novostroikah/;да;да;Обручева 30: студия 24,7 м², корп. 1-2, 45 эт. — 18 257 153 ₽ по акции (базовая цена 20 429 789 ₽);Обручева 30, Вейв, Парксайд, Ленинградка 58, Лё Дом (le-dome.ru), Шаболовка, 34;"Общий выборщик ЛСР Москва (1869 квартир в ЛУЧИ, Дмитровское небо, Парксайд, Вейв, ЗИЛАРТ, Обручева 30) с фильтрами по комнатности/цене/сроку/отделке; у каждой квартиры площадь, цена, этаж, корпус, срок, отделка, планировка, PDF. У лотов «Акция» в списке — спеццена, на карточке — и «Базовая цена». Ленинградка 58 — «Квартир нет в продаже». Лё Дом продаётся через отдельный сайт le-dome.ru без цен (по запросу). Шаболовка, 34 на сайте нет (анонс).";23.09.2026;1
sz-stadion-spartak;СЗ Стадион Спартак;открыто;https://primavera.moscow/;https://primavera.moscow/search;да;нет;Primavera: 1-спальная №736 (кв. Беллини, стр.7, эт.2/13) 51,7 м² — 34 866 480 руб.;Клубный город на реке Primavera;Полнофункциональный каталог с фильтрами по корпусу/спальням/площади/цене/этажу, конкретные лоты без регистрации;23.09.2026;1
sreda;Среда;открыто;https://sreda.ru/;https://sreda.ru/flats/sreda-na-lobachevskogo;да;нет;Среда на Лобачевского: студия 25,9 м² (корп. 5.6, секц. 2, эт. 2/13) — 15 854 218 руб.;Среда на Лобачевского;"82 квартиры в каталоге, диапазон площадей 22-124 м², цены 15,85-68,47 млн руб., без регистрации; с 01.08.2026 проекты переходят под управление девелопера FORMA";23.09.2026;1
tekta-grupp;ТЕКТА ГРУПП;открыто;https://tekta.ru;https://tekta.ru/search;да;;Эра: студия 26,9 м² (9 эт., без отделки) — 21,08 млн;Twelve (Твелв), Эра (Era), Ever (Эвер);"tekta.com редиректит на tekta.ru; общий поиск — таблица лотов с проектом, этажом, комнатностью, площадью и ценой; планировки в выдаче инструментом не подтверждены";23.09.2026;1
uez;УЭЗ;открыто;https://mosrealstroy.ru;https://dom-shelepiha.ru/apartments/;да;;Шелепиха: 1-комн. 24,3 м², башня А, 16/36 эт. — 19 119 591 ₽ (без скидки 22 232 083 ₽, скидка 14%);Шелепиха;"mosrealstroy.ru — карточки ЖК с ценой «от … ₽/м²» (Шелепиха от 476 000, Инноватор от 492 200, Интеллигент от 484 700 ₽/м²) и ссылками на сайты проектов. На сайте Шелепихи (dom-shelepiha.ru/apartments) — выборщик: 75 квартир с ценой, ценой до скидки, ценой за м², площадью, башней, этажом; фильтры по спальням, башне, этажу, цене, площади. Сайты Инноватора и Интеллигента не открывал. Планировки в списке не проверял.";23.09.2026;1
energostroyinvest;Энергостройинвест;открыто;https://self-kvartal.ru/;https://self-kvartal.ru/apartments/list;да;нет;СЕЛФ: 2-комн. 54,7 м² (кв. №410, корпус 2с3, 7 этаж) — 24 963 021 ₽ (по акции 21 967 458 ₽);СЕЛФ (парковый квартал);Полный каталог с ценами, площадью, номерами квартир и фильтрами (корпус/комнаты/этаж/цена) доступен без регистрации на /apartments/list.;23.09.2026;1
rose-group;ROSE GROUP;открыто;https://hilkov5.ru/;https://hilkov5.ru/;да;да;Хилков: 2-спальни 119 м² (лот №235784) — 230 000 000 ₽;Хилков;Каталог лотов с ценами, площадью, фильтрами (комнатность/цена/площадь) и планировками доступен без регистрации.;23.09.2026;0
upside-development;Upside Development;частично;https://upside.ru;https://enigmiya.ru/search;да;да;Энигмия: 1 спальня 59,7 м², корп. 1, 2 эт. — 81 156 180 ₽;Энигмия, Золотые Крылья;upside.ru — корпоративный сайт без цен со ссылками на сайты проектов. Энигмия (enigmiya.ru/search) — подбор по параметрам: 37 лотов с ценой, площадью, корпусом, этажом, числом спален. Золотые Крылья (golden-w.ru/plans) — выборщик по корпусам/этажам с планировками, но цены у всех лотов пустые (только «Заказать звонок»). Итог — «частично»: цены открыты только у части проектов. Upside Towers не проверял.;23.09.2026;3
glavstroy-moskva;Главстрой Москва;частично;https://glavstroy.ru;https://beregovoy-kvartal.ru/flats;да;да;"Баланс: 1 спальня 30,3 м², корп. 3, 6 эт. — 16 576 455 ₽ (без скидки 19 053 397 ₽); Береговой: 1 спальня 43,4 м², корп. 10 — 28 271 287 ₽ (29 759 249 ₽)";Береговой, Баланс, Новые Академики, M54;Корпоративный glavstroy.ru — без цен, только карточки проектов со ссылками на сайты проектов. На сайтах Берегового (beregovoy-kvartal.ru, 125 лотов) и Баланса (get-balance.ru, 192 лота) открытые выборщики с ценой, скидкой, площадью, корпусом, этажом, планировкой и фильтрами. Новые Академики — отдельного сайта нет, на glavstroy.ru цен нет, на novostroev «Цена по запросу». M54 — проектирование. «Кутузовский пр-т, 36» на сайте нет. Итог — «частично»: цены открыты только у части проектов.;23.09.2026;3
guta-development;ГУТА-Девелопмент;частично;https://gutadevelopment.ru/;https://www.redoctober-dom.ru/;нет;да;Красный Октябрь: корпус А, квартира 103,64 м², 4 эт. — цена не указана (кнопка «Выбрать этот лот» → заявка);Красный Октябрь, Малая Ордынка 14;"Проверено в браузере 23.09.2026: gutadevelopment.ru — корпоративный сайт, ведёт на redoctober.moscow, там заглушка «Сайт на реконструкции» с кнопкой «Перейти к резиденциям» → redoctober-dom.ru. На redoctober-dom.ru — блок «Планировочные решения»: 8 конкретных лотов (корпус, площадь, этаж, виды, планировка) БЕЗ цен, у каждого «Выбрать этот лот» / «Оставить заявку»; каталога и фильтров нет, цен нигде нет. По правилу «лоты без цен» → «частично»; фактически цену дают только по заявке. Малая Ордынка ";23.09.2026;2
glavstroy;Главстрой;частично;https://glavstroy.ru;https://beregovoy-kvartal.ru/flats;да;да;"Баланс: 1 спальня 30,3 м², корп. 3, 6 эт. — 16 576 455 ₽ (без скидки 19 053 397 ₽); Береговой: 1 спальня 43,4 м², корп. 10 — 28 271 287 ₽ (29 759 249 ₽)";Береговой, Баланс, Новые Академики, M54;Корпоративный glavstroy.ru — без цен, только карточки проектов со ссылками на сайты проектов. На сайтах Берегового (beregovoy-kvartal.ru, 125 лотов) и Баланса (get-balance.ru, 192 лота) открытые выборщики с ценой, скидкой, площадью, корпусом, этажом, планировкой и фильтрами. Новые Академики — отдельного сайта нет, на glavstroy.ru цен нет, на novostroev «Цена по запросу». M54 — проектирование. «Кутузовский пр-т, 36» на сайте нет. Итог — «частично»: цены открыты только у части проектов.;23.09.2026;2
grad-development;Град Девелопмент;частично;https://ice-towers.ru/;https://ice-towers.ru/;да;да;ICE Towers: 1-комн. 34,9 м² — 31 198 855 ₽;Айс Тауэрс (ICE Towers), Aurum Time (Аурум Тайм);"Раздел «Выбор квартир» с фильтрами по комнатности/цене/площади, ссылки на планировки, конкретные цены видны без регистрации. | Реальный домен проекта — aurum-time-grad.ru (aurum-time.ru отдаёт 403). Есть базовые фильтры по типу и планировки, но только минимальные площади без цен; цены только по консультации/звонку.";23.09.2026;2
transstroyinvest;Трансстройинвест;частично;https://frankshouse.ru/;https://frankshouse.ru/flat/param/;да;да;"ОМ (zk-om.ru): корп. 1, кв. №144, 1-комн. 42,9 м², 21 эт. — 24,14 млн; Дом Франка: кв. №3, 2Е, 71,4 м², 2 эт. — цена не указана";Дом Франка, ОМ;Проверено в браузере 23.09.2026. Официальный сайт Дома Франка — frankshouse.ru (в подвале «Застройщик: Трансстройинвест»): выбор квартир по параметрам и на плане, 21 лот с корпусом/этажом/площадью и планировкой, но БЕЗ цен — только «Забронировать» (форма). dom-franka.com (был в списке) — брокерский лендинг с пометкой «не является официальным сайтом застройщика», цены только через форму «Узнать цены». ОМ: zk-om.ru (застройщик «СЗ Доходный дом») — «Последние квартиры», 3 лота с ценами (от 24,14 до;23.09.2026;2
3s-group;3S Group;частично;https://3s.group/;https://voicetowers.ru/;нет;нет;Voice: студии от 13,3 млн руб., 1-комн. от 17,3 млн руб. (только диапазоны по типам);Voice;"Только сводные ""цена от"" по типам квартир и средняя цена за м², конкретные лоты - через форму ""Получить актуальные цены и скрытые лоты""";23.09.2026;1
ant-development;ANT Development;частично;https://vp.moscow/;https://vp.moscow/;да;нет;;Виктори Парк Резиденсез (Victory Park Residences);"Есть раздел «Выбор квартир» (на генплане/по параметрам) и типы лотов, но видна только цена «от» по проекту (от 124 505 000 ₽), конкретных цен лотов не увидено; /flats — 404.";23.09.2026;1
asterus;Asterus;частично;https://alia.moscow/;https://alia.moscow/flats/;да;нет;"Alia: ""от 12 млн руб."" (башня Панорама), точные цены по 176 лотам не отображаются статически";Alia;"Есть только общая ""цена от"", фильтры по комнатности/готовности/типу присутствуют, но конкретные цены лотов подгружаются через JS-каталог";23.09.2026;1
optima-development;Optima Development;частично;https://primepark.ru/;https://primepark.ru/;да;да;2-комн. 95,8 м² — цена не указана (на странице только 'от 700 000 ₽/м²');Прайм Парк (Prime Park);Есть раздел «Выбрать квартиру» (по параметрам/визуально), 80 планировок, но цены конкретных лотов не видны в статике — только цена за м².;23.09.2026;1
prime-life-development;Prime Life Development;частично;https://1-ng.ru/;https://1-ng.ru/;да;да;1-й Нагатинский: студия от 29 м² — от 27 583 626 ₽ (12 единиц, корпус 1.2);1-й Нагатинский (Первый Нагатинский);Реальный сайт проекта — 1-ng.ru (primelifedevelopment.ru — только промо со ссылкой на 1-ng.ru). Каталог по корпусам/очередям с фильтрами и планировками, но цены даны как «от» по типу/корпусу, не по каждому конкретному лоту.;23.09.2026;1
vesta-development;VESTA Development;частично;https://imperium.moscow/;https://imperium.moscow/podbor-kvartiry/;да;да;Империум: №1, 1 спальня, 78,2 м², 2 этаж — цена по запросу;Империум (IMPERIUM);На /podbor-kvartiry/ показаны 18 конкретных пронумерованных лотов с площадью/этажом/спальнями и фильтрами (номер/тип/площадь/этаж/спальни/стоимость), но цена везде помечена «по запросу» — ни одной суммы не показано.;23.09.2026;1
gk-balchug-development;ГК Балчуг Девелопмент;частично;https://sadovnicheskaya69.ru/;https://sadovnicheskaya69.ru/kvartiry/;да;нет;;Садовническая 69;Есть фильтруемый каталог (корпус/спальни/площадь/этаж, сортировка по цене), но у лотов вместо цены кнопка «Запросить цену» — цены не показаны.;23.09.2026;1
zareche-development;Заречье-девелопмент;частично;https://www.park-skolkovo.ru/;https://www.park-skolkovo.ru/;нет;да;Сколково Парк: 4-комн. 141 м² (9/9 этаж, с отделкой) — 145 000 000 ₽;Сколково Парк;"Показаны лишь 1-2 конкретных примера (похоже, вторичные лоты) и диапазон «от 95,4 млн ₽»; полноценного фильтруемого каталога нет, большинство цен скрыто за формой заявки.";23.09.2026;1
sz-siyanie;СЗ Сияние;частично;https://33krilatskaya.ru/;;нет;нет;Студии от 29 м² — от 22 153 600 ₽;Крылатская 33;Показаны только диапазоны цен по типам, конкретные лоты и планировки скрыты за формой заявки.;23.09.2026;1
sz-smolenskiy-bulvar;СЗ Смоленский бульвар;частично;https://levshinskiy19.ru/;https://levshinskiy19.ru/;да;да;Левшинский 19: лот №1, 3-комн., 147 м², 2 эт., вид Б. Левшинский/двор — цена не указана;Левшинский 19 (Your MAJESTY);"Проверено в браузере 23.09.2026. Официальный сайт — levshinskiy19.ru (в подвале «Застройщик: ООО СЗ „Смоленский бульвар“», офис продаж Смоленский бульвар, 10). Раздел «Резиденции» — JS-выборщик с фильтром по этажу/комнатам/площади; в браузерной панели визуально не отрисовался, но его источник данных /data/lots.json открыт: 16 лотов (все available) с этажом, комнатами, площадью, видом, планировкой (svg) и PDF — поля цены нет вообще. Цены только через звонок/буклет. bolshoylevshinsky19.ru — «Сайт ";23.09.2026;1
talan;Талан;частично;https://talan.ru/msk;https://injoy.ru/flats;да;нет;INJOY: 1-комн. группа (2 кв.) от 25,9 м² от 19 936 689 руб.;INJOY;"Цены даны как ""от"" для групп одинаковых квартир (по площади/комнатности), без номера конкретного лота/этажа - это скорее прайс по типам, чем полноценный поштучный каталог";23.09.2026;1
aurix-development;Aurix Development;по запросу;https://omega-residences.ru/;;нет;нет;;Omega Residence (Омега Резиденс);"Только общий диапазон площадей (65-246 м²), стоимость помечена «ПО ЗАПРОСУ»; фильтров и конкретных лотов нет.";23.09.2026;4
foresight-development;Foresight Development;по запросу;https://foresight-development.ru/;;нет;нет;;Дом Соболева;"На dom-soboleva.ru указаны только типы/диапазоны площадей по комнатности (напр. 1-комн. 11 лотов 80-120 м²), кнопки ""узнать стоимость"" ведут на форму заявки - конкретных цен на сайте нет";23.09.2026;3
vesper;Vesper;по запросу;https://www.vespermoscow.com;https://realty.vespermoscow.com/;;;Левенсон: квартиры 131–495,9 м² — «цена по запросу»;Левенсон (Levenson), Vesper Погодинская;"На странице Левенсона явно «цена по запросу», на Погодинской цен нет вовсе (только диапазон площадей); выборщик realty.vespermoscow.com через инструмент пустой (JS) — содержимое не проверено";23.09.2026;3
ziggurat-development;Ziggurat Development;по запросу;https://ziggurat.moscow/;;нет;нет;;Зиккурат Преображенский;"Показаны только типы планировок с площадью ""от"" (студии от 35 м² и т.д.), кнопка ""Узнать цены"" ведёт на форму записи/получения презентации; VERNISSAGE отдельно не проверялся";23.09.2026;2
oniks-development;Оникс-Девелопмент;по запросу;https://demidov-usadba.ru/;;нет;да;;Усадьба Демидова;"Показаны 9 типов планировок (виллы 238-328 м², резиденции 228-278 м²) с разбивкой по этажам, но вместо цены везде кнопка ""запросить предложение""; Демидов 26 отдельно не проверялся";23.09.2026;2
apsis-globe;Apsis Globe;по запросу;https://apsisglobe.ru/;;нет;нет;;СИТИМИКС;"На главном сайте компании нет каталога квартир, только контакты отдела продаж; отдельный сайт проекта СИТИМИКС не проверялся отдельно";23.09.2026;1
bms-development;BMS Development;по запросу;https://phenomen-goroda.com/;;нет;нет;;Феномен города;"Цены, планировки и сроки ""уточняются и предоставляются по запросу"", есть только форма ""Подберём квартиру""";23.09.2026;1
gbk-group;GBK GROUP;по запросу;https://labellemaison.ru/;;нет;нет;;LA BELLE MAISON;"Раздел «Планировки» в меню есть, но конкретные лоты/цены на сайте не показаны; форма «Записаться на просмотр» или звонок.";23.09.2026;1
gravion;GRAVION;по запросу;https://gravion.ru/;;нет;нет;;CULT (Клубный дом Культ);"Промо-страница проекта без каталога квартир; только контактные номера и форма заявки.";23.09.2026;1
glorax;GloraX;по запросу;https://glorax.com/glorax-premium-belorusskaya;https://glorax.com/glorax-premium-belorusskaya;да;нет;;Глоракс Премиум Белорусская;"Фильтр подбора апартаментов (комнатность/площадь/цена) есть, но не выдаёт лотов («0 апартаментов»); сайт прямо предлагает звонок/заявку для деталей.";23.09.2026;1
granard;Granard;по запросу;https://granard.ru/;;нет;нет;;Гранд Фили;"На granard.ru нет каталога, только контакты/телеграм-бот; отдельный сайт проекта grandfili.moscow отдал 403 через инструмент";23.09.2026;1
legenda-intelligent-development;LEGENDA Intelligent Development;по запросу;https://legenda-dom.ru/;;нет;нет;;Северный порт. Береговые кварталы;"На legenda-dom.ru и legenda-sevport.ru показаны только диапазоны цен/площадей и типы планировок без привязки к конкретным лотам; итоговая цена и подбор - через отдел продаж; severniy-port.ru отдал 403";23.09.2026;1
magnum-development;Magnum Development;по запросу;https://magnum-company.ru/;https://magnum-solo.ru/apartments/;да;да;Магнум Соло: кв. №1, 2-комн., 97,1 м², 1 эт., свободна — «Стоимость по запросу»;Магнум Соло (Magnum Solo);Проверено в браузере 23.09.2026. Официальный сайт проекта — magnum-solo.ru (ссылка «Перейти на сайт проекта» с сайта застройщика magnum-company.ru / Magnum Development). Выбор квартир: таблица всех 24 лотов (№, этаж, комнаты, площадь) с фильтром по комнатам/этажу, у лота карточка с планировкой и PDF — но у всех лотов «Стоимость по запросу». magnumsolo.ru (был в списке, 403 у WebFetch) — брокерский лендинг («не является официальным сайтом застройщика», «Узнать цены» = форма). магнум-соло.рф — дом;23.09.2026;1
palladio-group;PALLADIO Group;по запросу;https://palladio.group/;https://annabels.ru/;нет;нет;Annabel's: резиденция с патио на 1 этаже, 82 м² — цена не указана;Annabel's (1913);"Проверено в браузере 23.09.2026. Корпоративный сайт palladio.group → «сайт проекта» annabels.palladiogroup.ru → официальный annabels.ru («Palladio Group – официальный сайт», дом готов, 9 квартир). В разделе «Уникальные квартиры» — 4 формата по этажам (резиденция с патио 82 м², квартиры 2–4 эт., с террасой 5 эт., двухуровневый пентхаус 6–7 эт.) без цен и без каталога лотов; связь — звонок/Telegram/WhatsApp. annabels.moscow — брокерский лендинг («не является официальным сайтом застройщика», «Узнат";23.09.2026;1
struktura-development;Struktura Development;по запросу;https://zhivopisnaya27.zhk.center/;;нет;нет;;Живописная, 27;"Лендинг ""скоро старт продаж"", нет каталога и цен, только форма заявки";23.09.2026;1
sun-development;Sun Development;по запросу;http://sundevelopment.ru/;;нет;нет;;Monodom Lake (Монодом Лэйк);"Только общий диапазон площадей (26–119,6 м²) и число лотов (238); цены и подбор — по звонку/заявке. Есть упоминание отдельного сайта monodom-lake.ru, не проверен.";23.09.2026;1
villagio-estate;Villagio Estate;по запросу;https://villagio-vip.ru;https://villagio-vip.ru/search/?mapCardsType=HouseCards&IsForSale=true&Type=200;да;;Раздоры-2: дом 1327 м² — «Цена по запросу»;Раздоры-2, Сады Майендорф;"Лоты (дома) показаны с площадью, но цена везде «по запросу»; на sadmayendorf.ru — «от 738,4 млн» и «Цена по запросу», лоты подгружаются JS";23.09.2026;1
gk-sever;ГК Север;по запросу;https://dius-mfk.ru/;;нет;нет;;DIUS;"Указана только минимальная площадь (""от 41 м²""), каталога и цен нет, только форма ""Заказать звонок""";23.09.2026;1
om-development;ОМ Девелопмент;по запросу;https://om-botanichesky.ru/;;нет;нет;;ОМ Ботанический;"Нет цен и каталога, только форма ""Получить презентацию""/запись на просмотр";23.09.2026;1
pao-ie-zhkkh;ПАО ИЭ ЖКХ;по запросу;https://domastris.ru/;https://domastris.ru/;да;нет;Astris: 1 спальня, 56 м², 5/45 этаж — «цена по запросу»;Astris (Косыгина, 21);Есть фильтр (площадь/этаж/спальни/отделка) и видны параметры лотов, но цены явно помечены «по запросу» — нигде не показана ни одна сумма.;23.09.2026;1
sz-5-donskoy;СЗ 5 Донской;по запросу;https://fivetowers.moscow/;;нет;нет;;Five Towers;"Статический лендинг с общими диапазонами площадей по комнатности, без цен; кнопки ""Узнать цены""/""Оставить заявку"" ведут на форму";23.09.2026;1
sz-sokolniki;СЗ Сокольники (Новая эра);по запросу;https://n-era.com/;https://online.n-era.com/;нет;нет;;КОД Сокольники;"На n-era.com нет цен; каталог вынесен на портал online.n-era.com, который требует входа по SMS-коду на телефон - без регистрации ничего не видно (kodsokolniki.com отдавал 403)";23.09.2026;1
sz-tretiy-rim;СЗ Третий Рим;по запросу;https://nikitsky6.ru/;;нет;нет;;Никитский 6;Указаны только общие параметры («57 квартир, 90,4–276,3 м²»), интерактивного каталога и цен на сайте нет.;23.09.2026;1
sz-ekran;СЗ ЭКРАН;по запросу;https://russian-seasons.ru/;https://russian-seasons.ru/;нет;нет;;Русские Сезоны;"Раздел «Планировки квартир»/«Выбор квартир» есть в навигации, но данные не отображаются в статике; цены только по звонку.";23.09.2026;1
spetsstroy-1;Спецстрой-1;по запросу;https://specstroy-1.ru/;;нет;нет;;Поклонная 7;Нет каталога/цен, только контакты офиса продаж и телефон;23.09.2026;1
tk-alladin;ТК «Алладин»;по запросу;https://apart-sokolniki.ru/;;да;нет;;Резиденция Сокольники;"Фильтр подбора (комнатность/цена/площадь/этаж) есть, но данные по лотам не отображаются («Показать апартаменты» без результатов); нужен звонок/заявка.";23.09.2026;1
elita-eko-gk-imena;Элита-Эко / ГК Имена;по запросу;https://doromille.ru/;;нет;нет;;Д'оро Миле (D'oro Mille);"Ссылки на 'Выбор по параметрам' и визуальный подбор есть, но данные (цены/площади конкретных лотов) не загружаются в статике; требуется звонок/заявка. Домен doromille.homes отдаёт 403.";23.09.2026;1
villagio-estate-villagio-realty;Villagio Estate / Villagio Realty;по запросу;https://villagio-vip.ru;https://villagio-vip.ru/search/?mapCardsType=HouseCards&IsForSale=true&Type=200;да;;Раздоры-2: дом 1327 м² — «Цена по запросу»;Раздоры-2, Сады Майендорф;"Лоты (дома) показаны с площадью, но цена везде «по запросу»; на sadmayendorf.ru — «от 738,4 млн» и «Цена по запросу», лоты подгружаются JS";23.09.2026;0
gruppa-psn;Группа ПСН;по запросу;https://44polyanka.com/;;нет;нет;;Полянка/44;"Прямо указано «цена квартиры по запросу», фильтров и открытого реестра лотов нет; сайт-витрина ссылается на партнёрский сайт продаж.";23.09.2026;0
vos-hod;Vos'hod;нет своего сайта;;;;;;Ahead, Armani/Casa Moscow Residences, BRUSOV;"Собственный сайт девелопера не найден (voshod.ru/.moscow не резолвятся, voshod.com — домен продаётся, на novostroev в карточке застройщика ссылки нет). Сайт проекта ahead.moscow (Tilda) отдаёт 403 Forbidden, brusov.ru не открывается. По novostroev: Armani/Casa — «цена по запросу», Brusov — продажи не начаты, Ahead — цены диапазонами. Вердикт «нет сайта» — по результатам поиска в браузере, без веб-поиска; если сайт существует под другим доменом — перепроверить.";23.09.2026;3
494-unr;494 УНР;нет своего сайта;;;нет;нет;;Ренессанс;Собственного сайта застройщика/проекта не найдено — только агрегаторы (novostroy-m.ru, cian.ru, vladis.ru и др.).;23.09.2026;1
galaxy-group;Galaxy Group;нет своего сайта;;;нет;нет;;Досфлота 10 (комплекс апартаментов);Собственного сайта застройщика/проекта не найдено — только агрегаторы (novostroy.ru, cian.ru, zastroev.ru и т.п.).;23.09.2026;1
r4s-group;R4S Group;нет своего сайта;;;нет;нет;;Большая Никитская 16;"r4s.ru/realty4sale.ru — это платформа коммерческой недвижимости, не сайт проекта; отдельного сайта у жилого проекта «Большая Никитская 16» не найдено, только агрегаторы (novostroev.ru, stroiki.ru).";23.09.2026;1
spektrstroy;СпектрСтрой;нет своего сайта;;;нет;нет;;Рогожский вал 12;Собственного сайта застройщика/проекта не найдено, только агрегаторы (novostroy.ru, cian.ru, mskguru.ru и др.).;23.09.2026;1
ezks;ЭЗКС;нет своего сайта;;;нет;нет;;Лайм;"Собственный сайт застройщика/проекта не найден - во всех результатах поиска только агрегаторы и брокерские страницы (cian, novostroy-m, gdeetotdom, zastroev.ru и т.п.); прямого домена ЭЗКС или ЖК Лайм не обнаружено";23.09.2026;1
miel-nedvizhimost;Миэль-Недвижимость;нет своего сайта;;;нет;нет;;Барвиха Клаб;"Это коттеджный посёлок; собственного сайта девелопера/застройщика не найдено — только страницы брокеров-агрегаторов (cottage.ru, rublevka-road.ru, slrealty.ru и т.п.). poselok-barvikha-club.ru не резолвится.";23.09.2026;0
pik;ПИК+;не удалось проверить;https://www.pik.ru;;да;да;Индиво: студия 22,93 м², корп. 4.1, 2 эт. — 19 357 506 ₽ (текущая цена 17 034 605 ₽);Соул, Пейв, Татум, Моментс, Портленд, Индиво, Натив;"pik.ru закрыт от автоматического доступа (403, защита Qrator); цены по проектам ПИК сняты из фида застройщика на Циан. У FORMA (forma.ru) каталог открыт.";23.09.2026;16
gk-kortros;ГК КОРТРОС;не удалось проверить;https://kortros.ru;https://kortros.ru/projects/tate#flats;нет;нет;;Тейт (Tate), УЛЬТИМА Сити (Ultima City), HeadLiner, iLove, Сикрет Гарден;"Повторно в браузере 23.09.2026: kortros.ru/projects/tate — снова 403 «Доступ к сайту kortros.ru запрещен» (Qrator). Лендинг проекта tate.kortros.ru открывается, но цен и лотов на нём нет (только «Скидки до 21%», «машино-места от 4,5 млн»), все кнопки «Выбрать квартиру/Все квартиры» ведут в каталог на kortros.ru (403). Поддомены ultima/ultimacity/headliner/ilove/secret-garden.kortros.ru не существуют (DNS), ultimacity.ru — на парковочном IP reg.ru. Вердикт поставить нельзя; вероятно, каталог на k";23.09.2026;5
stenoy;Stenoy;не удалось проверить;https://stenoy.group/;;нет;нет;;Оро (ORO), Артель, Scala (Скала);"Повторно в браузере 23.09.2026: stenoy.ru по https не грузится, по http — заглушка хостинга «Не добавлен на хостинг». Нашёлся корпоративный сайт stenoy.group (о девелопере, документы, контакты, кабинет агента) — каталога, цен и ссылок на проекты нет. Найденные сайты проектов artel.moscow, oro-house.ru, scala.house — брокерские лендинги с пометкой «Данный сайт не является официальным сайтом застройщика»; цен по лотам нет, только кнопки «Узнать цены» (форма), на oro-house.ru — «от 10 млн ₽» и диап";23.09.2026;3
kr-properties;KR Properties;не удалось проверить;http://www.kr-pro.ru/;;нет;нет;;Кузнецкий Мост 12;Проверено в браузере 23.09.2026. krp.ru — НЕ сайт застройщика: припаркованный домен «Домен продаётся» (Руцентр, 669 500 ₽). Сайт KR Properties по справочнику dommsk.ru — www.kr-pro.ru: в браузере не открывается ни по https, ни по http. kr-properties.ru, kuznetskymost12.ru, kuznetskymost12.com — пустая страница «Welcome to nginx!» (по https не грузятся). kuznetskymost.com — брокерский лендинг («не является официальным сайтом застройщика»), цен нет, только «Оставить заявку». Работающего официально;23.09.2026;1
e-development;Е-Девелопмент;не удалось проверить;https://www.edevelopment.ru/;;нет;нет;;Клубный дом Точка отсчета;"Проверено в браузере 23.09.2026: www.edevelopment.ru (и главная, и /projects/tochka-otscheta/) отдаёт ошибку Bitrix «[mysqli_sql_exception] Connection refused» — сайт застройщика сломан (БД недоступна). Домен проекта tochkaotscheta.ru сейчас ведёт на онлайн-казино (по прошлой проверке) — в браузере НЕ открывал и не взаимодействовал; в поиске DuckDuckGo он всё ещё значится как «Клубный дом «Точка отсчета»» с рекламной меткой erid. Другого официального сайта не найдено (в выдаче только агрегаторы)";23.09.2026;1
