school_id;name;category;tier;marked;index;grant;okrug;district;address;site;korpusov;lat;lon;geo_precision
litsey-vtoraya-shkola-im-v-f-ovchinnikova;Лицей «Вторая школа» им. В.Ф. Овчинникова;Городская;Отметка;да;100;I степени;ЮЗАО;Гагаринский;ул. Фотиевой, д. 18;https://lycuz2.mskobr.ru/;1;55.69781;37.55636;дом
pyatdesyat-sedmaya-shkola;Пятьдесят седьмая школа;Городская;Отметка;да;96;I степени;ЦАО;Хамовники;Малый Знаменский пер., д. 7/10, стр. 5;https://57.mskobr.ru/;3;55.74856;37.60514;дом
shkola-179;Школа № 179;Городская;Отметка;да;95;I степени;ЦАО;Тверской;ул. Большая Дмитровка, д. 5/6, стр. 7;https://schc179.mskobr.ru/;1;55.76033;37.61491;дом
shkola-1535;Школа № 1535;Городская;Отметка;да;94;I степени;ЦАО;Хамовники;ул. Усачёва, д. 50;https://lyc1535.mskobr.ru/;2;55.72605;37.56527;дом
shkola-tsentra-pedagogicheskogo-masterstva-tspm;Школа Центра педагогического мастерства (ЦПМ);Частная;Отметка;да;93;II степени;ЦАО;Мещанский;Олимпийский пр-т, д. 11, корп. 1 + площадки Марьина Роща, Курская;https://школа-цпм.рф/;2;55.79054;37.62240;улица
shkola-2007-fmsh;Школа № 2007 ФМШ;Городская;Отметка;да;93;I степени;ЮЗАО;Южное Бутово;ул. Горчакова, д. 9, корп. 1;https://schuuz2007.mskobr.ru/;1;55.54475;37.53277;дом
litsey-niu-vshe;Лицей НИУ ВШЭ;Вузовская;Отметка;да;91;I степени;ЦАО;Красносельский;Большой Харитоньевский пер., д. 4;https://school.hse.ru/;4;55.76364;37.64392;дом
shkola-letovo;Школа «Летово»;Частная;Отметка;да;88;I степени;НАО;поселение Сосенское;пос. Сосенское, Зимёнковская ул., д. 3;https://letovo.ru/;1;55.55741;37.42228;дом
shkola-1568-im-pablo-nerudy;Школа № 1568 им. Пабло Неруды;Городская;Отметка;да;85;I степени;СВАО;Южное Медведково;пр-д Шокальского, д. 7, корп. 2;https://lyc1568.mskobr.ru/;2;55.87454;37.64288;дом
shkola-1502-energiya;Школа № 1502 «Энергия»;Городская;Отметка;да;83;I степени;ВАО;Новогиреево;ул. Молостовых, д. 10А;https://1502.mskobr.ru/;3;55.76070;37.83049;дом
sunts-mgu-shkola-internat-im-a-n-kolmogorova;СУНЦ МГУ (школа-интернат им. А.Н. Колмогорова);Вузовская;Отметка;да;80;III степени;ЗАО;Фили-Давыдково;Кременчугская ул., д. 11;https://internat.msu.ru/;2;55.71928;37.46443;дом
shkola-1514;Школа № 1514;Городская;Отметка;да;80;I степени;ЗАО;Раменки;ул. Крупской, д. 12;https://gym1514uz.mskobr.ru/;6;55.68511;37.52700;дом
baumanskaya-inzhenernaya-shkola-1580;Бауманская инженерная школа № 1580;Городская;Отметка;да;79;I степени;ЮЗАО;Зюзино;Балаклавский пр-т, д. 6А;https://lycu1580.mskobr.ru/;2;55.64161;37.61263;дом
shkola-444;Школа № 444;Городская;Отметка;да;77;I степени;ВАО;Измайлово;Нижняя Первомайская ул., д. 14;https://schv444.mskobr.ru/;3;55.79068;37.79648;дом
litsey-vorobevy-gory;Лицей «Воробьёвы горы»;Городская;Отметка;да;75;II степени;ЮАО;Донской;Донская ул., д. 37;https://vg.mskobr.ru/;2;55.71882;37.60518;дом
litsey-finansovogo-universiteta;Лицей Финансового университета;Вузовская;Отметка;да;75;III степени;САО;Аэропорт;Ленинградский пр-т, д. 51, корп. 4;https://www.fa.ru/;1;55.79476;37.54456;улица
shkola-1543;Школа № 1543;Городская;Отметка;да;75;II степени;ЗАО;Тропарёво-Никулино;ул. 26 Бакинских Комиссаров, д. 3, корп. 5;https://gym1543.mskobr.ru/;2;55.656031;37.486605;корпус
shkola-na-yugo-vostoke-im-v-i-chuykova;Школа на Юго-Востоке им. В.И. Чуйкова;Городская;Отметка;да;66;I степени;ЮВАО;Рязанский;Зеленодольская ул., д. 32, корп. 6;https://schuv.mskobr.ru/;3;55.71168;37.76698;дом
kurchatovskaya-shkola;Курчатовская школа;Городская;Отметка;да;65;I степени;СЗАО;Щукино;ул. Маршала Василевского, д. 7, корп. 1;https://kurchat.mskobr.ru/;8;55.80455;37.47121;дом
universitetskaya-gimnaziya-mgu-imeni-m-v-lomonosova;Университетская гимназия МГУ имени М.В. Ломоносова;Вузовская;Отметка;да;64;;ЗАО;Раменки;Ломоносовский пр-т, д. 27, корп. 7;https://school.msu.ru/;1;55.69477;37.52462;дом
shkola-548-tsaritsyno;Школа № 548 «Царицыно»;Городская;Отметка;да;64;I степени;ЮАО;Орехово-Борисово Южное;ул. Домодедовская, д. 35, корп. 2;https://cou548.mskobr.ru/;4;55.60197;37.71725;дом
shkola-1518;Школа № 1518;Городская;Отметка;да;63;II степени;СВАО;Алексеевский;пр-т Мира, д. 87;https://gum1518.mskobr.ru/;2;55.80362;37.63511;дом
klassicheskiy-pansion-mgu;Классический пансион МГУ;Частная;Отметка;да;62;;ЗАО;Очаково-Матвеевское;ул. Лобачевского, д. 118, корп. 3;https://pansionmsu.ru/;2;55.69415;37.47161;дом
preduniversitariy-mifi;Предуниверситарий МИФИ;Вузовская;Отметка;да;62;II степени;ЮАО;Москворечье-Сабурово;Каширское ш., д. 31;https://mephi.ru/;1;55.65045;37.66580;дом
lomonosovskaya-shkola;Ломоносовская школа;Частная;Отметка;да;60;;ЗАО;Очаково-Матвеевское;Аминьевское ш., д. 18, корп. 4;https://lomon.ru/;3;55.71443;37.45594;дом
shkola-intellektual;Школа «Интеллектуал»;Городская;Отметка;да;55;III степени;ЗАО;Фили-Давыдково;Кременчугская ул., д. 11, стр. 4;https://int.mskobr.ru/;1;55.71928;37.46443;дом
shkola-2070-im-g-a-vartanyana;Школа № 2070 им. Г.А. Вартаняна;Городская;Отметка;да;55;I степени;НАО;поселение Сосенское;пос. Сосенское, п. Коммунарка, ул. Липовый Парк, д. 5А;https://sch2070.mskobr.ru/;3;55.56753;37.49307;дом
shkola-1547;Школа № 1547;Городская;Отметка;да;54;II степени;ЮВАО;Марьино;;;2;55.66386;37.76733;объект (школа в OSM)
shkola-1252-im-servantesa;Школа № 1252 им. Сервантеса;Городская;Отметка;да;53;II степени;САО;Сокол;;;2;55.81021;37.49634;здание школы по номеру (OSM) — сверить
shkola-1253;Школа № 1253;Городская;Отметка;да;53;II степени;ЦАО;Хамовники;Зубовский б-р, д. 5, стр. 1;https://sch1253c.mskobr.ru/;2;55.73460;37.59225;дом
shkola-1329;Школа № 1329;Городская;Отметка;да;53;I степени;ЗАО;Тропарёво-Никулино;Никулинская ул., д. 10;https://sch1329.mskobr.ru/;2;55.66892;37.46466;дом
shkola-2123-im-migelya-ernandesa;Школа № 2123 им. Мигеля Эрнандеса;Городская;Отметка;да;53;II степени;ЦАО;Пресненский;;;1;55.75689;37.59493;здание школы по номеру (OSM) — сверить
shkola-2036;Школа № 2036;Городская;Отметка;да;52;I степени;ВАО;Новокосино;ул. Татьяны Макаровой, д. 2;https://sch2036v.mskobr.ru/;2;55.71022;37.88721;дом
shkola-1533-lit;Школа № 1533 «ЛИТ»;Городская;Отметка;да;48;III степени;ЮЗАО;Гагаринский;Ломоносовский пр-т, д. 16;https://lyc1533.mskobr.ru/;2;55.69237;37.54375;дом
shkola-218;Школа № 218;Городская;Отметка;да;48;II степени;САО;Тимирязевский;ул. Вучетича, д. 6;https://sch218.mskobr.ru/;2;55.80866;37.56059;дом
akademicheskaya-shkola-1534;Академическая школа № 1534;Городская;Отметка;да;47;II степени;ЮЗАО;Академический;ул. Кедрова, д. 11;https://gym1534uz.mskobr.ru/;4;55.68520;37.57427;дом
shkola-1575;Школа № 1575;Городская;Отметка;да;47;II степени;САО;Аэропорт;ул. Усиевича, д. 6;https://lyc1575.mskobr.ru/;2;55.80502;37.53174;дом
chastnaya-shkola-zolotoe-sechenie;Частная школа «Золотое сечение»;Частная;Отметка;да;46;;ЦАО;Якиманка;"Ленинский пр-т, д. 13А (5–11 кл.); Комсомольский пр-т, д. 45 (начальная)";https://gold-school.ru/;2;55.72199;37.60358;дом
shkola-1501;Школа № 1501;Городская;Отметка;да;45;I степени;ЦАО;Тверской;Тихвинский пер., д. 3;https://lycc1501.mskobr.ru/;4;55.78774;37.59571;дом
shkola-171;Школа № 171;Городская;Отметка;да;45;III степени;ЦАО;Хамовники;2-я Фрунзенская ул., д. 7А;https://sch171c.mskobr.ru/;2;55.72231;37.57961;дом
shkola-2086;Школа № 2086;Городская;Отметка;да;45;II степени;ЮЗАО;Гагаринский;Университетский пр-т, д. 5;https://sch2086uz.mskobr.ru/;2;55.69579;37.55150;дом
shkola-2107;Школа № 2107;Городская;Отметка;да;44;II степени;ЦАО;Мещанский;Большая Переяславская ул., д. 1, стр. 1;https://sch2107.mskobr.ru/;5;55.78977;37.64134;улица (дом не найден)
shkola-1409;Школа № 1409;Городская;Отметка;да;43;II степени;САО;Хорошёвский;Ходынский б-р, д. 7;https://gym1409s-new.mskobr.ru/;2;55.78374;37.53057;дом
shkola-1589;Школа № 1589;Городская;Отметка;да;43;IV степени;ЗАО;Кунцево;Инициативная ул., д. 1;https://lycc1589.mskobr.ru/;1;55.71652;37.46083;дом
shkola-1504;Школа № 1504;Городская;Отметка;да;42;II степени;ВАО;Ивановское;;;2;55.76285;37.83823;здание школы по номеру (OSM) — сверить
oblastnaya-gimnaziya-im-e-m-primakova;Областная гимназия им. Е.М. Примакова;Частная;Отметка;да;41;;МО;Одинцовский г.о.;д. Раздоры, Утренняя ул., д. 1;https://primakov.school/;1;55.74728;37.29758;населённый пункт
shkola-1517;Школа № 1517;Городская;Отметка;да;40;II степени;СЗАО;Щукино;Живописная ул., д. 11, корп. 1;https://1517.mskobr.ru/;4;55.78522;37.45324;дом
shkola-1541;Школа № 1541;Городская;Отметка;да;40;III степени;ЗАО;Проспект Вернадского;пр-т Вернадского, д. 55;;3;55.66720;37.50888;здание школы по номеру (OSM) — сверить
inzhenernaya-shkola-1581;Инженерная школа № 1581;Городская;На заметку;нет;39;III степени;ЦАО;Басманный;Большой Полуярославский пер., д. 7;https://lycc1581.mskobr.ru/;3;55.75275;37.66264;дом
lomonosovskaya-shkola-intek;Ломоносовская школа «ИнТек»;Частная;На заметку;нет;39;;МО;Красногорск;Новорижское ш., ЖК «Монолит»;https://lomon.ru/;0;;;
shkola-1363;Школа № 1363;Городская;На заметку;нет;39;I степени;ЮВАО;Выхино-Жулебино;Рязанский пр-т, д. 82, корп. 4;https://sch1363uv.mskobr.ru/;7;55.70777;37.82419;дом
shkola-1980;Школа № 1980;Городская;На заметку;нет;39;II степени;ЮЗАО;Южное Бутово;;;1;55.53457;37.53278;здание школы по номеру (OSM) — сверить
horoshevskaya-shkola-horoshkola;Хорошевская школа (Хорошкола);Частная;На заметку;нет;38;III степени;СЗАО;Хорошёво-Мнёвники;"ул. Народного Ополчения, д. 7А и 9А; ул. Маршала Тухачевского, д. 45, корп. 2";https://horoshkola.ru/;1;55.77075;37.47070;дом
shkola-1557-im-p-l-kapitsy;Школа № 1557 им. П.Л. Капицы;Городская;На заметку;нет;38;II степени;ЗелАО;Савёлки;;;1;55.99292;37.21749;здание школы по номеру (OSM) — сверить
akademicheskaya-gimnaziya;Академическая гимназия;Частная;На заметку;нет;37;;Москва / МО;—;"кампусы в Москве; Химки, мкр. Новогорск, Олимпийская ул., д. 15";https://academ-school.ru/;1;55.90335;37.35936;дом
pavlovskaya-gimnaziya;Павловская гимназия;Частная;На заметку;нет;37;;МО;Истринский г.о.;д. Веледниково, ул. Живописная, д. 136 (Новая Рига);https://pavlovskayagymnasia.ru/;1;55.79854;37.11751;населённый пункт
shkola-nika;Школа «НИКА»;Частная;На заметку;нет;37;;ЮЗАО;Зюзино;"Малая Юшуньская ул., д. 4; Одесская ул., д. 21/29 + кампусы Фили, Нагатино, Чертаново";https://nikaschool.ru/;2;55.65449;37.59516;дом
shkola-1558-im-rosalii-de-kastro;Школа № 1558 им. Росалии де Кастро;Городская;На заметку;нет;37;II степени;СВАО;Бабушкинский;;;2;55.86859;37.65332;здание школы по номеру (OSM) — сверить
shkola-2083;Школа № 2083;Городская;На заметку;нет;37;II степени;НАО;Щербинка;;;1;55.49304;37.50245;здание школы по номеру (OSM) — сверить
shkola-pokrovskiy-kvartal;Школа «Покровский квартал»;Городская;На заметку;нет;36;II степени;ЦАО;Басманный;Большой Казённый пер., д. 9;https://pkvartal.mskobr.ru/;7;55.76063;37.65554;дом
shkola-192;Школа № 192;Городская;На заметку;нет;36;III степени;ЮЗАО;Гагаринский;;;1;55.70670;37.57490;объект (школа в OSM)
shkola-625;Школа № 625;Городская;На заметку;нет;36;III степени;ЮЗАО;Академический;;;2;55.69233;37.59288;здание школы по номеру (OSM) — сверить
shkola-algoritm;Школа «Алгоритм»;Частная;На заметку;нет;35;;ЦАО;Красносельский;Милютинский пер. + филиалы;https://algoritm-school.ru/;1;55.76478;37.63332;объект (школа в OSM)
shkola-67;Школа № 67;Городская;На заметку;нет;35;III степени;ЗАО;Дорогомилово;Кутузовский пр-т, д. 10, стр. 1;https://sch67.mskobr.ru/;5;55.74867;37.55875;дом
shkola-1529-imeni-a-s-griboedova;Школа № 1529 имени А.С. Грибоедова;Городская;На заметку;нет;34;IV степени;ЦАО;Хамовники;2-й Обыденский пер., д. 9;https://gym1529c.mskobr.ru/;4;55.74146;37.60321;дом
shuvalovskaya-shkola-1448;Шуваловская школа № 1448;Городская;На заметку;нет;34;группа 5;ЗАО;Раменки;;;2;55.72081;37.51169;здание школы по номеру (OSM) — сверить
shkola-152;Школа № 152;Городская;На заметку;нет;33;II степени;САО;Аэропорт;;;3;55.80310;37.53096;объект (отделение школы в OSM)
shkola-2098-im-l-m-dovatora;Школа № 2098 им. Л.М. Доватора;Городская;На заметку;нет;32;II степени;САО;Западное Дегунино;;;2;55.87881;37.51043;здание школы по номеру (OSM) — сверить
mezhdunarodnaya-shkola-integratsiya-xxi-vek;Международная школа «Интеграция XXI век»;Частная;На заметку;нет;31;;СЗАО;Щукино;"1-й Волоколамский пр-д, д. 9, корп. 2; ул. Маршала Катукова, д. 16, корп. 3";https://integraciya.ru/;2;55.80092;37.48986;дом
shkola-1474;Школа № 1474;Городская;На заметку;нет;31;II степени;САО;Ховрино;;;7;55.86594;37.50084;объект (школа в OSM)
shkola-2026;Школа № 2026;Городская;На заметку;нет;31;II степени;ВАО;Косино-Ухтомский;;;1;55.71782;37.88405;здание школы по номеру (OSM) — сверить
shkola-1317;Школа № 1317;Городская;На заметку;нет;30;III степени;ЗАО;Тропарёво-Никулино;;;1;55.67139;37.47051;здание школы по номеру (OSM) — сверить
shkola-1357-na-bratislavskoy;Школа № 1357 «На Братиславской»;Городская;На заметку;нет;30;II степени;ЮВАО;Марьино;;;7;55.65055;37.76250;здание школы по номеру (OSM) — сверить
shkola-marina-roscha-im-v-f-orlova;Школа «Марьина Роща» им. В.Ф. Орлова;Городская;На заметку;нет;29;II степени;СВАО;Марьина роща;;;3;55.78912;37.61601;объект (школа в OSM)
shkola-na-prospekte-vernadskogo;Школа на проспекте Вернадского;Городская;На заметку;нет;29;III степени;ЗАО;Тропарёво-Никулино;;;3;55.65344;37.48357;объект (школа в OSM)
shkola-1194-im-t-o-rastorgueva;Школа № 1194 им. Т.О. Расторгуева;Городская;На заметку;нет;29;II степени;ЗелАО;Крюково;;;1;55.98010;37.15349;здание школы по номеру (OSM) — сверить
shkola-1571;Школа № 1571;Городская;На заметку;нет;29;II степени;СЗАО;Северное Тушино;;;6;55.85675;37.44407;здание школы по номеру (OSM) — сверить
shkola-962;Школа № 962;Городская;На заметку;нет;29;II степени;СВАО;Отрадное;;;5;55.85533;37.58770;объект (школа в OSM)
gimnaziya-svyatitelya-vasiliya-velikogo;Гимназия Святителя Василия Великого;Частная;На заметку;нет;28;;МО;Одинцовский г.о.;д. Зайцево, Кокошкинское ш., д. 1;https://vasiliada.ru/;0;;;
shkola-1542;Школа № 1542;Городская;На заметку;нет;28;II степени;ЗАО;Солнцево;;;3;55.64680;37.39935;здание школы по номеру (OSM) — сверить
shkola-1574;Школа № 1574;Городская;На заметку;нет;28;III степени;ЦАО;Тверской;;;3;55.77977;37.59685;здание школы по номеру (OSM) — сверить
shkola-1576;Школа № 1576;Городская;На заметку;нет;28;II степени;САО;Коптево;;;5;55.84169;37.54186;объект (школа в OSM)
shkola-2089;Школа № 2089;Городская;На заметку;нет;28;II степени;ЮВАО;Некрасовка;;;1;55.68441;37.91831;здание школы по номеру (OSM) — сверить
shkola-novogorsk;Школа «Новогорск»;Частная;На заметку;нет;27;;МО;Химки;г. Химки, мкр. Новогорск;;1;55.89395;37.34720;объект (школа в OSM)
shkola-1002;Школа № 1002;Городская;На заметку;нет;27;II степени;ЗАО;Солнцево;;;4;55.64911;37.39881;здание школы по номеру (OSM) — сверить
shkola-1158;Школа № 1158;Городская;На заметку;нет;27;II степени;ЮАО;Чертаново Северное;;;4;55.63436;37.59625;объект (школа в OSM)
shkola-1298-profil-kurkino;Школа № 1298 «Профиль Куркино»;Городская;На заметку;нет;27;II степени;СЗАО;Куркино;;;1;55.90040;37.38401;здание школы по номеру (OSM) — сверить
shkola-1950;Школа № 1950;Городская;На заметку;нет;27;IV степени;ЦАО;Пресненский;;;2;55.76837;37.58815;объект (школа в OSM)
shkola-2120;Школа № 2120;Городская;На заметку;нет;27;II степени;НАО;Филимонковский;;;2;55.59299;37.37221;здание школы по номеру (OSM) — сверить
shkola-58;Школа № 58;Городская;На заметку;нет;27;III степени;СЗАО;Строгино;ул. Твардовского, д. 12А;;1;55.67842;37.53933;объект (школа в OSM)
obrazovatelnyy-tsentr-proton;Образовательный центр «Протон»;Городская;На заметку;нет;26;II степени;ЗАО;Филёвский Парк;;;2;55.73948;37.50195;объект (отделение школы в OSM)
shkola-1290;Школа № 1290;Городская;На заметку;нет;26;II степени;ВАО;Измайлово;;;2;55.79399;37.79319;здание школы по номеру (OSM) — сверить
shkola-1362;Школа № 1362;Городская;На заметку;нет;26;III степени;ВАО;Соколиная Гора;Лечебная ул., д. 20;;3;55.78191;37.73238;объект (школа в OSM)
shkola-1811-vostochnoe-izmaylovo;Школа № 1811 «Восточное Измайлово»;Городская;На заметку;нет;26;II степени;ВАО;Восточное Измайлово;;;5;55.79174;37.81267;здание школы по номеру (OSM) — сверить
shkola-2109;Школа № 2109;Городская;На заметку;нет;26;II степени;НАО;Щербинка;;;1;55.50199;37.59319;здание школы по номеру (OSM) — сверить
shkola-2127;Школа № 2127;Городская;На заметку;нет;26;II степени;ВАО;Новокосино;;;0;;;
shkola-7;Школа № 7;Городская;На заметку;нет;26;III степени;ЮЗАО;Ломоносовский;;;6;55.683455;37.524123;корпус
shkola-klassika-m;Школа «Классика-М»;Частная;На заметку;нет;25;;МО;Мытищи;г. Мытищи;;2;55.91201;37.73669;объект (школа в OSM)
shkola-1537-informatsionnye-tehnologii;Школа № 1537 «Информационные технологии»;Городская;На заметку;нет;25;III степени;СВАО;Ярославский;ул. Проходчиков, д. 9;;1;55.87423;37.71922;здание школы по номеру (OSM) — сверить
shkola-2031;Школа № 2031;Городская;На заметку;нет;25;III степени;ВАО;Косино-Ухтомский;;;1;55.71354;37.85203;здание школы по номеру (OSM) — сверить
shkola-2048;Школа № 2048;Городская;На заметку;нет;25;II степени;ЮВАО;Некрасовка;;;1;55.759310;37.517635;корпус
ekonomicheskiy-litsey-reu-im-g-v-plehanova;Экономический лицей РЭУ им. Г.В. Плеханова;Вузовская;На заметку;нет;25;;ЦАО;Замоскворечье;Стремянный пер., д. 36;https://www.rea.ru/;1;55.72764;37.62801;дом
shkola-svetlye-gory;Школа «Светлые горы»;Частная;;нет;24;;МО;Красногорск;г. Красногорск;;1;55.86762;37.32597;объект (школа в OSM)
shkola-1231-im-v-d-polenova;Школа № 1231 им. В.Д. Поленова;Городская;Лучшая в районе;нет;24;III степени;ЦАО;Арбат;Спасопесковский пер., д. 6, стр. 7;;6;55.74981;37.58904;здание школы по номеру (OSM) — сверить
shkola-1287;Школа № 1287;Городская;;нет;24;III степени;САО;Хорошёвский;;;2;55.79623;37.52057;здание школы по номеру (OSM) — сверить
shkola-1392-im-d-v-ryabinkina;Школа № 1392 им. Д.В. Рябинкина;Городская;Лучшая в районе;нет;24;II степени;ТАО;Троицк;;;1;55.51125;37.34836;здание школы по номеру (OSM) — сверить
shkola-1538;Школа № 1538;Городская;Лучшая в районе;нет;24;II степени;СЗАО;Митино;;;3;55.84119;37.37514;объект (школа в OSM)
shkola-1748-vertikal;Школа № 1748 «Вертикаль»;Городская;Лучшая в районе;нет;24;II степени;ВАО;Северное Измайлово;;;6;55.81986;37.86386;здание школы по номеру (OSM) — сверить
shkola-2094;Школа № 2094;Городская;Лучшая в районе;нет;24;II степени;НАО;Коммунарка;;;6;55.60434;37.41850;здание школы по номеру (OSM) — сверить
shkola-338-im-a-f-avdeeva;Школа № 338 им. А.Ф. Авдеева;Городская;;нет;24;II степени;НАО;Коммунарка;;;1;55.54991;37.50821;объект (школа в OSM)
shkola-627-im-d-d-lelyushenko;Школа № 627 им. Д.Д. Лелюшенко;Городская;;нет;24;III степени;ЦАО;Замоскворечье;Дубининская ул., д. 42;;4;55.73311;37.63605;объект (школа в OSM)
shkola-2051;Школа № 2051;Городская;;нет;23;III степени;ЮВАО;Некрасовка;;;1;55.70139;37.91764;здание школы по номеру (OSM) — сверить
shkola-internat-1;Школа-интернат № 1;Городская;;нет;23;II степени;СВАО;Алексеевский;;;1;55.807364;37.644416;корпус
marinskaya-shkola-1566;Марьинская школа № 1566;Городская;;нет;22;III степени;ЮВАО;Марьино;;;2;55.64834;37.75647;здание школы по номеру (OSM) — сверить
shkola-1251-im-sharlya-de-gollya;Школа № 1251 им. Шарля де Голля;Городская;;нет;22;III степени;САО;Сокол;;;3;55.79418;37.50684;здание школы по номеру (OSM) — сверить
shkola-1449-im-m-v-vodopyanova;Школа № 1449 им. М.В. Водопьянова;Городская;Лучшая в районе;нет;22;III степени;СВАО;Лианозово;;;2;55.897095;37.571158;корпус
shkola-2009;Школа № 2009;Городская;;нет;22;III степени;ЮЗАО;Южное Бутово;;;1;55.54084;37.51972;объект (школа в OSM)
shkola-2044-im-a-m-serebryakova;Школа № 2044 им. А.М. Серебрякова;Городская;Лучшая в районе;нет;22;III степени;СВАО;Северный;Дмитровское ш., д. 165Е, корп. 8;;3;55.93215;37.54088;объект (школа в OSM)
shkola-2045-im-d-a-razumovskogo;Школа № 2045 им. Д.А. Разумовского;Городская;;нет;22;III степени;ЗелАО;Крюково;;;1;55.97301;37.16361;объект (школа в OSM)
shkola-2097;Школа № 2097;Городская;Лучшая в районе;нет;22;III степени;СЗАО;Южное Тушино;Аэродромная ул., д. 9;;4;55.83892;37.40424;здание школы по номеру (OSM) — сверить
shkola-solnechnyy-veter;Школа «Солнечный ветер»;Частная;;нет;21;;Москва;—;Москва;;1;55.63195;37.47704;объект (школа в OSM)
shkola-1288-im-n-v-troyan;Школа № 1288 им. Н.В. Троян;Городская;;нет;21;III степени;САО;Хорошёвский;;;5;55.77761;37.52915;здание школы по номеру (OSM) — сверить
shkola-1359-im-m-l-milya;Школа № 1359 им. М.Л. Миля;Городская;;нет;21;III степени;ЮВАО;Выхино-Жулебино;;;2;55.70159;37.84487;здание школы по номеру (OSM) — сверить
shkola-1440;Школа № 1440;Городская;Лучшая в районе;нет;21;III степени;ЗАО;Крылатское;Осенний б-р, д. 10, корп. 3;;1;55.75752;37.41269;объект (школа в OSM)
shkola-1579;Школа № 1579;Городская;;нет;21;III степени;ЮАО;Москворечье-Сабурово;;;2;55.65060;37.63252;объект (школа в OSM)
shkola-17;Школа № 17;Городская;Лучшая в районе;нет;21;III степени;ЮЗАО;Коньково;;;5;55.63834;37.52802;объект (отделение школы в OSM)
shkola-2087-otkrytie;Школа № 2087 «Открытие»;Городская;;нет;21;III степени;ЮВАО;Марьино;;;0;;;
meditsinskiy-sechenovskiy-preduniversariy;Медицинский Сеченовский Предуниверсарий;Вузовская;;нет;20;;ЦАО;Хамовники;ул. Большая Пироговская, д. 2, стр. 2;https://www.sechenov.ru/;1;55.73490;37.57949;улица (дом не найден)
shkola-gloriya;Школа «Глория»;Городская;Лучшая в районе;нет;20;III степени;СВАО;Бибирево;;;3;55.90193;37.59056;объект (школа в OSM)
shkola-integral;Школа «Интеграл»;Городская;;нет;20;III степени;ЗАО;Филёвский Парк;;;1;55.73896;37.50208;объект (школа в OSM)
shkola-117;Школа № 117;Городская;;нет;20;III степени;ЮЗАО;Ломоносовский;;;3;55.67415;37.52824;объект (школа в OSM)
shkola-1400;Школа № 1400;Городская;Лучшая в районе;нет;20;III степени;ЗАО;Можайский;Можайское ш., д. 38, корп. 7;;1;55.72097;37.41140;здание школы по номеру (OSM) — сверить
shkola-1506;Школа № 1506;Городская;Лучшая в районе;нет;20;III степени;СВАО;Северное Медведково;Широкая ул., д. 1А;;1;55.88976;37.65047;здание школы по номеру (OSM) — сверить
shkola-1553-im-v-i-vernadskogo;Школа № 1553 им. В.И. Вернадского;Городская;Лучшая в районе;нет;20;IV степени;ЮАО;Даниловский;;;2;55.72107;37.64910;здание школы по номеру (OSM) — сверить
shkola-1944;Школа № 1944;Городская;;нет;20;III степени;СЗАО;Митино;;;2;55.84262;37.34949;здание школы по номеру (OSM) — сверить
shkola-2005;Школа № 2005;Городская;;нет;20;III степени;СЗАО;Куркино;;;2;55.89449;37.39614;объект (школа в OSM)
novaya-shkola;Новая школа;Частная;;нет;19;;ЗАО;Раменки;Мосфильмовская ул., д. 88, стр. 5;https://n.school/;1;55.70289;37.49126;дом
pervyy-moskovskiy-kadetskiy-korpus;Первый Московский кадетский корпус;Городская;;нет;19;группа 5;САО;Тимирязевский;;;1;55.815198;37.559530;корпус
preduniversitariy-mglu;Предуниверситарий МГЛУ;Вузовская;;нет;19;;ЦАО;Хамовники;ул. Остоженка, д. 36;https://linguanet.ru/;1;55.73914;37.59536;дом
shkola-1293;Школа № 1293;Городская;;нет;19;III степени;ЗАО;Кунцево;;;2;55.74285;37.41061;здание школы по номеру (OSM) — сверить
shkola-1306-shkola-molodyh-politikov;Школа № 1306 — «Школа молодых политиков»;Городская;;нет;19;;ЗАО;Раменки;Мичуринский пр-т, д. 15, корп. 2;https://gymg1306.mskobr.ru/;2;55.69821;37.50949;дом
shkola-1354-vektor;Школа № 1354 «Вектор»;Городская;;нет;19;III степени;ЮЗАО;Южное Бутово;;;1;55.54993;37.56306;здание школы по номеру (OSM) — сверить
shkola-1532;Школа № 1532;Городская;Лучшая в районе;нет;19;III степени;ЮЗАО;Тёплый Стан;;;4;55.62192;37.49149;здание школы по номеру (OSM) — сверить
shkola-1560-lider;Школа № 1560 «Лидер»;Городская;;нет;19;III степени;СЗАО;Хорошёво-Мнёвники;;;5;55.77079;37.49256;объект (школа в OSM)
mezhdunarodnaya-gimnaziya-skolkovo;Международная гимназия «Сколково»;Частная;;нет;18;;ЗАО;Можайский;ул. Зворыкина, д. 4;https://sk.ru/;1;55.69151;37.35156;дом
pansion-vospitannits-ministerstva-oborony-rf;Пансион воспитанниц Министерства обороны РФ;Городская;;нет;18;III степени;САО;Хорошёвский;;;1;55.77726;37.54521;объект (школа в OSM)
shkola-sviblovo;Школа «Свиблово»;Городская;Лучшая в районе;нет;18;III степени;СВАО;Свиблово;ул. Седова, д. 4, корп. 1;;7;55.85380;37.65932;объект (школа в OSM)
shkola-prava-i-ekonomiki;Школа права и экономики;Городская;;нет;18;;;;;;1;55.78311;37.08115;объект (школа в OSM)
shkola-109;Школа № 109;Городская;;нет;18;III степени;ЮЗАО;Тёплый Стан;;;2;55.64077;37.47537;здание школы по номеру (OSM) — сверить
shkola-1238;Школа № 1238;Городская;Лучшая в районе;нет;18;III степени;ЗАО;Ново-Переделкино;;;1;55.64530;37.34564;объект (школа в OSM)
shkola-1273;Школа № 1273;Городская;;нет;18;III степени;ЮЗАО;Коньково;ул. Академика Капицы, д. 12;;3;55.62738;37.52410;здание школы по номеру (OSM) — сверить
shkola-1347;Школа № 1347;Городская;;нет;18;III степени;ЗАО;Солнцево;;;3;55.65789;37.40662;здание школы по номеру (OSM) — сверить
shkola-1367;Школа № 1367;Городская;;нет;18;III степени;ЮВАО;Рязанский;;;2;55.71377;37.74112;здание школы по номеру (OSM) — сверить
shkola-1420;Школа № 1420;Городская;;нет;18;III степени;ЮВАО;Выхино-Жулебино;;;1;55.70098;37.81490;здание школы по номеру (OSM) — сверить
shkola-1454-timiryazevskaya;Школа № 1454 «Тимирязевская»;Городская;;нет;18;III степени;САО;Тимирязевский;;;6;55.81374;37.56870;объект (школа в OSM)
shkola-1505-preobrazhenskaya;Школа № 1505 «Преображенская»;Городская;Лучшая в районе;нет;18;III степени;ВАО;Преображенское;2-я Пугачёвская ул., д. 6А;;5;55.79697;37.73844;здание школы по номеру (OSM) — сверить
shkola-1564-im-a-p-beloborodova;Школа № 1564 им. А.П. Белобородова;Городская;;нет;18;III степени;СЗАО;Митино;;;3;55.82816;37.34886;здание школы по номеру (OSM) — сверить
shkola-1570;Школа № 1570;Городская;Лучшая в районе;нет;18;III степени;САО;Беговой;5-я ул. Ямского Поля, д. 28;;1;55.78932;37.57724;здание школы по номеру (OSM) — сверить
shkola-1955;Школа № 1955;Городская;Лучшая в районе;нет;18;III степени;СВАО;Лосиноостровский;;;3;55.88029;37.69119;здание школы по номеру (OSM) — сверить
shkola-2006;Школа № 2006;Городская;Лучшая в районе;нет;18;III степени;ЮЗАО;Северное Бутово;;;1;55.56357;37.57588;здание школы по номеру (OSM) — сверить
shkola-41-im-g-a-tarana;Школа № 41 им. Г.А. Тарана;Городская;Лучшая в районе;нет;18;III степени;НАО;Внуково;;;1;55.62137;37.21453;объект (отделение школы в OSM)
shkola-2072;Школа № 2072;Городская;;нет;17;III степени;ВАО;Новогиреево;;;3;55.74329;37.80353;объект (школа в OSM)
litsey-prezidentskoy-akademii-ranhigs;Лицей Президентской академии РАНХиГС;Вузовская;;нет;16;;ЗАО;Тропарёво-Никулино;пр-т Вернадского, д. 98;https://ranepa-lyceum.ru/;1;55.65165;37.47221;дом
shkola-v-nekrasovke;Школа в Некрасовке;Городская;;нет;16;IV степени;ЮВАО;Некрасовка;;;1;55.68802;37.92337;объект (школа в OSM)
shkola-1018;Школа № 1018;Городская;;нет;16;III степени;ЗАО;Ново-Переделкино;;;1;55.64143;37.35088;здание школы по номеру (OSM) — сверить
shkola-1034-im-v-v-markina;Школа № 1034 им. В.В. Маркина;Городская;Лучшая в районе;нет;16;III степени;ЮАО;Братеево;;;2;55.63154;37.75847;объект (школа в OSM)
shkola-1234;Школа № 1234;Городская;;нет;16;группа 5;ЦАО;Арбат;ул. Большая Молчановка, д. 26-28;;4;55.753581;37.590266;корпус
shkola-1279-evrika;Школа № 1279 «Эврика»;Городская;;нет;16;III степени;ЮЗАО;Зюзино;;;4;55.66331;37.60348;объект (школа в OSM)
shkola-1358;Школа № 1358;Городская;;нет;16;III степени;СЗАО;Митино;;;3;55.85683;37.34629;здание школы по номеру (OSM) — сверить
shkola-1573;Школа № 1573;Городская;;нет;16;III степени;СВАО;Лианозово;;;1;55.90663;37.55270;здание школы по номеру (OSM) — сверить
shkola-1591;Школа № 1591;Городская;;нет;16;III степени;ВАО;Новокосино;;;3;55.74173;37.87253;здание школы по номеру (OSM) — сверить
shkola-1793-im-a-k-novikova;Школа № 1793 им. А.К. Новикова;Городская;;нет;16;III степени;ЮВАО;Выхино-Жулебино;;;3;55.68954;37.85014;объект (школа в OSM)
shkola-2010-im-m-p-sudakova;Школа № 2010 им. М.П. Судакова;Городская;Лучшая в районе;нет;16;III степени;ЮВАО;Люблино;;;3;55.66730;37.74829;здание школы по номеру (OSM) — сверить
shkola-2025;Школа № 2025;Городская;;нет;16;III степени;ЗАО;Очаково-Матвеевское;;;3;55.67536;37.44815;объект (школа в OSM)
shkola-2117;Школа № 2117;Городская;;нет;16;III степени;НАО;Щербинка;;;1;55.51199;37.57023;объект (школа в OSM)
shkola-654-im-a-d-fridmana;Школа № 654 им. А.Д. Фридмана;Городская;Лучшая в районе;нет;16;III степени;ЮВАО;Текстильщики;ул. Юных Ленинцев, д. 35, корп. 2;;4;55.69569;37.74985;объект (школа в OSM)
shkola-667-im-k-ya-samsonova;Школа № 667 им. К.Я. Самсонова;Городская;Лучшая в районе;нет;16;III степени;ЮАО;Бирюлёво Западное;;;5;55.57751;37.64993;объект (отделение школы в OSM)
shkola-814;Школа № 814;Городская;;нет;16;III степени;ЗАО;Очаково-Матвеевское;;;4;55.70537;37.46520;объект (школа в OSM)
shkola-853;Школа № 853;Городская;Лучшая в районе;нет;16;III степени;ЗелАО;Старое Крюково;;;1;55.98518;37.19049;объект (школа в OSM)
shkola-im-artema-borovika;Школа им. Артёма Боровика;Городская;;нет;15;III степени;ЮВАО;Марьино;;;1;55.665391;37.750824;корпус
shkola-1000;Школа № 1000;Городская;;нет;15;IV степени;ЗАО;Солнцево;;;2;55.65778;37.39069;здание школы по номеру (OSM) — сверить
shkola-1150-im-k-k-rokossovskogo;Школа № 1150 им. К.К. Рокоссовского;Городская;;нет;15;III степени;ЗелАО;Крюково;;;1;55.97514;37.15349;объект (школа в OSM)
shkola-1195-im-p-i-merenkova;Школа № 1195 им. П.И. Меренкова;Городская;;нет;15;III степени;ЗАО;Можайский;;;2;55.71723;37.41976;объект (школа в OSM)
shkola-1208-im-m-s-shumilova;Школа № 1208 им. М.С. Шумилова;Городская;Лучшая в районе;нет;15;III степени;ЮВАО;Кузьминки;;;4;55.70776;37.77123;объект (школа в OSM)
shkola-1286;Школа № 1286;Городская;;нет;15;IV степени;СЗАО;Северное Тушино;;;4;55.85711;37.42588;объект (школа в OSM)
shkola-1353-im-d-f-alekseeva;Школа № 1353 им. Д.Ф. Алексеева;Городская;Лучшая в районе;нет;15;III степени;ЗелАО;Матушкино;;;1;55.99308;37.19301;объект (школа в OSM)
shkola-1371-krylatskoe;Школа № 1371 «Крылатское»;Городская;;нет;15;III степени;ЗАО;Крылатское;ул. Крылатские Холмы, д. 45, корп. 2;;2;55.76054;37.40418;здание школы по номеру (OSM) — сверить
shkola-1391;Школа № 1391;Городская;Лучшая в районе;нет;15;III степени;ТАО;Бекасово;;;1;55.53426;37.16423;здание школы по номеру (OSM) — сверить
shkola-1411;Школа № 1411;Городская;;нет;15;III степени;СВАО;Отрадное;;;2;55.86694;37.60075;здание школы по номеру (OSM) — сверить
shkola-1512-im-alii-moldagulovoy;Школа № 1512 им. Алии Молдагуловой;Городская;Лучшая в районе;нет;15;III степени;ВАО;Вешняки;;;1;55.71841;37.83030;здание школы по номеру (OSM) — сверить
shkola-1552;Школа № 1552;Городская;;нет;15;IV степени;ЮАО;Зябликово;;;4;55.62508;37.74487;здание школы по номеру (OSM) — сверить
shkola-1554;Школа № 1554;Городская;;нет;15;III степени;СВАО;Отрадное;;;5;55.86455;37.62350;здание школы по номеру (OSM) — сверить
shkola-1561;Школа № 1561;Городская;Лучшая в районе;нет;15;III степени;ЮЗАО;Ясенево;;;5;55.59966;37.54239;здание школы по номеру (OSM) — сверить
shkola-1569-sozvezdie;Школа № 1569 «Созвездие»;Городская;Лучшая в районе;нет;15;III степени;ЮАО;Зябликово;;;2;55.61495;37.73430;здание школы по номеру (OSM) — сверить
shkola-1584;Школа № 1584;Городская;;нет;15;III степени;ЗАО;Кунцево;;;2;55.74537;37.42891;здание школы по номеру (OSM) — сверить
shkola-1747-im-d-m-rumyantseva;Школа № 1747 им. Д.М. Румянцева;Городская;;нет;15;III степени;СЗАО;Митино;;;2;55.84616;37.35119;объект (школа в OSM)
shkola-1788;Школа № 1788;Городская;;нет;15;III степени;НАО;Внуково;;;2;55.63928;37.31415;объект (школа в OSM)
shkola-1883-butovo;Школа № 1883 «Бутово»;Городская;;нет;15;III степени;ЮЗАО;Южное Бутово;;;1;55.54971;37.54724;здание школы по номеру (OSM) — сверить
shkola-2033;Школа № 2033;Городская;;нет;15;III степени;ВАО;Северное Измайлово;;;5;55.80792;37.77945;здание школы по номеру (OSM) — сверить
shkola-641-im-sergeya-esenina;Школа № 641 им. Сергея Есенина;Городская;;нет;15;III степени;ЮВАО;Кузьминки;;;2;55.70606;37.74230;здание школы по номеру (OSM) — сверить
shkola-777-im-e-v-mihaylova;Школа № 777 им. Е.В. Михайлова;Городская;;нет;15;III степени;ЮВАО;Рязанский;;;6;55.72545;37.76824;объект (школа в OSM)
shkola-827;Школа № 827;Городская;;нет;15;III степени;СЗАО;Северное Тушино;;;2;55.85281;37.41258;объект (школа в OSM)
shkola-947;Школа № 947;Городская;Лучшая в районе;нет;15;III степени;ЮАО;Бирюлёво Восточное;;;5;55.58240;37.67783;здание школы по номеру (OSM) — сверить
mezhdunarodnaya-shkola-smeshannogo-obucheniya;Международная школа смешанного обучения;Городская;;нет;14;;;;;;0;;;
shkola-1539;Школа № 1539;Городская;;нет;14;IV степени;СВАО;Алексеевский;;;1;55.81050;37.64185;здание школы по номеру (OSM) — сверить
shkola-887;Школа № 887;Городская;;нет;14;IV степени;ЗАО;Кунцево;;;2;55.73694;37.42754;здание школы по номеру (OSM) — сверить
shkola-dmitrovskiy;Школа «Дмитровский»;Городская;Лучшая в районе;нет;13;группа 5;САО;Дмитровский;;;1;55.895542;37.538290;корпус
shkola-stolitsa-kit;Школа «Столица-КИТ»;Частная;;нет;13;;Москва;—;Москва;;1;55.717235;37.614682;корпус
shkola-1223;Школа № 1223;Городская;;нет;13;группа 5;САО;Коптево;;;2;55.838686;37.527234;корпус
shkola-1250;Школа № 1250;Городская;Лучшая в районе;нет;13;группа 5;САО;Войковский;;;1;55.829330;37.484674;корпус
shkola-1080;Школа № 1080;Городская;;нет;12;IV степени;ВАО;Преображенское;Знаменская ул., д. 12/4;;3;55.80951;37.72031;здание школы по номеру (OSM) — сверить
shkola-1520-im-kaptsovyh;Школа № 1520 им. Капцовых;Городская;;нет;12;группа 5;ЦАО;Пресненский;;;2;55.756472;37.602975;корпус
shkola-1636-nika;Школа № 1636 «НИКА»;Городская;;нет;12;IV степени;ЮАО;Орехово-Борисово Южное;;;5;55.60861;37.73724;здание школы по номеру (OSM) — сверить
shkola-1799;Школа № 1799;Городская;;нет;12;IV степени;ЦАО;Якиманка;;;4;55.723371;37.605827;корпус
shkola-2065;Школа № 2065;Городская;;нет;12;IV степени;НАО;Филимонковский;;;2;55.60341;37.34578;объект (школа в OSM)
shkola-2101;Школа № 2101;Городская;;нет;12;IV степени;ЗАО;Фили-Давыдково;;;3;55.74160;37.47780;объект (школа в OSM)
shkola-922;Школа № 922;Городская;;нет;12;группа 5;ВАО;Ивановское;;;2;55.762748;37.826990;корпус
inzhenerno-tehnicheskaya-shkola-im-p-r-popovicha;Инженерно-техническая школа им. П.Р. Поповича;Городская;;нет;11;IV степени;САО;Аэропорт;;;3;55.80971;37.53148;объект (школа в OSM)
pervyy-moskovskiy-obrazovatelnyy-kompleks;Первый Московский образовательный комплекс;Городская;;нет;11;группа 5;СВАО;Северное Медведково;;;4;55.804548;37.626983;корпус
shkola-marino-im-a-e-golovanova;Школа «Марьино» им. А.Е. Голованова;Городская;;нет;11;группа 5;ЮВАО;Марьино;;;0;;;
shkola-1590-im-v-v-kolesnika;Школа № 1590 им. В.В. Колесника;Городская;;нет;11;группа 5;САО;Ховрино;;;2;55.862695;37.502982;корпус
shkola-1852;Школа № 1852;Городская;Лучшая в районе;нет;11;группа 6;ВАО;Перово;2-я Владимирская ул., д. 22А;;2;55.756048;37.779476;корпус
shkola-315;Школа № 315;Городская;;нет;11;группа 5;ЦАО;Красносельский;;;1;55.78298;37.67442;здание школы по номеру (OSM) — сверить
shkola-544;Школа № 544;Городская;;нет;11;IV степени;ЮАО;Орехово-Борисово Южное;;;3;55.60686;37.71464;здание школы по номеру (OSM) — сверить
shkola-91;Школа № 91;Городская;;нет;11;группа 5;ЦАО;Арбат;;;1;55.754177;37.596980;корпус
veshnyakovskaya-shkola;Вешняковская школа;Городская;;нет;10;IV степени;ВАО;Вешняки;;;6;55.74101;37.83287;объект (школа в OSM)
gimnaziya-goroda-troitska;Гимназия города Троицка;Городская;;нет;10;IV степени;ТАО;Троицк;;;0;;;
gimnaziya-im-n-v-pushkova;Гимназия им. Н.В. Пушкова;Городская;;нет;10;IV степени;ТАО;Троицк;;;0;;;
izmaylovskaya-shkola-1508;Измайловская школа № 1508;Городская;;нет;10;IV степени;ВАО;Измайлово;;;3;55.79209;37.80263;здание школы по номеру (OSM) — сверить
litsey-goroda-troitska;Лицей города Троицка;Городская;;нет;10;IV степени;ТАО;Троицк;;;0;;;
pushkinskaya-shkola-1500;Пушкинская школа № 1500;Городская;;нет;10;IV степени;ЦАО;Красносельский;;;4;55.77355;37.64257;здание школы по номеру (OSM) — сверить
shkola-tehnologii-obucheniya;Школа «Технологии обучения»;Городская;;нет;10;IV степени;ЗАО;Дорогомилово;;;2;55.74114;37.55025;объект (школа в OSM)
shkola-im-v-v-mayakovskogo;Школа им. В.В. Маяковского;Городская;Лучшая в районе;нет;10;IV степени;ЮВАО;Южнопортовый;1-я Дубровская ул., д. 16;;2;55.72944;37.66641;объект (школа в OSM)
shkola-1191;Школа № 1191;Городская;;нет;10;IV степени;СЗАО;Митино;;;3;55.85692;37.36111;здание школы по номеру (OSM) — сверить
shkola-1245;Школа № 1245;Городская;Лучшая в районе;нет;10;IV степени;ЮАО;Чертаново Южное;;;3;55.60349;37.60167;здание школы по номеру (OSM) — сверить
shkola-1324;Школа № 1324;Городская;;нет;10;IV степени;ВАО;Новогиреево;;;2;55.75876;37.82320;объект (школа в OSM)
shkola-1375;Школа № 1375;Городская;Лучшая в районе;нет;10;IV степени;ЮАО;Нагатино-Садовники;Нагатинская наб., д. 24;;1;55.68140;37.65667;объект (школа в OSM)
shkola-1450-olimp;Школа № 1450 «Олимп»;Городская;Лучшая в районе;нет;10;IV степени;ЮАО;Нагорный;Фруктовая ул., д. 9;;4;55.65784;37.61237;здание школы по номеру (OSM) — сверить
shkola-1466-im-n-rushevoy;Школа № 1466 им. Н. Рушевой;Городская;Лучшая в районе;нет;10;IV степени;ЮАО;Царицыно;;;4;55.62106;37.66329;объект (школа в OSM)
shkola-1498-moskovskaya-mezhdunarodnaya-shkola;Школа № 1498 «Московская международная школа»;Городская;;нет;10;группа 6;ЗАО;Раменки;;;2;55.697813;37.510180;корпус
shkola-1528-im-i-v-panfilova;Школа № 1528 им. И.В. Панфилова;Городская;;нет;10;IV степени;ЗелАО;Старое Крюково;;;1;55.99556;37.17905;здание школы по номеру (OSM) — сверить
shkola-158;Школа № 158;Городская;Лучшая в районе;нет;10;IV степени;САО;Левобережный;Валдайский пр-д, д. 14;;4;55.87356;37.46735;объект (школа в OSM)
shkola-1583-im-k-a-kerimova;Школа № 1583 им. К.А. Керимова;Городская;Лучшая в районе;нет;10;IV степени;САО;Головинский;Смольная ул., д. 25;;3;55.84448;37.49958;здание школы по номеру (OSM) — сверить
shkola-1797-bogorodskaya;Школа № 1797 «Богородская»;Городская;Лучшая в районе;нет;10;IV степени;ВАО;Богородское;3-я Гражданская ул., д. 64;;2;55.80735;37.71226;здание школы по номеру (OSM) — сверить
shkola-185-im-v-s-grizodubovoy;Школа № 185 им. В.С. Гризодубовой;Городская;;нет;10;IV степени;САО;Коптево;;;1;55.83682;37.53543;объект (школа в OSM)
shkola-1861-zagore;Школа № 1861 «Загорье»;Городская;;нет;10;IV степени;ЮАО;Бирюлёво Восточное;;;1;55.57811;37.67974;здание школы по номеру (OSM) — сверить
shkola-1900;Школа № 1900;Городская;;нет;10;IV степени;СЗАО;Митино;;;1;55.84144;37.36241;здание школы по номеру (OSM) — сверить
shkola-1948-lingvist-m;Школа № 1948 «Лингвист-М»;Городская;Лучшая в районе;нет;10;IV степени;ЮЗАО;Черёмушки;Новочерёмушкинская ул., д. 64/2;;2;55.66434;37.58395;здание школы по номеру (OSM) — сверить
shkola-199;Школа № 199;Городская;;нет;10;IV степени;ЮЗАО;Академический;;;2;55.69249;37.56611;объект (школа в OSM)
shkola-2030;Школа № 2030;Городская;;нет;10;группа 6;ЦАО;Пресненский;;;1;55.759996;37.555662;корпус
shkola-2104-na-taganke;Школа № 2104 на Таганке;Городская;Лучшая в районе;нет;10;группа 5;ЦАО;Таганский;1-й Котельнический пер., д. 5;;3;55.743638;37.646296;корпус
shkola-2200;Школа № 2200;Городская;;нет;10;IV степени;ВАО;Северное Измайлово;;;6;55.80479;37.79062;здание школы по номеру (OSM) — сверить
shkola-293-im-a-t-tvardovskogo;Школа № 293 им. А.Т. Твардовского;Городская;;нет;10;группа 5;СВАО;Алексеевский;;;2;55.822101;37.653411;корпус
shkola-507;Школа № 507;Городская;;нет;10;IV степени;ЮАО;Нагатино-Садовники;ул. Садовники, д. 12;;5;55.67229;37.65742;объект (школа в OSM)
shkola-547;Школа № 547;Городская;;нет;10;IV степени;НАО;Коммунарка;;;2;55.70933;37.64036;объект (школа в OSM)
shkola-597-novoe-pokolenie;Школа № 597 «Новое поколение»;Городская;;нет;10;IV степени;САО;Ховрино;;;1;55.86601;37.48969;здание школы по номеру (OSM) — сверить
shkola-709-im-v-i-dolgih;Школа № 709 им. В.И. Долгих;Городская;;нет;10;IV степени;СВАО;Северный;9-я Северная линия, д. 1, корп. 2;;3;55.915033;37.548127;корпус
shkola-727;Школа № 727;Городская;Лучшая в районе;нет;10;IV степени;СЗАО;Покровское-Стрешнево;;;3;55.82784;37.42978;объект (школа в OSM)
shkola-771;Школа № 771;Городская;;нет;10;IV степени;САО;Дмитровский;;;2;55.88280;37.53468;здание школы по номеру (OSM) — сверить
shkola-924;Школа № 924;Городская;;нет;10;IV степени;ЮАО;Чертаново Южное;;;5;55.59961;37.61709;здание школы по номеру (OSM) — сверить
shkola-956;Школа № 956;Городская;;нет;10;группа 6;СВАО;Южное Медведково;;;1;55.867736;37.642744;корпус
shkola-1101;Школа № 1101;Городская;;нет;9;группа 5;ЮЗАО;Тёплый Стан;;;4;55.633416;37.477865;корпус
shkola-1210;Школа № 1210;Городская;;нет;9;группа 5;СЗАО;Щукино;;;2;55.800369;37.456760;корпус
shkola-1259;Школа № 1259;Городская;;нет;9;группа 6;ЦАО;Замоскворечье;5-й Монетчиковский пер., д. 7;;2;55.731959;37.632019;корпус
shkola-1430-im-g-v-kisunko;Школа № 1430 им. Г.В. Кисунько;Городская;;нет;9;группа 5;СВАО;Лианозово;;;2;55.900617;37.578025;корпус
shkola-1468;Школа № 1468;Городская;;нет;9;группа 5;ЦАО;Таганский;;;2;55.739873;37.686145;корпус
shkola-354-im-d-m-karbysheva;Школа № 354 им. Д.М. Карбышева;Городская;;нет;9;группа 6;ЦАО;Басманный;;;3;55.769152;37.668041;корпус
shkola-626-im-n-i-sats;Школа № 626 им. Н.И. Сац;Городская;Лучшая в районе;нет;9;группа 5;ЮЗАО;Котловка;Севастопольский пр-т, д. 43А;;1;55.671931;37.589596;корпус
pansion-vospitannits-mo-rf;Пансион воспитанниц МО РФ;Городская;;нет;8;;;;;;0;;;
shkola-shik-16;Школа «ШИК 16»;Городская;Лучшая в районе;нет;8;группа 6;СВАО;Останкинский;;;1;55.825780;37.645560;корпус
shkola-gazprombanka;Школа Газпромбанка;Городская;;нет;8;;;;;;0;;;
shkola-sotrudnichestva;Школа сотрудничества;Городская;;нет;8;;;;;;2;55.75331;37.66001;объект (отделение школы в OSM)
shkola-1507;Школа № 1507;Городская;;нет;8;группа 5;ЮЗАО;Тёплый Стан;;;3;55.632994;37.508953;корпус
shkola-875;Школа № 875;Городская;;нет;8;группа 6;ЗАО;Тропарёво-Никулино;;;1;55.663441;37.490943;корпус
srednyaya-shkola-znayka;Средняя школа «Знайка»;Городская;;нет;7;;;;;;1;55.84211;37.53146;объект (школа в OSM)
shkola-v-kapotne;Школа в Капотне;Городская;Лучшая в районе;нет;7;группа 6;ЮВАО;Капотня;;;3;55.635993;37.797415;корпус
shkola-1151;Школа № 1151;Городская;;нет;7;группа 5;ЗелАО;Крюково;;;0;;;
shkola-1241-na-krasnoy-presne;Школа № 1241 «На Красной Пресне»;Городская;;нет;7;группа 6;ЦАО;Пресненский;;;2;55.756585;37.568108;корпус
shkola-1315;Школа № 1315;Городская;;нет;7;группа 5;САО;Головинский;Конаковский пр-д, д. 5;;2;55.847946;37.486030;корпус
shkola-1383;Школа № 1383;Городская;Лучшая в районе;нет;7;группа 5;САО;Бескудниковский;;;2;55.862537;37.565673;корпус
shkola-1434-ramenki;Школа № 1434 «Раменки»;Городская;;нет;7;группа 5;ЗАО;Раменки;;;1;55.690736;37.500369;корпус
shkola-1467;Школа № 1467;Городская;;нет;7;группа 5;ЗАО;Ново-Переделкино;;;1;55.639467;37.347670;корпус
shkola-1499-im-i-a-dokukina;Школа № 1499 им. И.А. Докукина;Городская;Лучшая в районе;нет;7;группа 5;СВАО;Ростокино;Ростокинская ул., д. 3;;4;55.837100;37.642814;корпус
shkola-1540;Школа № 1540;Городская;;нет;7;группа 5;ЦАО;Тверской;;;2;55.785314;37.596962;корпус
shkola-1551;Школа № 1551;Городская;;нет;7;группа 5;СЗАО;Южное Тушино;ул. Свободы, д. 42, корп. 2;;4;55.845979;37.451338;корпус
shkola-1582;Школа № 1582;Городская;Лучшая в районе;нет;7;группа 5;ЮАО;Чертаново Центральное;;;4;55.617774;37.600809;корпус
shkola-1593;Школа № 1593;Городская;;нет;7;группа 5;ЗАО;Крылатское;;;2;55.770779;37.413021;корпус
shkola-1601-im-e-k-lyutikova;Школа № 1601 им. Е.К. Лютикова;Городская;Лучшая в районе;нет;7;группа 5;САО;Савёловский;;;5;55.792702;37.573195;корпус
shkola-1619-im-m-i-tsvetaevoy;Школа № 1619 им. М.И. Цветаевой;Городская;;нет;7;группа 5;СЗАО;Строгино;;;1;55.797520;37.404537;корпус
shkola-1786;Школа № 1786;Городская;;нет;7;группа 6;ЮЗАО;Южное Бутово;;;0;;;
shkola-1905;Школа № 1905;Городская;;нет;7;группа 5;ЮВАО;Выхино-Жулебино;;;1;55.682931;37.859677;корпус
shkola-1981;Школа № 1981;Городская;;нет;7;группа 5;ЮЗАО;Южное Бутово;;;0;;;
shkola-201;Школа № 201;Городская;;нет;7;группа 5;САО;Войковский;ул. Зои и Александра Космодемьянских, д. 3, корп. 1;;1;55.821380;37.504967;корпус
shkola-2090-im-l-h-papernika;Школа № 2090 им. Л.Х. Паперника;Городская;;нет;7;группа 5;ЮВАО;Рязанский;;;5;55.714432;37.791999;корпус
shkola-2114;Школа № 2114;Городская;;нет;7;группа 5;ЮЗАО;Северное Бутово;;;0;;;
shkola-45-im-l-i-milgrama;Школа № 45 им. Л.И. Мильграма;Городская;;нет;7;группа 5;ЮЗАО;Академический;;;4;55.690785;37.579875;корпус
shkola-618;Школа № 618;Городская;;нет;7;группа 5;ЗелАО;Матушкино;;;0;;;
shkola-64;Школа № 64;Городская;;нет;7;группа 5;ЗАО;Кунцево;;;1;55.737055;37.414131;корпус
shkola-878;Школа № 878;Городская;Лучшая в районе;нет;7;группа 5;ЮАО;Орехово-Борисово Северное;;;4;55.611912;37.712856;корпус
shkola-949;Школа № 949;Городская;;нет;7;группа 5;ЮАО;Орехово-Борисово Южное;;;2;55.608861;37.753899;корпус
gimnaziya-imeni-n-v-pushkova;Гимназия имени Н. В. Пушкова;Городская;;нет;6;;;;;;0;;;
shkola-beskudnikovo;Школа «Бескудниково»;Городская;;нет;6;группа 5;САО;Бескудниковский;;;1;55.872051;37.542139;корпус
shkola-perspektiva;Школа «Перспектива»;Городская;Лучшая в районе;нет;6;группа 5;САО;Молжаниновский;;;0;;;
shkola-im-i-s-polbina;Школа им. И.С. Полбина;Городская;Лучшая в районе;нет;6;группа 5;ЮВАО;Печатники;ул. Полбина, д. 44;;2;55.681878;37.727562;корпус
shkola-im-f-m-dostoevskogo;Школа им. Ф.М. Достоевского;Городская;;нет;6;группа 5;ЮВАО;Люблино;;;2;55.659983;37.726105;корпус
shkola-1205;Школа № 1205;Городская;;нет;6;группа 6;ЮЗАО;Черёмушки;ул. Архитектора Власова, д. 19А;;3;55.676142;37.556518;корпус
shkola-1206;Школа № 1206;Городская;;нет;6;группа 5;ЮЗАО;Ясенево;;;5;55.615621;37.533411;корпус
shkola-1228-lefortovo;Школа № 1228 «Лефортово»;Городская;Лучшая в районе;нет;6;группа 5;ЮВАО;Лефортово;Авиамоторная ул., д. 42;;6;55.753979;37.711273;корпус
shkola-1246;Школа № 1246;Городская;Лучшая в районе;нет;6;группа 6;ВАО;Метрогородок;Открытое ш., д. 29А;;1;55.829266;37.760566;корпус
shkola-1249;Школа № 1249;Городская;;нет;6;;;;;;1;55.801312;37.518154;корпус
shkola-1355;Школа № 1355;Городская;;нет;6;группа 5;ЮЗАО;Южное Бутово;;;0;;;
shkola-1370;Школа № 1370;Городская;Лучшая в районе;нет;6;группа 6;СВАО;Алтуфьевский;Костромская ул., д. 14, корп. 1;;4;55.883006;37.590968;корпус
shkola-138;Школа № 138;Городская;;нет;6;группа 6;СЗАО;Хорошёво-Мнёвники;;;4;55.786840;37.476622;корпус
shkola-1387;Школа № 1387;Городская;;нет;6;группа 5;СЗАО;Куркино;;;2;55.904348;37.382625;корпус
shkola-1413;Школа № 1413;Городская;;нет;6;группа 5;СВАО;Бибирево;;;3;55.898801;37.611814;корпус
shkola-1492;Школа № 1492;Городская;;нет;6;группа 5;ЮЗАО;Южное Бутово;;;0;;;
shkola-1494;Школа № 1494;Городская;Лучшая в районе;нет;6;группа 6;СВАО;Марфино;Большая Марфинская ул., д. 1, стр. 5;;3;55.82602;37.60020;объект (школа в OSM)
shkola-1516;Школа № 1516;Городская;Лучшая в районе;нет;6;группа 5;ВАО;Гольяново;Хабаровская ул., д. 4А;;2;55.816831;37.831567;корпус
shkola-1519;Школа № 1519;Городская;;нет;6;группа 5;СЗАО;Строгино;ул. Маршала Катукова, д. 21, корп. 2;;2;55.809708;37.410453;корпус
shkola-1530-shkola-lomonosova;Школа № 1530 «Школа Ломоносова»;Городская;Лучшая в районе;нет;6;группа 5;ВАО;Сокольники;Егерская ул., д. 4;;3;55.793520;37.684724;корпус
shkola-1544;Школа № 1544;Городская;;нет;6;группа 5;СЗАО;Митино;;;1;55.836173;37.359367;корпус
shkola-1596;Школа № 1596;Городская;;нет;6;группа 5;ЗАО;Ново-Переделкино;;;2;55.641485;37.371612;корпус
shkola-170-im-a-p-chehova;Школа № 170 им. А.П. Чехова;Городская;;нет;6;группа 5;ЮЗАО;Коньково;Профсоюзная ул., д. 96Б;;3;55.650991;37.519006;корпус
shkola-1798-feniks;Школа № 1798 «Феникс»;Городская;;нет;6;группа 5;ВАО;Новогиреево;;;2;55.752896;37.813961;корпус
shkola-183;Школа № 183;Городская;;нет;6;группа 5;САО;Бескудниковский;;;1;55.874127;37.555872;корпус
shkola-1862;Школа № 1862;Городская;;нет;6;группа 5;ЮАО;Нагорный;;;5;55.650214;37.608232;корпус
shkola-2057-im-i-s-barova;Школа № 2057 им. И.С. Барова;Городская;;нет;6;группа 5;НАО;Внуково;;;0;;;
shkola-224;Школа № 224;Городская;;нет;6;группа 5;САО;Войковский;Ленинградское ш., д. 54;;3;55.829166;37.490923;корпус
shkola-236-im-g-i-schedrina;Школа № 236 им. Г.И. Щедрина;Городская;;нет;6;группа 5;САО;Дмитровский;;;1;55.884175;37.522851;корпус
shkola-281;Школа № 281;Городская;;нет;6;группа 5;СВАО;Бабушкинский;;;1;55.866589;37.670287;корпус
shkola-283;Школа № 283;Городская;;нет;6;группа 5;СВАО;Северное Медведково;;;3;55.891249;37.664321;корпус
shkola-463-im-d-n-medvedeva;Школа № 463 им. Д.Н. Медведева;Городская;Лучшая в районе;нет;6;группа 5;ЮАО;Нагатинский Затон;Судостроительная ул., д. 10, корп. 1;;4;55.679377;37.672651;корпус
shkola-491-marino;Школа № 491 «Марьино»;Городская;;нет;6;группа 5;ЮВАО;Марьино;;;1;55.648905;37.722073;корпус
shkola-498;Школа № 498;Городская;;нет;6;группа 5;ЦАО;Таганский;Народная ул., д. 11;;1;55.612759;37.788425;корпус
shkola-508;Школа № 508;Городская;;нет;6;группа 5;ЮАО;Бирюлёво Восточное;;;1;55.600527;37.655427;корпус
shkola-630-im-g-p-kravchenko;Школа № 630 им. Г.П. Кравченко;Городская;;нет;6;группа 5;ЮАО;Донской;;;6;55.718041;37.593177;корпус
shkola-648-im-a-g-karlova;Школа № 648 им. А.Г. Карлова;Городская;;нет;6;группа 5;САО;Ховрино;;;1;55.855505;37.502321;корпус
shkola-763;Школа № 763;Городская;;нет;6;группа 5;СВАО;Лосиноостровский;;;1;55.883774;37.695088;корпус
shkola-851;Школа № 851;Городская;;нет;6;группа 5;ЮАО;Чертаново Северное;;;2;55.629689;37.607511;корпус
shkola-902-dialog;Школа № 902 «Диалог»;Городская;;нет;6;группа 5;ЮАО;Бирюлёво Восточное;;;3;55.591448;37.669532;корпус
shkola-904;Школа № 904;Городская;;нет;6;группа 5;ЮАО;Царицыно;;;2;55.626076;37.652722;корпус
shkola-953;Школа № 953;Городская;;нет;6;группа 5;СВАО;Бибирево;;;2;55.896516;37.596007;корпус
cambridge-international-school-cis;Cambridge International School (CIS);Частная;;нет;5;;САО;Левобережный;"ул. Фестивальная, д. 7А; кампусы Сколково (пос. Заречье) и Горки";https://cis.ru/;1;55.85573;37.47373;дом
britanskaya-mezhdunarodnaya-shkola-bis;Британская международная школа (BIS);Частная;;нет;5;;Москва;—;6 зданий в Москве;https://bismoscow.com/;5;55.593448;37.543707;корпус
mediko-biologicheskaya-shkola-vita;Медико-биологическая школа «Вита»;Городская;;нет;5;;;;;;1;55.734316;37.479872;корпус
mezhdunarodnaya-shkola-moskvy-ism;Международная школа Москвы (ISM);Частная;;нет;5;;ЗАО;Крылатское;"Крылатская ул., д. 12; кампус «Росинка», Красногорский р-н";https://www.nordangliaeducation.com/ism-moscow;2;55.76526;37.43881;дом
preduniversariy-mai;Предуниверсарий МАИ;Вузовская;;нет;5;;;;;;0;;;
preduniversariy-rggu;Предуниверсарий РГГУ;Вузовская;;нет;5;;;;;;0;;;
shkola-prezident;Школа «Президент»;Частная;;нет;5;;МО;Одинцовский г.о.;д. Жуковка, Ильинский подъезд, д. 2, стр. 1;https://school-president.ru/;1;55.73990;37.25073;населённый пункт
shkola-1284;Школа № 1284;Городская;;нет;5;;;;;;2;55.767947;37.638372;корпус
shkola-2073;Школа № 2073;Городская;Лучшая в районе;нет;5;группа 6;ТАО;Вороново;;;0;;;
shkola-2115;Школа № 2115;Городская;;нет;5;группа 6;ЮЗАО;Черёмушки;Новочерёмушкинская ул., д. 56, корп. 2;;3;55.669522;37.563716;корпус
shkola-56-imeni-akademika-v-a-legasova;Школа № 56 имени академика В. А. Легасова;Городская;;нет;5;;;;;;2;55.745070;37.544984;корпус
heritage-school;Heritage School;Частная;;нет;4;;ВАО;Сокольники;"кампус Сокольники; кампус «Ленинский»";https://heritageschool.ru/;1;55.79960;37.70979;объект (отделение школы в OSM)
wunderpark-international-school;Wunderpark International School;Частная;;нет;4;;МО;Истринский г.о.;д. Борзые, ул. Невская, д. 100А (23-й км Новорижского ш.);https://wunderpark.ru/;2;55.83094;37.04673;населённый пункт
evropeyskaya-gimnaziya;Европейская гимназия;Частная;;нет;4;;ВАО;Сокольники;ул. Сокольнический Вал, д. 28;https://www.eurogym.ru/;1;55.79111;37.66792;дом
innovatsionnaya-shkola-skolka;Инновационная школа «Сколка»;Частная;;нет;4;;ЗАО;Можайский;Большой б-р, д. 37 (ИЦ «Сколково»);https://skolca.ru/;1;55.69815;37.36470;дом
lomonosovskaya-shkola-pansion-5;Ломоносовская школа-пансион № 5;Частная;;нет;4;;МО;Одинцовский г.о.;"ул. Советская, д. 50Б (Рублёвка); пансион — д. Тельманское";https://lomon.ru/;1;55.714879;37.068073;корпус
romanovskaya-shkola;Романовская школа;Городская;;нет;4;группа 6;ЦАО;Пресненский;;;5;55.772633;37.582171;корпус
shkola-sodruzhestvo;Школа «Содружество»;Городская;;нет;4;группа 6;ЮВАО;Лефортово;Красноказарменная ул., д. 11;;3;55.757511;37.701217;корпус
shkola-yuzhnoe-izmaylovo;Школа «Южное Измайлово»;Городская;;нет;4;группа 6;ВАО;Ивановское;;;0;;;
shkola-novokosino;Школа Новокосино;Городская;;нет;4;группа 6;ВАО;Новокосино;;;0;;;
shkola-im-e-n-chernysheva;Школа им. Е.Н. Чернышева;Городская;;нет;4;группа 6;САО;Бескудниковский;;;0;;;
shkola-na-yauze;Школа на Яузе;Городская;;нет;4;группа 6;ЦАО;Басманный;;;2;55.778849;37.706226;корпус
shkola-1056;Школа № 1056;Городская;;нет;4;группа 6;СЗАО;Южное Тушино;;;1;55.848124;37.444003;корпус
shkola-1103-im-a-v-solomatina;Школа № 1103 им. А.В. Соломатина;Городская;;нет;4;группа 6;ЮЗАО;Ясенево;;;5;55.606388;37.549845;корпус
shkola-113;Школа № 113;Городская;;нет;4;группа 6;ЮЗАО;Коньково;;;2;55.637390;37.516491;корпус
shkola-1155;Школа № 1155;Городская;;нет;4;группа 6;СЗАО;Строгино;;;1;55.797083;37.400607;корпус
shkola-1173;Школа № 1173;Городская;;нет;4;группа 6;ЮАО;Чертаново Центральное;;;1;55.616815;37.594599;корпус
shkola-118;Школа № 118;Городская;;нет;4;группа 6;ЮЗАО;Ломоносовский;;;4;55.683546;37.534533;корпус
shkola-1207;Школа № 1207;Городская;;нет;4;группа 6;ЮАО;Орехово-Борисово Южное;;;1;55.605822;37.709745;корпус
shkola-121;Школа № 121;Городская;;нет;4;группа 6;ЮЗАО;Обручевский;ул. Гарибальди, д. 28, корп. 3;;1;55.669696;37.549465;корпус
shkola-1212-schukino;Школа № 1212 «Щукино»;Городская;;нет;4;группа 6;СЗАО;Щукино;;;1;55.799148;37.487106;корпус
shkola-1222-im-i-h-bagramyana;Школа № 1222 им. И.Х. Баграмяна;Городская;Лучшая в районе;нет;4;группа 6;ЮВАО;Нижегородский;Нижегородская ул., д. 64;;3;55.732801;37.706234;корпус
shkola-1236-im-s-v-milashenkova;Школа № 1236 им. С.В. Милашенкова;Городская;Лучшая в районе;нет;4;группа 6;СВАО;Бутырский;ул. Яблочкова, д. 10;;4;55.825071;37.575176;корпус
shkola-1248;Школа № 1248;Городская;;нет;4;группа 6;ЗАО;Фили-Давыдково;;;3;55.721542;37.467682;корпус
shkola-1257;Школа № 1257;Городская;;нет;4;группа 6;ЮАО;Даниловский;Павловская ул., д. 8А;;1;55.714583;37.626113;корпус
shkola-1272;Школа № 1272;Городская;;нет;4;группа 6;ЮАО;Даниловский;1-й Кожуховский пер., д. 17;;1;55.707944;37.663529;корпус
shkola-1282-sokolniki;Школа № 1282 «Сокольники»;Городская;;нет;4;группа 6;ВАО;Сокольники;ул. Барболина, д. 1;;2;55.789533;37.684772;корпус
shkola-1285;Школа № 1285;Городская;;нет;4;группа 6;СЗАО;Покровское-Стрешнево;Вишнёвая ул., д. 20, корп. 1;;4;55.825692;37.449749;корпус
shkola-1296;Школа № 1296;Городская;Лучшая в районе;нет;4;группа 6;САО;Восточное Дегунино;Керамический пр-д, д. 55, корп. 3;;1;55.87738;37.56266;здание школы по номеру (OSM) — сверить
shkola-1302;Школа № 1302;Городская;;нет;4;группа 6;СЗАО;Строгино;;;2;55.807790;37.415544;корпус
shkola-1352;Школа № 1352;Городская;;нет;4;группа 6;ВАО;Гольяново;Щёлковское ш., д. 77А;;4;55.813355;37.804245;корпус
shkola-1360;Школа № 1360;Городская;;нет;4;группа 6;ВАО;Богородское;Краснобогатырская ул., д. 21А;;2;55.815737;37.711175;корпус
shkola-1368;Школа № 1368;Городская;;нет;4;группа 6;ЮЗАО;Южное Бутово;;;0;;;
shkola-1374;Школа № 1374;Городская;;нет;4;группа 6;СВАО;Ярославский;;;1;55.868848;37.703787;корпус
shkola-1381;Школа № 1381;Городская;;нет;4;группа 6;СВАО;Лосиноостровский;;;3;55.876063;37.696866;корпус
shkola-141-im-riharda-zorge;Школа № 141 им. Рихарда Зорге;Городская;;нет;4;группа 6;САО;Хорошёвский;;;1;55.778970;37.514442;корпус
shkola-1415-ostankino;Школа № 1415 «Останкино»;Городская;;нет;4;группа 6;СВАО;Останкинский;1-я Останкинская ул., д. 29;;1;55.824506;37.624764;корпус
shkola-15;Школа № 15;Городская;;нет;4;группа 6;ЮЗАО;Черёмушки;;;4;55.652679;37.559794;корпус
shkola-1515;Школа № 1515;Городская;;нет;4;группа 6;СЗАО;Хорошёво-Мнёвники;;;2;55.778820;37.474300;корпус
shkola-1522-im-v-i-churkina;Школа № 1522 им. В.И. Чуркина;Городская;;нет;4;группа 6;СЗАО;Хорошёво-Мнёвники;;;1;55.772839;37.482173;корпус
shkola-1524;Школа № 1524;Городская;;нет;4;группа 6;ЮВАО;Печатники;ул. Гурьянова, д. 6, стр. 2;;4;55.689610;37.722222;корпус
shkola-1526-na-pokrovskoy;Школа № 1526 на Покровской;Городская;;нет;4;группа 6;ЮАО;Чертаново Южное;;;1;55.602874;37.620513;корпус
shkola-1527;Школа № 1527;Городская;;нет;4;группа 6;ЮАО;Нагатинский Затон;пр-т Андропова, д. 17, корп. 5;;4;55.681981;37.668233;корпус
shkola-1531-im-s-k-godovikova;Школа № 1531 им. С.К. Годовикова;Городская;;нет;4;группа 6;СВАО;Останкинский;ул. Годовикова, д. 4, стр. 3;;2;55.808584;37.631483;корпус
shkola-1598;Школа № 1598;Городская;;нет;4;группа 6;ВАО;Гольяново;;;6;55.828365;37.821452;корпус
shkola-167-im-l-a-govorova;Школа № 167 им. Л.А. Говорова;Городская;;нет;4;группа 6;САО;Левобережный;;;1;55.860602;37.479311;корпус
shkola-1741;Школа № 1741;Городская;;нет;4;группа 6;ЗАО;Тропарёво-Никулино;;;1;55.666600;37.455436;корпус
shkola-1770;Школа № 1770;Городская;;нет;4;группа 6;ЮАО;Нагатинский Затон;Коломенская наб., д. 20;;4;55.682453;37.695801;корпус
shkola-1794-im-a-s-chufistova;Школа № 1794 им. А.С. Чуфистова;Городская;;нет;4;группа 6;САО;Восточное Дегунино;;;5;55.872537;37.566596;корпус
shkola-1795-losinoostrovskaya;Школа № 1795 «Лосиноостровская»;Городская;;нет;4;группа 6;ВАО;Метрогородок;Открытое ш., д. 23А;;1;55.827252;37.752991;корпус
shkola-1874;Школа № 1874;Городская;;нет;4;группа 6;СЗАО;Щукино;;;2;55.803192;37.462925;корпус
shkola-1935-im-v-i-kuznetsova;Школа № 1935 им. В.И. Кузнецова;Городская;;нет;4;группа 6;ЮВАО;Выхино-Жулебино;;;2;55.680972;37.855057;корпус
shkola-1945-sinyaya-ptitsa;Школа № 1945 «Синяя птица»;Городская;;нет;4;группа 6;ЮЗАО;Северное Бутово;;;1;55.570661;37.584651;корпус
shkola-1985;Школа № 1985;Городская;;нет;4;группа 6;СЗАО;Куркино;;;1;55.886971;37.391638;корпус
shkola-1987;Школа № 1987;Городская;;нет;4;группа 6;ЮВАО;Марьино;;;2;55.659735;37.775803;корпус
shkola-1995;Школа № 1995;Городская;Лучшая в районе;нет;4;группа 6;ЮЗАО;Обручевский;ул. Саморы Машела, д. 6, корп. 3;;1;55.645929;37.498474;корпус
shkola-1998-lukomore;Школа № 1998 «Лукоморье»;Городская;;нет;4;группа 6;ЮАО;Братеево;;;1;55.634486;37.742286;корпус
shkola-2001;Школа № 2001;Городская;;нет;4;группа 6;ЮАО;Бирюлёво Западное;;;1;55.591159;37.639960;корпус
shkola-2075;Школа № 2075;Городская;Лучшая в районе;нет;4;группа 6;ТАО;Краснопахорский;;;0;;;
shkola-2100;Школа № 2100;Городская;;нет;4;группа 6;САО;Западное Дегунино;;;0;;;
shkola-2103;Школа № 2103;Городская;;нет;4;группа 6;ЮЗАО;Ясенево;;;4;55.604832;37.517533;корпус
shkola-2116-zyablikovo;Школа № 2116 «Зябликово»;Городская;;нет;4;группа 6;ЮАО;Зябликово;;;4;55.617995;37.751224;корпус
shkola-2121-im-s-k-kurkotkina;Школа № 2121 им. С.К. Куркоткина;Городская;;нет;4;группа 6;ЮВАО;Люблино;;;3;55.684574;37.753985;корпус
shkola-2126-perovo;Школа № 2126 «Перово»;Городская;;нет;4;группа 6;ВАО;Перово;ул. Плющева, д. 11А;;3;55.742877;37.759354;корпус
shkola-2129-im-p-i-romanova;Школа № 2129 им. П.И. Романова;Городская;;нет;4;группа 6;ЮВАО;Южнопортовый;2-й Южнопортовый пр-д, д. 11, стр. 1;;5;55.700198;37.682755;корпус
shkola-285-im-v-a-molodtsova;Школа № 285 им. В.А. Молодцова;Городская;;нет;4;группа 6;СВАО;Южное Медведково;;;4;55.876276;37.630204;корпус
shkola-305;Школа № 305;Городская;;нет;4;группа 6;СВАО;Алтуфьевский;;;1;55.875639;37.580145;корпус
shkola-368-losinyy-ostrov;Школа № 368 «Лосиный остров»;Городская;;нет;4;группа 6;ВАО;Гольяново;;;2;55.822206;37.818067;корпус
shkola-429-sokolinaya-gora;Школа № 429 «Соколиная гора»;Городская;;нет;4;группа 6;ВАО;Соколиная Гора;пр-т Будённого, д. 15А;;4;55.775482;37.724987;корпус
shkola-460;Школа № 460;Городская;;нет;4;группа 6;ЮВАО;Люблино;;;5;55.678872;37.771511;корпус
shkola-554;Школа № 554;Городская;;нет;4;группа 6;ЮЗАО;Зюзино;;;2;55.657163;37.579841;корпус
shkola-609;Школа № 609;Городская;;нет;4;группа 6;ЗелАО;Савёлки;;;0;;;
shkola-629;Школа № 629;Городская;;нет;4;группа 6;ЮАО;Чертаново Южное;;;2;55.587646;37.595092;корпус
shkola-656-im-a-s-makarenko;Школа № 656 им. А.С. Макаренко;Городская;;нет;4;группа 6;САО;Бескудниковский;;;3;55.870524;37.552693;корпус
shkola-69-im-b-sh-okudzhavy;Школа № 69 им. Б.Ш. Окуджавы;Городская;;нет;4;группа 6;СЗАО;Строгино;;;1;55.816280;37.398599;корпус
shkola-806;Школа № 806;Городская;;нет;4;группа 6;ЗАО;Кунцево;;;2;55.732393;37.423319;корпус
shkola-825-imeni-v-a-karakovskogo;Школа № 825 имени В. А. Караковского;Городская;;нет;4;;;;;;3;55.710987;37.757423;корпус
shkola-830;Школа № 830;Городская;;нет;4;группа 6;СЗАО;Покровское-Стрешнево;Большая Набережная ул., д. 23;;4;55.814253;37.459411;корпус
shkola-843;Школа № 843;Городская;;нет;4;группа 6;ЗАО;Тропарёво-Никулино;;;2;55.671088;37.457979;корпус
shkola-883-im-m-f-lukina;Школа № 883 им. М.Ф. Лукина;Городская;;нет;4;группа 6;СЗАО;Северное Тушино;;;2;55.862341;37.427201;корпус
shkola-937-im-a-v-perova;Школа № 937 им. А.В. Перова;Городская;;нет;4;группа 6;ЮАО;Орехово-Борисово Северное;;;2;55.623135;37.697157;корпус
shkola-950;Школа № 950;Городская;;нет;4;группа 6;СВАО;Отрадное;;;5;55.860236;37.604841;корпус
shkola-967-im-v-a-komagorova;Школа № 967 им. В.А. Комагорова;Городская;;нет;4;группа 6;СВАО;Северное Медведково;;;3;55.879116;37.652292;корпус
shkola-97;Школа № 97;Городская;;нет;4;группа 6;ЗАО;Фили-Давыдково;;;2;55.712365;37.456214;корпус
shkola-internat-2;Школа-интернат № 2;Городская;;нет;4;группа 6;САО;Аэропорт;;;2;55.809772;37.534635;корпус
shkola-olimp-plyus;Школа «Олимп-Плюс»;Городская;;нет;3;;;;;;0;;;
shkola-im-a-borovika;Школа им. А. Боровика;Городская;;нет;3;;;;;;0;;;
shkola-1270-vektor;Школа № 1270 «Вектор»;Городская;;нет;3;;;;;;2;55.733089;37.661257;корпус
shkola-1384;Школа № 1384;Городская;;нет;3;;;;;;3;55.802505;37.515647;корпус
osm-162-shkola-14;Школа № 14;Городская;;нет;3;;;;;;2;55.662299;37.465705;корпус
shkola-2054;Школа № 2054;Городская;;нет;3;;;;;;2;55.77246;37.62623;здание школы по номеру (OSM) — сверить
tsentr-obrazovaniya-i-sporta-moskva-98;Центр образования и спорта «Москва-98»;Городская;;нет;2;;;;;;0;;;
shkola-znayka;Школа «Знайка»;Городская;;нет;2;;;;;;0;;;
litsey-ranhigs;Лицей РАНХиГС;Городская;;нет;1;;;;;;2;55.719709;37.613109;корпус
mezhdunarodnaya-lomonosovskaya-gimnaziya;Международная Ломоносовская гимназия;Городская;;нет;1;;;;;;0;;;
mezhdunarodnaya-shkola-zavtrashnego-dnya;Международная школа завтрашнего дня;Городская;;нет;1;;;;;;1;55.632957;37.608902;корпус
novaya-gumanitarnaya-shkola;Новая гуманитарная школа;Городская;;нет;1;;;;;;1;55.802362;37.541020;корпус
pervaya-moskovskaya-gimnaziya;Первая Московская гимназия;Городская;;нет;1;;;;;;0;;;
pervaya-shkola;Первая школа;Городская;;нет;1;;;;;;1;55.883316;37.492184;корпус
uchebnyy-tsentr-nauka-servis;Учебный центр «Наука-Сервис»;Городская;;нет;1;;;;;;0;;;
shkola-lider;Школа «Лидер»;Городская;;нет;1;;;;;;0;;;
shkola-stolichnyy-kit;Школа «Столичный - КИТ»;Городская;;нет;1;;;;;;0;;;
shkola-imeni-mayakovskogo;Школа имени Маяковского;Городская;;нет;1;;;;;;0;;;
shkola-1095;Школа № 1095;Городская;;нет;1;;;;;;3;55.870781;37.669588;корпус
shkola-1404-gamma;Школа № 1404 «Гамма»;Городская;;нет;1;;;;;;2;55.803927;37.688212;корпус
shkola-1412;Школа № 1412;Городская;;нет;1;;;;;;2;55.890909;37.601354;корпус
shkola-2122-imeni-o-a-yurasova;Школа № 2122 имени О. А. Юрасова;Городская;;нет;1;;;;;;0;;;
shkola-319;Школа № 319;Городская;;нет;1;;;;;;4;55.812388;37.789313;корпус
shkola-384;Школа № 384;Городская;;нет;1;;;;;;2;55.711734;37.399839;корпус
russian-international-school-ris;Russian International School (RIS);Частная;;нет;0;;МО;Одинцовский г.о.;пос. Барвиха;https://rischool.ru/;0;;;
mgfso;МГФСО;Спортивная;;нет;0;;ЦАО;Красносельский;Милютинский пер., д. 16, стр. 3 + объекты по всем округам;https://mgfso.mossport.ru/;0;55.76400;37.63311;дом
mkssh-zelenograd;МКСШ «Зеленоград»;Спортивная;;нет;0;;ЗелАО;Крюково;г. Зеленоград, Озёрная аллея, д. 6;https://zelenograd.mossport.ru/;0;55.98697;37.22595;дом
mksshor-vostok;МКСШОР «Восток»;Спортивная;;нет;0;;ЮВАО;Лефортово;Дворец борьбы им. И. Ярыгина, Авиамоторная ул., д. 40 + СК «Есенинский», «Курьяново», «Восточный»;https://vostok.mossport.ru/;0;55.74173;37.72017;дом
mksshor-zapad;МКСШОР «Запад»;Спортивная;;нет;0;;ЗАО;Филёвский Парк;Большая Филёвская ул., д. 6 + 17 объектов;https://zapad.mossport.ru/;0;55.75253;37.50970;дом
mksshor-novaya-moskva;МКСШОР «Новая Москва»;Спортивная;;нет;0;;НАО;Щербинка;объекты в Щербинке и Троицке, 19 спортобъектов;https://newmoscow.mossport.ru/;0;;;
mksshor-sever;МКСШОР «Север»;Спортивная;;нет;0;;САО;Савёловский;Вятская ул., д. 28 + 30 объектов;https://sever.mossport.ru/;0;55.79583;37.58247;дом
mksshor-yug;МКСШОР «Юг»;Спортивная;;нет;0;;ЮАО;Донской;Хавская ул., д. 24, корп. 2 + 14 комплексов;https://yug.mossport.ru/;0;55.71350;37.61240;дом
moskovskaya-akademiya-zimnikh-vidov-sporta;Московская академия зимних видов спорта;Спортивная;;нет;0;;ЦАО;Таганский;Новорогожская ул., д. 25, стр. 4 + 8 комплексов;https://mwsa.mossport.ru/;0;55.74164;37.68979;дом
moskovskaya-akademiya-plavaniya;Московская академия плавания;Спортивная;;нет;0;;Москва;—;31 бассейн по всем округам;https://msa.mossport.ru/;0;;;
moskovskaya-akademiya-sovremennogo-pyatiborya;Московская академия современного пятиборья;Спортивная;;нет;0;;СВАО;Северный;9-я Северная линия, д. 1Б;https://mamp.mossport.ru/;0;55.93669;37.55592;улица (дом не найден)
moskovskaya-akademiya-figurnogo-kataniya-na-konkakh;Московская академия фигурного катания на коньках;Спортивная;;нет;0;;ЮЗАО;Ясенево;"Новоясеневский пр-т, д. 26 (Центр Этери Тутберидзе); ЛД «Хрустальный», Профсоюзная ул., д. 97, корп. 1";https://mmpa.mossport.ru/;0;55.60443;37.53248;дом
moskovskaya-akademiya-khokkeya;Московская академия хоккея;Спортивная;;нет;0;;ЮАО;Зябликово;Ореховый б-р, д. 18, корп. 2 + 15 спортшкол;https://mha.mossport.ru/;0;55.61131;37.72811;дом
moskovskaya-basketbolnaya-akademiya;Московская баскетбольная академия;Спортивная;;нет;0;;ЮАО;Донской;Загородное ш., д. 2А + 10 подразделений;https://mba.mossport.ru/;0;55.70026;37.60976;дом
moskovskaya-tennisnaya-akademiya;Московская теннисная академия;Спортивная;;нет;0;;ЗАО;Проспект Вернадского;"ул. Удальцова, д. 54; Чоботовская ул., д. 4, корп. 1";https://mta.mossport.ru/;0;55.68627;37.49095;дом
moskovskaya-futbolnaya-akademiya;Московская футбольная академия;Спортивная;;нет;0;;ЦАО;Красносельский;Верхняя Красносельская ул., д. 7А;https://mfa.mossport.ru/;0;55.78556;37.66174;дом
moskovskiy-tsentr-boevykh-iskusstv;Московский центр боевых искусств;Спортивная;;нет;0;;ЮАО;Чертаново Центральное;Варшавское ш., д. 118, корп. 1;https://mcbi.mossport.ru/;0;55.63157;37.61807;дом
moskovskoe-uchilishche-olimpiyskogo-rezerva-muor;Московское училище олимпийского резерва (МУОР);Спортивная;;нет;0;;ЗАО;Фили-Давыдково;"Малая Филёвская ул., д. 34, корп. 2 + 16-я Парковая, 17; Ткацкая, 24 и 27";https://muor.mossport.ru/;0;55.73585;37.45649;дом
sshor-moskvich;СШОР «Москвич»;Спортивная;;нет;0;;ЮВАО;Текстильщики;Волгоградский пр-т, д. 46/15, стр. 3;https://moskvich.mossport.ru/;0;55.70808;37.73328;дом
sportivnyy-internat-chertanovo;Спортивный интернат «Чертаново»;Спортивная;;нет;0;;ЮАО;Чертаново Центральное;Чертановская ул., д. 7, корп. 3 + площадки Борисовские Пруды, Капотня;https://chertanovo.mossport.ru/;2;55.63022;37.60486;дом
fso-yunost-moskvy;ФСО «Юность Москвы»;Спортивная;;нет;0;;САО;Беговой;Ленинградский пр-т, д. 31А, стр. 1 + 109 спортобъектов;https://yum.mossport.ru/;0;55.78360;37.56021;дом
tsois-moskva-98;ЦОиС «Москва-98»;Спортивная;;нет;0;;ЗАО;Проспект Вернадского;ул. Удальцова, д. 40 + ул. Лобачевского, д. 92;https://moscow98.mossport.ru/;3;55.68458;37.49361;дом
tssio-mesh-moskovskaya-eksperimentalnaya-shkola;ЦСиО «МЭШ» (Московская экспериментальная школа);Спортивная;;нет;0;;ЮЗАО;Зюзино;Херсонская ул., д. 30, корп. 2, стр. 1;https://mesh.mossport.ru/;1;55.65458;37.56446;дом
tssio-sambo-70;ЦСиО «Самбо-70»;Спортивная;;нет;0;;ЮЗАО;Коньково;ул. Академика Виноградова, д. 4Б + отделения Шаболовка, Гагаринский, Ясенево, Севастопольский;https://sambo70.mossport.ru/;1;55.63091;37.48725;дом
tsentr-obrazovaniya-i-sporta-lokomotiv;Центр образования и спорта «Локомотив»;Спортивная;;нет;0;;ВАО;Богородское;район Большая Черкизовская (адрес требует подтверждения);https://fclm.mskobr.ru/;2;55.80407;37.74375;объект (школа в OSM)
shkola-naslednik;Школа «Наследник»;Частная;;нет;0;;Москва;—;несколько кампусов в Москве;https://nasledniki.ru/;1;55.63603;37.72216;объект (школа в OSM)
shkola-1577;Школа № 1577;Городская;;нет;0;;СВАО;Ярославский;Ярославское ш., д. 8, корп. 7;;2;55.852332;37.690363;корпус
