school;school_id;type;tier;nota_index;okrug;district;buildings;zhk_10;zhk_15;zhk_20;zhk_30;zhk_list_20
Лицей «Вторая школа» им. В.Ф. Овчинникова;litsey-vtoraya-shkola-im-v-f-ovchinnikova;Городская;Отметка;100;ЮЗАО;Гагаринский;1;0;0;0;2;
Пятьдесят седьмая школа;pyatdesyat-sedmaya-shkola;Городская;Отметка;96;ЦАО;Хамовники;3;5;14;21;37;"LUCE (Люче) — 7 мин; Олсуфьевский 10 — 7 мин; Воздвиженка 7/6 — 8 мин; Льва Толстого 14 — 9 мин; ДОМ XXII — 10 мин; Фрунзенский — 11 мин; Никитский 6 — 12 мин; Коллекция Лужники (Luzhniki Collection) — 12 мин; Усачева 22 — 13 мин; Лё Дом (Le Dome) — 13 мин; Обыденский №1 — 13 мин; EDEN — 14 мин; Stella di Mosca — 15 мин; CLOS 17 — 15 мин; Красный Октябрь — 15 мин; Большая Пироговская 51 — 15 мин; Annabel's (1913) — 17 мин; Хамовники 12 — 17 мин; Узоры — 18 мин; Большая Никитская 16 — 19 мин; Vesper Погодинская — 20 мин"
Школа № 179;shkola-179;Городская;Отметка;95;ЦАО;Тверской;1;0;5;10;19;"Кузнецкий Мост 12 — 10 мин; Камергер — 11 мин; Stella di Mosca — 12 мин; Николь (Nicole) — 14 мин; Ильинка 3/8 — 15 мин; Большая Никитская 16 — 17 мин; EDEN — 18 мин; Рождественка 8 — 19 мин; Воздвиженка 7/6 — 19 мин; LUCE (Люче) — 19 мин"
Школа № 1535;shkola-1535;Городская;Отметка;94;ЦАО;Хамовники;2;4;5;9;12;"Vesper Погодинская — 3 мин; Усачева 22 — 5 мин; Большая Пироговская 51 — 7 мин; Саввинская 27 — 9 мин; ДОМ XXII — 12 мин; Коллекция Лужники (Luzhniki Collection) — 16 мин; Хамовники 12 — 18 мин; Олсуфьевский 10 — 19 мин; Узоры — 20 мин"
Школа Центра педагогического мастерства (ЦПМ);shkola-tsentra-pedagogicheskogo-masterstva-tspm;Частная;Отметка;93;ЦАО;Мещанский;2;1;5;9;18;"Chkalov — 8 мин; Тессинский V — 10 мин; MOD — 13 мин; Костомаровский, 15 — 13 мин; Берниковская набережная 12 — 14 мин; Дом Франка — 18 мин; Mariinn Park — 20 мин; Октябрьская 98 (Mirror) — 20 мин; Фон Дессин (Fon Dessin) — 20 мин"
Школа № 2007 ФМШ;shkola-2007-fmsh;Городская;Отметка;93;ЮЗАО;Южное Бутово;1;0;0;0;0;
Лицей НИУ ВШЭ;litsey-niu-vshe;Вузовская;Отметка;91;ЦАО;Красносельский;4;4;7;18;30;"Veil (Роден) — 5 мин; Фон Дессин (Fon Dessin) — 8 мин; Chkalov — 9 мин; Рождественка 8 — 10 мин; Форум (Forum) — 13 мин; Тессинский V — 14 мин; Turgenev (Клубный дом Тургенев) — 15 мин; Малая Дмитровка 5/9 — 15 мин; RED7 — 15 мин; Ильинка 3/8 — 15 мин; Кузнецкий Мост 12 — 16 мин; Николь (Nicole) — 16 мин; Берниковская набережная 12 — 16 мин; Фантом (Phantom) — 17 мин; Энигмия — 18 мин; Демидов 26 — 19 мин; Космо 4/22 — 19 мин; Камергер — 20 мин"
Школа «Летово»;shkola-letovo;Частная;Отметка;88;НАО;поселение Сосенское;1;0;0;0;0;
Школа № 1568 им. Пабло Неруды;shkola-1568-im-pablo-nerudy;Городская;Отметка;85;СВАО;Южное Медведково;2;0;0;0;0;
Школа № 1502 «Энергия»;shkola-1502-energiya;Городская;Отметка;83;ВАО;Новогиреево;3;0;0;0;0;
СУНЦ МГУ (школа-интернат им. А.Н. Колмогорова);sunts-mgu-shkola-internat-im-a-n-kolmogorova;Вузовская;Отметка;80;ЗАО;Фили-Давыдково;2;0;0;0;5;
Школа № 1514;shkola-1514;Городская;Отметка;80;ЗАО;Раменки;6;0;3;4;8;"Айс Тауэрс (ICE Towers) — 12 мин; CULT (Клубный дом Культ) — 13 мин; СТОУН Грэйн (STONE Grain) — 13 мин; Обручева 30 — 18 мин"
Бауманская инженерная школа № 1580;baumanskaya-inzhenernaya-shkola-1580;Городская;Отметка;79;ЮЗАО;Зюзино;2;0;0;0;0;
Школа № 444;shkola-444;Городская;Отметка;77;ВАО;Измайлово;3;0;0;0;0;
Лицей «Воробьёвы горы»;litsey-vorobevy-gory;Городская;Отметка;75;ЮАО;Донской;2;0;0;1;4;Шифт (SHIFT) — 20 мин
Лицей Финансового университета;litsey-finansovogo-universiteta;Вузовская;Отметка;75;САО;Аэропорт;1;0;1;2;6;"Мастерс (Masters) — 14 мин; Дом на Часовой (DD:OO:MM) — 16 мин"
Школа № 1543;shkola-1543;Городская;Отметка;75;ЗАО;Тропарёво-Никулино;2;0;1;1;1;СИТИМИКС — 12 мин
Школа на Юго-Востоке им. В.И. Чуйкова;shkola-na-yugo-vostoke-im-v-i-chuykova;Городская;Отметка;66;ЮВАО;Рязанский;3;0;0;0;2;
Курчатовская школа;kurchatovskaya-shkola;Городская;Отметка;65;СЗАО;Щукино;8;4;6;10;19;"Сити Бэй (City Bay) — 3 мин; Квартал Серебряный Бор — 7 мин; Серебряный Бор (квартал) — 7 мин; Интонация — 8 мин; Ракурс — 10 мин; Вереск — 13 мин; МОМЕНТС — 16 мин; Level Стрешнево — 18 мин; INDY Towers — 18 мин; Живописная, 27 — 20 мин"
Университетская гимназия МГУ имени М.В. Ломоносова;universitetskaya-gimnaziya-mgu-imeni-m-v-lomonosova;Вузовская;Отметка;64;ЗАО;Раменки;1;0;0;0;3;
Школа № 548 «Царицыно»;shkola-548-tsaritsyno;Городская;Отметка;64;ЮАО;Орехово-Борисово Южное;4;0;0;0;0;
Школа № 1518;shkola-1518;Городская;Отметка;63;СВАО;Алексеевский;2;1;2;4;4;"Мира — 8 мин; iLove — 13 мин; Лайм — 16 мин; Дом Франка — 18 мин"
Классический пансион МГУ;klassicheskiy-pansion-mgu;Частная;Отметка;62;ЗАО;Очаково-Матвеевское;2;1;5;7;9;"Кутузов Сити — 6 мин; Верейская 41 — 12 мин; Событие — 12 мин; Stories на Мосфильмовской — 13 мин; Среда на Лобачевского — 14 мин; SET — 17 мин; Veer — 17 мин"
Предуниверситарий МИФИ;preduniversitariy-mifi;Вузовская;Отметка;62;ЮАО;Москворечье-Сабурово;1;0;0;0;0;
Ломоносовская школа;lomonosovskaya-shkola;Частная;Отметка;60;ЗАО;Очаково-Матвеевское;3;0;0;4;8;"Кутузов Сити — 16 мин; SET — 17 мин; Veer — 17 мин; Верейская 41 — 20 мин"
Школа «Интеллектуал»;shkola-intellektual;Городская;Отметка;55;ЗАО;Фили-Давыдково;1;0;0;0;4;
Школа № 2070 им. Г.А. Вартаняна;shkola-2070-im-g-a-vartanyana;Городская;Отметка;55;НАО;поселение Сосенское;3;0;0;0;0;
Школа № 1547;shkola-1547;Городская;Отметка;54;ЮВАО;Марьино;2;0;0;0;0;
Школа № 1252 им. Сервантеса;shkola-1252-im-servantesa;Городская;Отметка;53;САО;Сокол;2;0;0;1;6;МОМЕНТС — 19 мин
Школа № 1253;shkola-1253;Городская;Отметка;53;ЦАО;Хамовники;2;2;4;9;18;"Льва Толстого 14 — 3 мин; Хилков — 9 мин; Олсуфьевский 10 — 13 мин; Левшинский 19 (Your MAJESTY) — 15 мин; Фрунзенский — 17 мин; Annabel's (1913) — 17 мин; ДОМ XXII — 18 мин; Обыденский №1 — 19 мин; Земледельческий 15 — 20 мин"
Школа № 1329;shkola-1329;Городская;Отметка;53;ЗАО;Тропарёво-Никулино;2;0;1;1;5;Level Мичуринский — 12 мин
Школа № 2123 им. Мигеля Эрнандеса;shkola-2123-im-migelya-ernandesa;Городская;Отметка;53;ЦАО;Пресненский;1;3;8;12;18;"Большая Никитская 16 — 6 мин; Никитский 6 — 8 мин; Малая Никитская 29-31 — 9 мин; Stella di Mosca — 12 мин; EDEN — 13 мин; Воздвиженка 7/6 — 15 мин; Большой Козихинский 22 — 15 мин; CLOS 17 — 15 мин; Камергер — 16 мин; LUCE (Люче) — 16 мин; Палашёвский 11 — 16 мин; Левенсон (Levenson) — 17 мин"
Школа № 2036;shkola-2036;Городская;Отметка;52;ВАО;Новокосино;2;0;0;0;0;
Школа № 1533 «ЛИТ»;shkola-1533-lit;Городская;Отметка;48;ЮЗАО;Гагаринский;2;0;1;2;3;"CULT (Клубный дом Культ) — 13 мин; Level Академическая — 16 мин"
Школа № 218;shkola-218;Городская;Отметка;48;САО;Тимирязевский;2;0;0;2;7;"DIUS (Диус) — 17 мин; 26 Парквью — 19 мин"
Академическая школа № 1534;akademicheskaya-shkola-1534;Городская;Отметка;47;ЮЗАО;Академический;4;1;2;2;3;"Level Академическая — 5 мин; Новые Академики — 14 мин"
Школа № 1575;shkola-1575;Городская;Отметка;47;САО;Аэропорт;2;2;3;4;7;"Дом на Часовой (DD:OO:MM) — 7 мин; Муза (MUSE) — 9 мин; DIUS (Диус) — 12 мин; СОУЛ (SOUL) — 16 мин"
Частная школа «Золотое сечение»;chastnaya-shkola-zolotoe-sechenie;Частная;Отметка;46;ЦАО;Якиманка;2;3;5;9;23;"Узоры — 4 мин; Земледельческий 15 — 5 мин; Хамовники 12 — 7 мин; Левшинский 19 (Your MAJESTY) — 11 мин; Олсуфьевский 10 — 12 мин; Льва Толстого 14 — 15 мин; Саввинская 27 — 16 мин; Vesper Погодинская — 19 мин; Хилков — 20 мин"
Школа № 1501;shkola-1501;Городская;Отметка;45;ЦАО;Тверской;4;0;0;1;10;Форум (Forum) — 18 мин
Школа № 171;shkola-171;Городская;Отметка;45;ЦАО;Хамовники;2;2;2;4;10;"Фрунзенский — 6 мин; ДОМ XXII — 10 мин; Усачева 22 — 16 мин; Коллекция Лужники (Luzhniki Collection) — 18 мин"
Школа № 2086;shkola-2086;Городская;Отметка;45;ЮЗАО;Гагаринский;2;0;1;1;2;CULT (Клубный дом Культ) — 12 мин
Школа № 2107;shkola-2107;Городская;Отметка;44;ЦАО;Мещанский;5;2;4;7;14;"Форум (Forum) — 6 мин; Городская усадьба в Орлово-Давыдовском — 8 мин; Дом Франка — 14 мин; Фантом (Phantom) — 15 мин; Turgenev (Клубный дом Тургенев) — 17 мин; RED7 — 20 мин; MOD — 20 мин"
Школа № 1409;shkola-1409;Городская;Отметка;43;САО;Хорошёвский;2;0;1;1;8;Прайм Парк (Prime Park) — 11 мин
Школа № 1589;shkola-1589;Городская;Отметка;43;ЗАО;Кунцево;1;0;0;0;4;
Школа № 1504;shkola-1504;Городская;Отметка;42;ВАО;Ивановское;2;0;0;0;0;
Областная гимназия им. Е.М. Примакова;oblastnaya-gimnaziya-im-e-m-primakova;Частная;Отметка;41;МО;Одинцовский г.о.;1;0;0;1;1;Раздоры-2 — 15 мин
Школа № 1517;shkola-1517;Городская;Отметка;40;СЗАО;Щукино;4;0;2;5;6;"Crystal Трилогия — 10 мин; Wellton Spa Residence — 10 мин; Квартал Серебряный Бор — 16 мин; Серебряный Бор (квартал) — 16 мин; MYPRIORITY Мнёвники — 17 мин"
Школа № 1541;shkola-1541;Городская;Отметка;40;ЗАО;Проспект Вернадского;3;0;0;0;2;
Инженерная школа № 1581;inzhenernaya-shkola-1581;Городская;На заметку;39;ЦАО;Басманный;3;2;8;11;19;"Костомаровский, 15 — 2 мин; Демидов 26 — 4 мин; СТОУН Сокольники (STONE Sokolniki) — 11 мин; Chkalov — 12 мин; Интеллигент — 12 мин; RED7 — 13 мин; Veil (Роден) — 14 мин; Тессинский V — 15 мин; Дом 56 — 15 мин; Берниковская набережная 12 — 16 мин; Фантом (Phantom) — 19 мин"
Школа № 1363;shkola-1363;Городская;На заметку;39;ЮВАО;Выхино-Жулебино;7;1;1;1;1;Аквилон BESIDE 2.0 — 4 мин
Школа № 1980;shkola-1980;Городская;На заметку;39;ЮЗАО;Южное Бутово;1;0;0;0;0;
Хорошевская школа (Хорошкола);horoshevskaya-shkola-horoshkola;Частная;На заметку;38;СЗАО;Хорошёво-Мнёвники;1;0;1;2;6;"Wellton Spa Residence — 14 мин; MYPRIORITY Мнёвники — 15 мин"
Школа № 1557 им. П.Л. Капицы;shkola-1557-im-p-l-kapitsy;Городская;На заметку;38;ЗелАО;Савёлки;1;0;0;0;0;
Академическая гимназия;akademicheskaya-gimnaziya;Частная;На заметку;37;Москва / МО;—;1;0;0;0;0;
Павловская гимназия;pavlovskaya-gimnaziya;Частная;На заметку;37;МО;Истринский г.о.;1;0;0;0;1;
Школа «НИКА»;shkola-nika;Частная;На заметку;37;ЮЗАО;Зюзино;2;0;0;1;1;Наметкин Тауэр — 16 мин
Школа № 1558 им. Росалии де Кастро;shkola-1558-im-rosalii-de-kastro;Городская;На заметку;37;СВАО;Бабушкинский;2;0;0;0;0;
Школа № 2083;shkola-2083;Городская;На заметку;37;НАО;Щербинка;1;0;0;0;0;
Школа «Покровский квартал»;shkola-pokrovskiy-kvartal;Городская;На заметку;36;ЦАО;Басманный;7;3;6;9;19;"Veil (Роден) — 5 мин; Chkalov — 6 мин; Фон Дессин (Fon Dessin) — 8 мин; Тессинский V — 11 мин; Берниковская набережная 12 — 11 мин; Костомаровский, 15 — 12 мин; RED7 — 16 мин; Демидов 26 — 18 мин; Turgenev (Клубный дом Тургенев) — 20 мин"
Школа № 192;shkola-192;Городская;На заметку;36;ЮЗАО;Гагаринский;1;0;0;1;2;Шифт (SHIFT) — 20 мин
Школа № 625;shkola-625;Городская;На заметку;36;ЮЗАО;Академический;2;0;0;2;4;"Level Академическая — 18 мин; Five Towers — 19 мин"
Школа «Алгоритм»;shkola-algoritm;Частная;На заметку;35;ЦАО;Красносельский;1;2;4;8;14;"Рождественка 8 — 10 мин; Turgenev (Клубный дом Тургенев) — 10 мин; Фон Дессин (Fon Dessin) — 11 мин; Фантом (Phantom) — 13 мин; Кузнецкий Мост 12 — 15 мин; Veil (Роден) — 15 мин; RED7 — 16 мин; Форум (Forum) — 18 мин"
Школа № 67;shkola-67;Городская;На заметку;35;ЗАО;Дорогомилово;5;6;8;9;15;"Бадаевский — 2 мин; На Кутузовском проспекте, 36 — 2 мин; Виктори Парк Резиденсез (Victory Park Residences) — 4 мин; Поклонная 7 — 4 мин; Vesper Kutuzovsky (ODA Gallery) — 5 мин; Веспер Кутузовский (Vesper Кутузовский) — 9 мин; У Поклонной горы — 10 мин; Д'оро Миле (D'oro Mille) — 10 мин; Барклая 6 — 17 мин"
Школа № 1529 имени А.С. Грибоедова;shkola-1529-imeni-a-s-griboedova;Городская;На заметку;34;ЦАО;Хамовники;4;6;10;13;29;"Обыденский №1 — 2 мин; Лё Дом (Le Dome) — 3 мин; Annabel's (1913) — 5 мин; Хилков — 7 мин; CLOS 17 — 8 мин; Левшинский 19 (Your MAJESTY) — 10 мин; Красный Октябрь — 12 мин; Льва Толстого 14 — 13 мин; Никитский 6 — 14 мин; LUCE (Люче) — 15 мин; Воздвиженка 7/6 — 15 мин; EDEN — 16 мин; Земледельческий 15 — 18 мин"
Шуваловская школа № 1448;shuvalovskaya-shkola-1448;Городская;На заметку;34;ЗАО;Раменки;2;0;1;2;2;"Река (клубный дом) — 14 мин; Кинг энд Санс (King & Sons) — 17 мин"
Школа № 152;shkola-152;Городская;На заметку;33;САО;Аэропорт;3;2;3;6;8;"Дом на Часовой (DD:OO:MM) — 10 мин; Прайм Парк (Prime Park) — 10 мин; Муза (MUSE) — 11 мин; DIUS (Диус) — 16 мин; Мастерс (Masters) — 17 мин; СОУЛ (SOUL) — 18 мин"
Школа № 2098 им. Л.М. Доватора;shkola-2098-im-l-m-dovatora;Городская;На заметку;32;САО;Западное Дегунино;2;0;0;0;0;
Международная школа «Интеграция XXI век»;mezhdunarodnaya-shkola-integratsiya-xxi-vek;Частная;На заметку;31;СЗАО;Щукино;2;0;1;2;5;"Ракурс — 14 мин; Интонация — 18 мин"
Школа № 1474;shkola-1474;Городская;На заметку;31;САО;Ховрино;7;0;0;0;1;
Школа № 2026;shkola-2026;Городская;На заметку;31;ВАО;Косино-Ухтомский;1;0;0;0;0;
Школа № 1317;shkola-1317;Городская;На заметку;30;ЗАО;Тропарёво-Никулино;1;0;0;1;3;Level Мичуринский — 16 мин
Школа № 1357 «На Братиславской»;shkola-1357-na-bratislavskoy;Городская;На заметку;30;ЮВАО;Марьино;7;0;0;0;0;
Школа «Марьина Роща» им. В.Ф. Орлова;shkola-marina-roscha-im-v-f-orlova;Городская;На заметку;29;СВАО;Марьина роща;3;1;3;4;7;"MOD — 6 мин; Mariinn Park — 13 мин; Октябрьская 98 (Mirror) — 14 мин; Дом Франка — 18 мин"
Школа на проспекте Вернадского;shkola-na-prospekte-vernadskogo;Городская;На заметку;29;ЗАО;Тропарёво-Никулино;3;0;1;1;1;СИТИМИКС — 11 мин
Школа № 1194 им. Т.О. Расторгуева;shkola-1194-im-t-o-rastorgueva;Городская;На заметку;29;ЗелАО;Крюково;1;0;0;0;0;
Школа № 1571;shkola-1571;Городская;На заметку;29;СЗАО;Северное Тушино;6;0;0;0;0;
Школа № 962;shkola-962;Городская;На заметку;29;СВАО;Отрадное;5;0;1;3;3;"Алтуфьевское 53 — 15 мин; Достижение — 17 мин; Дом Малевич — 17 мин"
Школа № 1542;shkola-1542;Городская;На заметку;28;ЗАО;Солнцево;3;0;0;0;0;
Школа № 1574;shkola-1574;Городская;На заметку;28;ЦАО;Тверской;3;3;6;7;16;"Энигмия — 3 мин; Малая Дмитровка 5/9 — 6 мин; Левенсон (Levenson) — 9 мин; Палашёвский 11 — 11 мин; Большой Козихинский 22 — 12 мин; Камергер — 14 мин; Тишинский бульвар — 17 мин"
Школа № 1576;shkola-1576;Городская;На заметку;28;САО;Коптево;5;0;0;1;3;Level Войковская — 19 мин
Школа № 2089;shkola-2089;Городская;На заметку;28;ЮВАО;Некрасовка;1;0;0;0;0;
Школа «Новогорск»;shkola-novogorsk;Частная;На заметку;27;МО;Химки;1;0;0;0;0;
Школа № 1002;shkola-1002;Городская;На заметку;27;ЗАО;Солнцево;4;0;0;0;0;
Школа № 1158;shkola-1158;Городская;На заметку;27;ЮАО;Чертаново Северное;4;0;0;0;0;
Школа № 1298 «Профиль Куркино»;shkola-1298-profil-kurkino;Городская;На заметку;27;СЗАО;Куркино;1;0;0;0;0;
Школа № 1950;shkola-1950;Городская;На заметку;27;ЦАО;Пресненский;2;0;4;7;14;"Большой Козихинский 22 — 11 мин; Левенсон (Levenson) — 12 мин; Тишинский бульвар — 14 мин; Палашёвский 11 — 15 мин; Малая Никитская 29-31 — 15 мин; Энигмия — 16 мин; Republic (Репаблик) — 19 мин"
Школа № 2120;shkola-2120;Городская;На заметку;27;НАО;Филимонковский;2;0;0;0;0;
Школа № 58;shkola-58;Городская;На заметку;27;СЗАО;Строгино;1;0;1;1;2;CULT (Клубный дом Культ) — 15 мин
Образовательный центр «Протон»;obrazovatelnyy-tsentr-proton;Городская;На заметку;26;ЗАО;Филёвский Парк;2;1;3;5;10;"Барклая 6 — 7 мин; Ривер Парк Кутузовский (River Park Towers) — 10 мин; Famous — 13 мин; Береговой 2 — 16 мин; Виктори Парк Резиденсез (Victory Park Residences) — 17 мин"
Школа № 1290;shkola-1290;Городская;На заметку;26;ВАО;Измайлово;2;0;0;0;0;
Школа № 1362;shkola-1362;Городская;На заметку;26;ВАО;Соколиная Гора;3;0;0;0;3;
Школа № 1811 «Восточное Измайлово»;shkola-1811-vostochnoe-izmaylovo;Городская;На заметку;26;ВАО;Восточное Измайлово;5;0;0;0;0;
Школа № 2109;shkola-2109;Городская;На заметку;26;НАО;Щербинка;1;0;0;0;0;
Школа № 7;shkola-7;Городская;На заметку;26;ЮЗАО;Ломоносовский;6;1;2;2;3;"Айс Тауэрс (ICE Towers) — 6 мин; CULT (Клубный дом Культ) — 10 мин"
Школа «Классика-М»;shkola-klassika-m;Частная;На заметку;25;МО;Мытищи;2;0;0;0;0;
Школа № 1537 «Информационные технологии»;shkola-1537-informatsionnye-tehnologii;Городская;На заметку;25;СВАО;Ярославский;1;0;0;0;0;
Школа № 2031;shkola-2031;Городская;На заметку;25;ВАО;Косино-Ухтомский;1;0;0;0;0;
Школа № 2048;shkola-2048;Городская;На заметку;25;ЮВАО;Некрасовка;1;1;4;7;11;"Level Причальный — 2 мин; Шелепиха — 12 мин; Sydney Prime — 14 мин; Сидней Сити (Sydney City) — 15 мин; HeadLiner — 18 мин; Ривер Парк Кутузовский (River Park Towers) — 19 мин; Береговой 2 — 20 мин"
Экономический лицей РЭУ им. Г.В. Плеханова;ekonomicheskiy-litsey-reu-im-g-v-plehanova;Вузовская;На заметку;25;ЦАО;Замоскворечье;1;0;2;6;21;"Павелецкая от Гранель (MYPRIORITY Paveletskaya) — 11 мин; THE LOT by Akvilon — 13 мин; Level Павелецкая Сити — 17 мин; Дом А — 17 мин; Монблан — 17 мин; Малая Ордынка 14 — 20 мин"
Школа «Светлые горы»;shkola-svetlye-gory;Частная;;24;МО;Красногорск;1;0;0;0;0;
Школа № 1231 им. В.Д. Поленова;shkola-1231-im-v-d-polenova;Городская;Лучшая в районе;24;ЦАО;Арбат;6;8;16;21;35;"Земледельческий 15 — 3 мин; Узоры — 4 мин; Хилков — 5 мин; CLOS 17 — 5 мин; Хамовники 12 — 7 мин; Обыденский №1 — 7 мин; Левшинский 19 (Your MAJESTY) — 8 мин; Лё Дом (Le Dome) — 8 мин; Никитский 6 — 11 мин; Annabel's (1913) — 11 мин; LUCE (Люче) — 12 мин; Воздвиженка 7/6 — 12 мин; Олсуфьевский 10 — 13 мин; EDEN — 13 мин; Красный Октябрь — 14 мин; Льва Толстого 14 — 15 мин; Саввинская 27 — 16 мин; Большая Никитская 16 — 18 мин; Stella di Mosca — 18 мин; Vesper Погодинская — 20 мин; Малая Никитская 29-31 — 20 мин"
Школа № 1287;shkola-1287;Городская;;24;САО;Хорошёвский;2;1;1;3;7;"Мастерс (Masters) — 3 мин; INDY Towers — 16 мин; Дом на Часовой (DD:OO:MM) — 18 мин"
Школа № 1392 им. Д.В. Рябинкина;shkola-1392-im-d-v-ryabinkina;Городская;Лучшая в районе;24;ТАО;Троицк;1;0;0;0;0;
Школа № 1538;shkola-1538;Городская;Лучшая в районе;24;СЗАО;Митино;3;0;0;0;1;
Школа № 1748 «Вертикаль»;shkola-1748-vertikal;Городская;Лучшая в районе;24;ВАО;Северное Измайлово;6;0;0;0;0;
Школа № 2094;shkola-2094;Городская;Лучшая в районе;24;НАО;Коммунарка;6;0;0;0;0;
Школа № 338 им. А.Ф. Авдеева;shkola-338-im-a-f-avdeeva;Городская;;24;НАО;Коммунарка;1;0;0;0;0;
Школа № 627 им. Д.Д. Лелюшенко;shkola-627-im-d-d-lelyushenko;Городская;;24;ЦАО;Замоскворечье;4;12;17;21;27;"Казачий — 0 мин; THE LOT by Akvilon — 5 мин; Малая Полянка 3 — 6 мин; Малая Ордынка 14 — 6 мин; Павелецкая от Гранель (MYPRIORITY Paveletskaya) — 7 мин; Пыжевский — 8 мин; Большая Татарская 35 — 8 мин; Armani/Casa Moscow Residences — 8 мин; Лаврушинский — 9 мин; Level Павелецкая Сити — 9 мин; Дом А — 9 мин; Большая Ордынка 25 — 10 мин; Монблан — 11 мин; LA BELLE MAISON — 11 мин; Садовническая 69 — 12 мин; Quartier d'Or (Картьер д'Ор) — 12 мин; Хай Лайф (High Life) — 14 мин; Русские Сезоны — 15 мин; Voxhall (Воксхолл) — 15 мин; Эра (Era) — 18 мин; Красный Октябрь — 19 мин"
Школа № 2051;shkola-2051;Городская;;23;ЮВАО;Некрасовка;1;0;0;0;0;
Школа-интернат № 1;shkola-internat-1;Городская;;23;СВАО;Алексеевский;1;1;2;3;4;"Лайм — 6 мин; Мира — 13 мин; iLove — 19 мин"
Марьинская школа № 1566;marinskaya-shkola-1566;Городская;;22;ЮВАО;Марьино;2;0;0;0;0;
Школа № 1251 им. Шарля де Голля;shkola-1251-im-sharlya-de-gollya;Городская;;22;САО;Сокол;3;1;1;3;5;"INDY Towers — 9 мин; Мастерс (Masters) — 16 мин; Дом на Зорге — 19 мин"
Школа № 1449 им. М.В. Водопьянова;shkola-1449-im-m-v-vodopyanova;Городская;Лучшая в районе;22;СВАО;Лианозово;2;0;0;1;1;Акценты — 19 мин
Школа № 2009;shkola-2009;Городская;;22;ЮЗАО;Южное Бутово;1;0;0;0;0;
Школа № 2044 им. А.М. Серебрякова;shkola-2044-im-a-m-serebryakova;Городская;Лучшая в районе;22;СВАО;Северный;3;0;0;1;1;ФизтехСити — 17 мин
Школа № 2045 им. Д.А. Разумовского;shkola-2045-im-d-a-razumovskogo;Городская;;22;ЗелАО;Крюково;1;0;0;0;0;
Школа № 2097;shkola-2097;Городская;Лучшая в районе;22;СЗАО;Южное Тушино;4;0;0;1;4;Сити Бэй (City Bay) — 19 мин
Школа «Солнечный ветер»;shkola-solnechnyy-veter;Частная;;21;Москва;—;1;0;0;0;0;
Школа № 1288 им. Н.В. Троян;shkola-1288-im-n-v-troyan;Городская;;21;САО;Хорошёвский;5;1;2;3;9;"Амбер Сити (AMBER CITY) — 4 мин; Сезар Сити (SEZAR CITY) — 12 мин; Глоракс Премиум Белорусская — 18 мин"
Школа № 1359 им. М.Л. Миля;shkola-1359-im-m-l-milya;Городская;;21;ЮВАО;Выхино-Жулебино;2;0;0;0;0;
Школа № 1440;shkola-1440;Городская;Лучшая в районе;21;ЗАО;Крылатское;1;1;1;1;3;Дом Горизонтов — 5 мин
Школа № 1579;shkola-1579;Городская;;21;ЮАО;Москворечье-Сабурово;2;0;1;1;1;LIFE-Варшавская — 14 мин
Школа № 17;shkola-17;Городская;Лучшая в районе;21;ЮЗАО;Коньково;5;0;0;0;0;
Медицинский Сеченовский Предуниверсарий;meditsinskiy-sechenovskiy-preduniversariy;Вузовская;;20;ЦАО;Хамовники;1;2;6;8;13;"Vesper Погодинская — 6 мин; Саввинская 27 — 8 мин; Хамовники 12 — 11 мин; Олсуфьевский 10 — 11 мин; Большая Пироговская 51 — 12 мин; Узоры — 13 мин; Усачева 22 — 16 мин; Земледельческий 15 — 17 мин"
Школа «Глория»;shkola-gloriya;Городская;Лучшая в районе;20;СВАО;Бибирево;3;0;0;0;1;
Школа «Интеграл»;shkola-integral;Городская;;20;ЗАО;Филёвский Парк;1;1;2;3;5;"Барклая 6 — 7 мин; Famous — 14 мин; Виктори Парк Резиденсез (Victory Park Residences) — 17 мин"
Школа № 117;shkola-117;Городская;;20;ЮЗАО;Ломоносовский;3;0;0;1;6;Айс Тауэрс (ICE Towers) — 20 мин
Школа № 1400;shkola-1400;Городская;Лучшая в районе;20;ЗАО;Можайский;1;0;0;1;3;Родина Парк — 17 мин
Школа № 1506;shkola-1506;Городская;Лучшая в районе;20;СВАО;Северное Медведково;1;0;1;1;1;Полар — 10 мин
Школа № 1553 им. В.И. Вернадского;shkola-1553-im-v-i-vernadskogo;Городская;Лучшая в районе;20;ЮАО;Даниловский;2;1;5;8;12;"Эра (Era) — 4 мин; THE LOT by Akvilon — 10 мин; Хай Лайф (High Life) — 12 мин; Voxhall (Воксхолл) — 14 мин; ПЕЙВ (PAVE) — 15 мин; Level Павелецкая Сити — 19 мин; Дом А — 19 мин; Павелецкая от Гранель (MYPRIORITY Paveletskaya) — 19 мин"
Школа № 1944;shkola-1944;Городская;;20;СЗАО;Митино;2;0;0;0;0;
Школа № 2005;shkola-2005;Городская;;20;СЗАО;Куркино;2;0;0;0;0;
Новая школа;novaya-shkola;Частная;;19;ЗАО;Раменки;1;0;0;1;2;Река (клубный дом) — 19 мин
Первый Московский кадетский корпус;pervyy-moskovskiy-kadetskiy-korpus;Городская;;19;САО;Тимирязевский;1;1;1;1;2;26 Парквью — 10 мин
Предуниверситарий МГЛУ;preduniversitariy-mglu;Вузовская;;19;ЦАО;Хамовники;1;1;6;7;19;"Хилков — 2 мин; Левшинский 19 (Your MAJESTY) — 10 мин; Annabel's (1913) — 11 мин; Обыденский №1 — 12 мин; Лё Дом (Le Dome) — 13 мин; Льва Толстого 14 — 14 мин; Земледельческий 15 — 19 мин"
Школа № 1293;shkola-1293;Городская;;19;ЗАО;Кунцево;2;1;2;2;3;"Молодогвардейская 54 (М54) — 8 мин; NEXUS by Akvilon — 11 мин"
Школа № 1306 — «Школа молодых политиков»;shkola-1306-shkola-molodyh-politikov;Городская;;19;ЗАО;Раменки;2;1;1;1;2;Река (клубный дом) — 5 мин
Школа № 1354 «Вектор»;shkola-1354-vektor;Городская;;19;ЮЗАО;Южное Бутово;1;0;0;0;0;
Школа № 1532;shkola-1532;Городская;Лучшая в районе;19;ЮЗАО;Тёплый Стан;4;0;0;0;0;
Школа № 1560 «Лидер»;shkola-1560-lider;Городская;;19;СЗАО;Хорошёво-Мнёвники;5;1;4;7;12;"Высотка на Жукова (Демьяна Бедного, 24) — 7 мин; Сезар Силика — 11 мин; MYPRIORITY Мнёвники — 11 мин; JOIS — 15 мин; Вереск — 16 мин; Эмоушен — 16 мин; Wellton Spa Residence — 19 мин"
Международная гимназия «Сколково»;mezhdunarodnaya-gimnaziya-skolkovo;Частная;;18;ЗАО;Можайский;1;0;1;1;1;Гранель Притяжение Сити — 10 мин
Пансион воспитанниц Министерства обороны РФ;pansion-vospitannits-ministerstva-oborony-rf;Городская;;18;САО;Хорошёвский;1;0;1;2;4;"Амбер Сити (AMBER CITY) — 13 мин; Сезар Сити (SEZAR CITY) — 18 мин"
Школа «Свиблово»;shkola-sviblovo;Городская;Лучшая в районе;18;СВАО;Свиблово;7;1;2;3;4;"AFI Tower — 8 мин; ОМ Ботанический — 12 мин; Союз — 16 мин"
Школа права и экономики;shkola-prava-i-ekonomiki;Городская;;18;;;1;0;0;0;0;
Школа № 109;shkola-109;Городская;;18;ЮЗАО;Тёплый Стан;2;0;0;0;1;
Школа № 1238;shkola-1238;Городская;Лучшая в районе;18;ЗАО;Ново-Переделкино;1;0;0;0;0;
Школа № 1273;shkola-1273;Городская;;18;ЮЗАО;Коньково;3;0;0;0;0;
Школа № 1347;shkola-1347;Городская;;18;ЗАО;Солнцево;3;0;0;0;0;
Школа № 1367;shkola-1367;Городская;;18;ЮВАО;Рязанский;2;0;0;0;2;
Школа № 1420;shkola-1420;Городская;;18;ЮВАО;Выхино-Жулебино;1;0;0;0;1;
Школа № 1454 «Тимирязевская»;shkola-1454-timiryazevskaya;Городская;;18;САО;Тимирязевский;6;0;1;1;3;26 Парквью — 11 мин
Школа № 1505 «Преображенская»;shkola-1505-preobrazhenskaya;Городская;Лучшая в районе;18;ВАО;Преображенское;5;0;1;2;6;"Зиккурат Преображенский — 11 мин; Преображенская площадь — 17 мин"
Школа № 1564 им. А.П. Белобородова;shkola-1564-im-a-p-beloborodova;Городская;;18;СЗАО;Митино;3;0;0;0;0;
Школа № 1570;shkola-1570;Городская;Лучшая в районе;18;САО;Беговой;1;0;0;0;3;
Школа № 1955;shkola-1955;Городская;Лучшая в районе;18;СВАО;Лосиноостровский;3;0;0;0;0;
Школа № 2006;shkola-2006;Городская;Лучшая в районе;18;ЮЗАО;Северное Бутово;1;0;0;0;0;
Школа № 41 им. Г.А. Тарана;shkola-41-im-g-a-tarana;Городская;Лучшая в районе;18;НАО;Внуково;1;0;0;0;0;
Школа № 2072;shkola-2072;Городская;;17;ВАО;Новогиреево;3;0;0;0;1;
Лицей Президентской академии РАНХиГС;litsey-prezidentskoy-akademii-ranhigs;Вузовская;;16;ЗАО;Тропарёво-Никулино;1;0;1;1;1;СИТИМИКС — 13 мин
Школа в Некрасовке;shkola-v-nekrasovke;Городская;;16;ЮВАО;Некрасовка;1;0;0;0;0;
Школа № 1018;shkola-1018;Городская;;16;ЗАО;Ново-Переделкино;1;0;0;0;0;
Школа № 1034 им. В.В. Маркина;shkola-1034-im-v-v-markina;Городская;Лучшая в районе;16;ЮАО;Братеево;2;0;0;0;0;
Школа № 1234;shkola-1234;Городская;;16;ЦАО;Арбат;4;8;11;17;30;"Палашёвский 11 — 3 мин; Левенсон (Levenson) — 6 мин; Малая Никитская 29-31 — 7 мин; Большой Козихинский 22 — 7 мин; Энигмия — 7 мин; CLOS 17 — 8 мин; Малая Дмитровка 5/9 — 9 мин; Камергер — 9 мин; Никитский 6 — 11 мин; Большая Никитская 16 — 13 мин; EDEN — 14 мин; Воздвиженка 7/6 — 15 мин; LUCE (Люче) — 17 мин; Капранова 3 — 17 мин; Земледельческий 15 — 17 мин; Stella di Mosca — 19 мин; Левшинский 19 (Your MAJESTY) — 19 мин"
Школа № 1279 «Эврика»;shkola-1279-evrika;Городская;;16;ЮЗАО;Зюзино;4;0;0;0;3;
Школа № 1358;shkola-1358;Городская;;16;СЗАО;Митино;3;0;0;0;0;
Школа № 1573;shkola-1573;Городская;;16;СВАО;Лианозово;1;0;0;0;0;
Школа № 1591;shkola-1591;Городская;;16;ВАО;Новокосино;3;0;0;0;0;
Школа № 1793 им. А.К. Новикова;shkola-1793-im-a-k-novikova;Городская;;16;ЮВАО;Выхино-Жулебино;3;0;0;0;0;
Школа № 2010 им. М.П. Судакова;shkola-2010-im-m-p-sudakova;Городская;Лучшая в районе;16;ЮВАО;Люблино;3;0;0;0;0;
Школа № 2025;shkola-2025;Городская;;16;ЗАО;Очаково-Матвеевское;3;1;2;2;3;"Страна.Озерная — 10 мин; Level Мичуринский — 14 мин"
Школа № 2117;shkola-2117;Городская;;16;НАО;Щербинка;1;0;0;0;0;
Школа № 654 им. А.Д. Фридмана;shkola-654-im-a-d-fridmana;Городская;Лучшая в районе;16;ЮВАО;Текстильщики;4;0;0;0;1;
Школа № 667 им. К.Я. Самсонова;shkola-667-im-k-ya-samsonova;Городская;Лучшая в районе;16;ЮАО;Бирюлёво Западное;5;0;0;0;0;
Школа № 814;shkola-814;Городская;;16;ЗАО;Очаково-Матвеевское;4;1;1;1;5;Феномен города — 9 мин
Школа № 853;shkola-853;Городская;Лучшая в районе;16;ЗелАО;Старое Крюково;1;0;0;0;0;
Школа им. Артёма Боровика;shkola-im-artema-borovika;Городская;;15;ЮВАО;Марьино;1;0;0;0;0;
Школа № 1000;shkola-1000;Городская;;15;ЗАО;Солнцево;2;0;0;0;0;
Школа № 1150 им. К.К. Рокоссовского;shkola-1150-im-k-k-rokossovskogo;Городская;;15;ЗелАО;Крюково;1;0;0;0;0;
Школа № 1195 им. П.И. Меренкова;shkola-1195-im-p-i-merenkova;Городская;;15;ЗАО;Можайский;2;0;0;2;5;"Кутузов Сити — 17 мин; Верейская 41 — 19 мин"
Школа № 1208 им. М.С. Шумилова;shkola-1208-im-m-s-shumilova;Городская;Лучшая в районе;15;ЮВАО;Кузьминки;4;0;0;0;0;
Школа № 1286;shkola-1286;Городская;;15;СЗАО;Северное Тушино;4;0;0;0;0;
Школа № 1353 им. Д.Ф. Алексеева;shkola-1353-im-d-f-alekseeva;Городская;Лучшая в районе;15;ЗелАО;Матушкино;1;0;0;0;0;
Школа № 1371 «Крылатское»;shkola-1371-krylatskoe;Городская;;15;ЗАО;Крылатское;2;1;1;2;2;"Дом Горизонтов — 8 мин; Крылатская 33 — 15 мин"
Школа № 1391;shkola-1391;Городская;Лучшая в районе;15;ТАО;Бекасово;1;0;0;0;0;
Школа № 1411;shkola-1411;Городская;;15;СВАО;Отрадное;2;0;1;1;2;Алтуфьевское 53 — 14 мин
Школа № 1512 им. Алии Молдагуловой;shkola-1512-im-alii-moldagulovoy;Городская;Лучшая в районе;15;ВАО;Вешняки;1;0;0;0;0;
Школа № 1552;shkola-1552;Городская;;15;ЮАО;Зябликово;4;0;0;0;0;
Школа № 1554;shkola-1554;Городская;;15;СВАО;Отрадное;5;0;1;1;4;Дом Малевич — 13 мин
Школа № 1561;shkola-1561;Городская;Лучшая в районе;15;ЮЗАО;Ясенево;5;0;0;0;0;
Школа № 1569 «Созвездие»;shkola-1569-sozvezdie;Городская;Лучшая в районе;15;ЮАО;Зябликово;2;0;0;0;0;
Школа № 1584;shkola-1584;Городская;;15;ЗАО;Кунцево;2;0;1;1;1;NEXUS by Akvilon — 11 мин
Школа № 1747 им. Д.М. Румянцева;shkola-1747-im-d-m-rumyantseva;Городская;;15;СЗАО;Митино;2;0;0;0;0;
Школа № 1788;shkola-1788;Городская;;15;НАО;Внуково;2;0;0;0;0;
Школа № 1883 «Бутово»;shkola-1883-butovo;Городская;;15;ЮЗАО;Южное Бутово;1;0;0;0;0;
Школа № 2033;shkola-2033;Городская;;15;ВАО;Северное Измайлово;5;0;0;0;1;
Школа № 641 им. Сергея Есенина;shkola-641-im-sergeya-esenina;Городская;;15;ЮВАО;Кузьминки;2;0;0;0;0;
Школа № 777 им. Е.В. Михайлова;shkola-777-im-e-v-mihaylova;Городская;;15;ЮВАО;Рязанский;6;0;1;2;3;"Аквилон BESIDE 2.0 — 14 мин; баланс (balance) — 16 мин"
Школа № 827;shkola-827;Городская;;15;СЗАО;Северное Тушино;2;0;0;0;0;
Школа № 947;shkola-947;Городская;Лучшая в районе;15;ЮАО;Бирюлёво Восточное;5;0;0;0;0;
Школа № 1539;shkola-1539;Городская;;14;СВАО;Алексеевский;1;1;3;3;4;"Лайм — 4 мин; Мира — 10 мин; iLove — 13 мин"
Школа № 887;shkola-887;Городская;;14;ЗАО;Кунцево;2;1;3;3;5;"Индиво — 9 мин; Кутузовский квартал — 14 мин; NEXUS by Akvilon — 15 мин"
Школа «Дмитровский»;shkola-dmitrovskiy;Городская;Лучшая в районе;13;САО;Дмитровский;1;0;0;0;1;
Школа «Столица-КИТ»;shkola-stolitsa-kit;Частная;;13;Москва;—;1;0;0;1;7;Дом 7 Даниловский — 18 мин
Школа № 1223;shkola-1223;Городская;;13;САО;Коптево;2;0;0;0;1;
Школа № 1250;shkola-1250;Городская;Лучшая в районе;13;САО;Войковский;1;1;1;1;5;Инджой (INJOY) — 10 мин
Школа № 1080;shkola-1080;Городская;;12;ВАО;Преображенское;3;0;2;5;6;"Преображенская площадь — 11 мин; Зиккурат Преображенский — 13 мин; ЭВОПАРК Сокольники (EVOPARK) — 19 мин; Назаре — 19 мин; Sokolinn Park — 19 мин"
Школа № 1520 им. Капцовых;shkola-1520-im-kaptsovyh;Городская;;12;ЦАО;Пресненский;2;6;13;15;20;"Большая Никитская 16 — 3 мин; Камергер — 4 мин; Stella di Mosca — 5 мин; EDEN — 5 мин; Никитский 6 — 8 мин; Палашёвский 11 — 9 мин; Воздвиженка 7/6 — 10 мин; LUCE (Люче) — 12 мин; Большой Козихинский 22 — 12 мин; Левенсон (Levenson) — 13 мин; Энигмия — 13 мин; Малая Дмитровка 5/9 — 13 мин; Малая Никитская 29-31 — 15 мин; CLOS 17 — 17 мин; Кузнецкий Мост 12 — 19 мин"
Школа № 1636 «НИКА»;shkola-1636-nika;Городская;;12;ЮАО;Орехово-Борисово Южное;5;0;0;0;0;
Школа № 1799;shkola-1799;Городская;;12;ЦАО;Якиманка;4;9;12;14;28;"Малая Полянка 3 — 2 мин; LA BELLE MAISON — 5 мин; Казачий — 5 мин; Armani/Casa Moscow Residences — 7 мин; Лаврушинский — 8 мин; DUO — 8 мин; Большая Ордынка 25 — 9 мин; Малая Ордынка 14 — 9 мин; Пыжевский — 9 мин; Красный Октябрь — 12 мин; Русские Сезоны — 12 мин; Quartier d'Or (Картьер д'Ор) — 15 мин; Большая Татарская 35 — 20 мин; Ильинка 3/8 — 20 мин"
Школа № 2065;shkola-2065;Городская;;12;НАО;Филимонковский;2;0;0;0;0;
Школа № 2101;shkola-2101;Городская;;12;ЗАО;Фили-Давыдково;3;1;2;2;5;"Гранд Фили — 6 мин; Спрингс (Springs) — 14 мин"
Школа № 922;shkola-922;Городская;;12;ВАО;Ивановское;2;0;0;0;0;
Инженерно-техническая школа им. П.Р. Поповича;inzhenerno-tehnicheskaya-shkola-im-p-r-popovicha;Городская;;11;САО;Аэропорт;3;2;4;4;6;"DIUS (Диус) — 3 мин; Дом на Часовой (DD:OO:MM) — 7 мин; СОУЛ (SOUL) — 12 мин; Муза (MUSE) — 14 мин"
Первый Московский образовательный комплекс;pervyy-moskovskiy-obrazovatelnyy-kompleks;Городская;;11;СВАО;Северное Медведково;4;0;2;3;7;"Мира — 11 мин; iLove — 12 мин; Дом Франка — 19 мин"
Школа № 1590 им. В.В. Колесника;shkola-1590-im-v-v-kolesnika;Городская;;11;САО;Ховрино;2;0;0;0;1;
Школа № 1852;shkola-1852;Городская;Лучшая в районе;11;ВАО;Перово;2;0;0;1;1;Плеханова, 11 — 19 мин
Школа № 315;shkola-315;Городская;;11;ЦАО;Красносельский;1;1;2;2;6;"Scala (Скала) — 5 мин; КОД Сокольники — 13 мин"
Школа № 544;shkola-544;Городская;;11;ЮАО;Орехово-Борисово Южное;3;0;0;0;0;
Школа № 91;shkola-91;Городская;;11;ЦАО;Арбат;1;3;8;10;24;"Никитский 6 — 4 мин; EDEN — 8 мин; Большая Никитская 16 — 9 мин; Воздвиженка 7/6 — 10 мин; CLOS 17 — 10 мин; LUCE (Люче) — 11 мин; Stella di Mosca — 13 мин; Малая Никитская 29-31 — 13 мин; Камергер — 19 мин; Большой Козихинский 22 — 20 мин"
Вешняковская школа;veshnyakovskaya-shkola;Городская;;10;ВАО;Вешняки;6;0;0;0;0;
Измайловская школа № 1508;izmaylovskaya-shkola-1508;Городская;;10;ВАО;Измайлово;3;0;0;0;0;
Пушкинская школа № 1500;pushkinskaya-shkola-1500;Городская;;10;ЦАО;Красносельский;4;4;7;11;20;"Turgenev (Клубный дом Тургенев) — 4 мин; RED7 — 5 мин; Фантом (Phantom) — 7 мин; Рождественка 8 — 10 мин; Форум (Forum) — 10 мин; Фон Дессин (Fon Dessin) — 11 мин; Scala (Скала) — 12 мин; Кузнецкий Мост 12 — 15 мин; Veil (Роден) — 15 мин; Городская усадьба в Орлово-Давыдовском — 18 мин; Демидов 26 — 18 мин"
Школа «Технологии обучения»;shkola-tehnologii-obucheniya;Городская;;10;ЗАО;Дорогомилово;2;0;5;8;16;"Д'оро Миле (D'oro Mille) — 10 мин; Муза (MUSE) — 14 мин; Vesper Kutuzovsky (ODA Gallery) — 14 мин; Дом на Часовой (DD:OO:MM) — 14 мин; DIUS (Диус) — 15 мин; У Поклонной горы — 15 мин; Бадаевский — 18 мин; Прайм Парк (Prime Park) — 19 мин"
Школа им. В.В. Маяковского;shkola-im-v-v-mayakovskogo;Городская;Лучшая в районе;10;ЮВАО;Южнопортовый;2;1;3;3;8;"Дубровка от Гранель (MYPRIORITY Dubrovka) — 8 мин; Симоновский вал — 13 мин; Champine — 14 мин"
Школа № 1191;shkola-1191;Городская;;10;СЗАО;Митино;3;0;0;0;0;
Школа № 1245;shkola-1245;Городская;Лучшая в районе;10;ЮАО;Чертаново Южное;3;0;0;0;0;
Школа № 1324;shkola-1324;Городская;;10;ВАО;Новогиреево;2;0;0;0;0;
Школа № 1375;shkola-1375;Городская;Лучшая в районе;10;ЮАО;Нагатино-Садовники;1;0;1;1;1;WOW — 12 мин
Школа № 1450 «Олимп»;shkola-1450-olimp;Городская;Лучшая в районе;10;ЮАО;Нагорный;4;1;1;2;2;"Twelve (Твелв) — 7 мин; TopHILLS — 16 мин"
Школа № 1466 им. Н. Рушевой;shkola-1466-im-n-rushevoy;Городская;Лучшая в районе;10;ЮАО;Царицыно;4;0;0;0;0;
Школа № 1498 «Московская международная школа»;shkola-1498-moskovskaya-mezhdunarodnaya-shkola;Городская;;10;ЗАО;Раменки;2;1;1;1;4;Река (клубный дом) — 4 мин
Школа № 1528 им. И.В. Панфилова;shkola-1528-im-i-v-panfilova;Городская;;10;ЗелАО;Старое Крюково;1;0;0;0;0;
Школа № 158;shkola-158;Городская;Лучшая в районе;10;САО;Левобережный;4;0;2;3;4;"Северный порт. Береговые кварталы — 12 мин; Фестиваль парк-2 — 14 мин; L67 — 17 мин"
Школа № 1583 им. К.А. Керимова;shkola-1583-im-k-a-kerimova;Городская;Лучшая в районе;10;САО;Головинский;3;0;2;2;5;"Нарвин — 12 мин; Кронштадтский 9 — 13 мин"
Школа № 1797 «Богородская»;shkola-1797-bogorodskaya;Городская;Лучшая в районе;10;ВАО;Богородское;2;0;1;4;5;"Sokolinn Park — 13 мин; Преображенская площадь — 16 мин; ЭВОПАРК Сокольники (EVOPARK) — 17 мин; Зиккурат Преображенский — 20 мин"
Школа № 185 им. В.С. Гризодубовой;shkola-185-im-v-s-grizodubovoy;Городская;;10;САО;Коптево;1;0;0;0;0;
Школа № 1861 «Загорье»;shkola-1861-zagore;Городская;;10;ЮАО;Бирюлёво Восточное;1;0;0;0;0;
Школа № 1900;shkola-1900;Городская;;10;СЗАО;Митино;1;0;0;0;0;
Школа № 1948 «Лингвист-М»;shkola-1948-lingvist-m;Городская;Лучшая в районе;10;ЮЗАО;Черёмушки;2;1;1;1;5;Наметкин Тауэр — 8 мин
Школа № 199;shkola-199;Городская;;10;ЮЗАО;Академический;2;1;1;1;2;Level Академическая — 6 мин
Школа № 2030;shkola-2030;Городская;;10;ЦАО;Пресненский;1;2;2;3;9;"Начало — 7 мин; Лайф Тайм (Life Time) — 8 мин; Капранова 3 — 18 мин"
Школа № 2104 на Таганке;shkola-2104-na-taganke;Городская;Лучшая в районе;10;ЦАО;Таганский;3;2;3;4;13;"Берниковская набережная 12 — 3 мин; Тессинский V — 9 мин; Костомаровский, 15 — 13 мин; Chkalov — 16 мин"
Школа № 2200;shkola-2200;Городская;;10;ВАО;Северное Измайлово;6;0;0;0;0;
Школа № 293 им. А.Т. Твардовского;shkola-293-im-a-t-tvardovskogo;Городская;;10;СВАО;Алексеевский;2;1;1;4;4;"Касаткина, 11 — 9 мин; Лайм — 17 мин; Мира — 18 мин; iLove — 19 мин"
Школа № 507;shkola-507;Городская;;10;ЮАО;Нагатино-Садовники;5;0;1;2;4;"WOW — 14 мин; Twelve (Твелв) — 16 мин"
Школа № 547;shkola-547;Городская;;10;НАО;Коммунарка;2;3;4;4;13;"Дом 7 Даниловский — 8 мин; ПЕЙВ (PAVE) — 9 мин; АУРА (Мангазея на Тульской) — 9 мин; Деко Резиденс — 13 мин"
Школа № 597 «Новое поколение»;shkola-597-novoe-pokolenie;Городская;;10;САО;Ховрино;1;0;0;0;2;
Школа № 709 им. В.И. Долгих;shkola-709-im-v-i-dolgih;Городская;;10;СВАО;Северный;3;0;0;1;1;ФизтехСити — 19 мин
Школа № 727;shkola-727;Городская;Лучшая в районе;10;СЗАО;Покровское-Стрешнево;3;0;1;4;5;"Примавера (Primavera) — 14 мин; Level Стрешнево — 16 мин; АЛИА — 17 мин; Скай Гарден (Sky Garden) — 18 мин"
Школа № 771;shkola-771;Городская;;10;САО;Дмитровский;2;0;0;0;2;
Школа № 924;shkola-924;Городская;;10;ЮАО;Чертаново Южное;5;0;0;0;0;
Школа № 956;shkola-956;Городская;;10;СВАО;Южное Медведково;1;0;0;0;0;
Школа № 1101;shkola-1101;Городская;;9;ЮЗАО;Тёплый Стан;4;0;0;0;0;
Школа № 1210;shkola-1210;Городская;;9;СЗАО;Щукино;2;1;1;3;6;"Живописная, 27 — 8 мин; Квартал Серебряный Бор — 18 мин; Серебряный Бор (квартал) — 18 мин"
Школа № 1259;shkola-1259;Городская;;9;ЦАО;Замоскворечье;2;2;7;13;23;"Садовническая 69 — 7 мин; Космо 4/22 — 8 мин; Большая Татарская 35 — 11 мин; Малая Ордынка 14 — 14 мин; Монблан — 14 мин; Павелецкая от Гранель (MYPRIORITY Paveletskaya) — 14 мин; Казачий — 14 мин; Quartier d'Or (Картьер д'Ор) — 15 мин; Русские Сезоны — 16 мин; Пыжевский — 17 мин; Voxhall (Воксхолл) — 18 мин; Большая Ордынка 25 — 18 мин; Малая Полянка 3 — 19 мин"
Школа № 1430 им. Г.В. Кисунько;shkola-1430-im-g-v-kisunko;Городская;;9;СВАО;Лианозово;2;0;0;0;0;
Школа № 1468;shkola-1468;Городская;;9;ЦАО;Таганский;2;0;0;2;4;"СТОУН Райз (STONE Rise) — 18 мин; Символ — 18 мин"
Школа № 354 им. Д.М. Карбышева;shkola-354-im-d-m-karbysheva;Городская;;9;ЦАО;Басманный;3;2;3;3;8;"Резиденции архитекторов — 4 мин; Дом 56 — 7 мин; Демидов 26 — 10 мин"
Школа № 626 им. Н.И. Сац;shkola-626-im-n-i-sats;Городская;Лучшая в районе;9;ЮЗАО;Котловка;1;0;2;2;2;"Новые Академики — 13 мин; TopHILLS — 13 мин"
Школа «ШИК 16»;shkola-shik-16;Городская;Лучшая в районе;8;СВАО;Останкинский;1;0;0;1;2;Касаткина, 11 — 16 мин
Школа сотрудничества;shkola-sotrudnichestva;Городская;;8;;;2;1;3;4;9;"Костомаровский, 15 — 6 мин; Chkalov — 10 мин; Берниковская набережная 12 — 14 мин; Тессинский V — 15 мин"
Школа № 1507;shkola-1507;Городская;;8;ЮЗАО;Тёплый Стан;3;0;0;0;0;
Школа № 875;shkola-875;Городская;;8;ЗАО;Тропарёво-Никулино;1;0;0;1;1;СИТИМИКС — 19 мин
Средняя школа «Знайка»;srednyaya-shkola-znayka;Городская;;7;;;1;0;0;0;0;
Школа в Капотне;shkola-v-kapotne;Городская;Лучшая в районе;7;ЮВАО;Капотня;3;0;0;0;0;
Школа № 1241 «На Красной Пресне»;shkola-1241-na-krasnoy-presne;Городская;;7;ЦАО;Пресненский;2;1;1;3;9;"Капранова 3 — 6 мин; Начало — 16 мин; Лайф Тайм (Life Time) — 16 мин"
Школа № 1315;shkola-1315;Городская;;7;САО;Головинский;2;1;3;3;7;"Ленинградка 58 — 8 мин; Кронштадтский 9 — 10 мин; Нарвин — 13 мин"
Школа № 1383;shkola-1383;Городская;Лучшая в районе;7;САО;Бескудниковский;2;0;0;0;5;
Школа № 1434 «Раменки»;shkola-1434-ramenki;Городская;;7;ЗАО;Раменки;1;0;1;2;5;"Река (клубный дом) — 12 мин; Инноватор — 19 мин"
Школа № 1467;shkola-1467;Городская;;7;ЗАО;Ново-Переделкино;1;0;0;0;0;
Школа № 1499 им. И.А. Докукина;shkola-1499-im-i-a-dokukina;Городская;Лучшая в районе;7;СВАО;Ростокино;4;0;1;1;4;Мираполис — 14 мин
Школа № 1540;shkola-1540;Городская;;7;ЦАО;Тверской;2;0;0;0;2;
Школа № 1551;shkola-1551;Городская;;7;СЗАО;Южное Тушино;4;1;2;2;2;"U2 (ЮТУ) — 9 мин; Level Свободы — 13 мин"
Школа № 1582;shkola-1582;Городская;Лучшая в районе;7;ЮАО;Чертаново Центральное;4;0;0;0;0;
Школа № 1593;shkola-1593;Городская;;7;ЗАО;Крылатское;2;1;2;2;2;"Крылатская 33 — 6 мин; Дом Горизонтов — 13 мин"
Школа № 1601 им. Е.К. Лютикова;shkola-1601-im-e-k-lyutikova;Городская;Лучшая в районе;7;САО;Савёловский;5;1;2;3;6;"Муза (MUSE) — 5 мин; DIUS (Диус) — 14 мин; Слава (Slava) — 15 мин"
Школа № 1619 им. М.И. Цветаевой;shkola-1619-im-m-i-tsvetaevoy;Городская;;7;СЗАО;Строгино;1;0;0;0;1;
Школа № 1905;shkola-1905;Городская;;7;ЮВАО;Выхино-Жулебино;1;0;0;0;0;
Школа № 201;shkola-201;Городская;;7;САО;Войковский;1;1;1;1;2;Level Войковская — 8 мин
Школа № 2090 им. Л.Х. Паперника;shkola-2090-im-l-h-papernika;Городская;;7;ЮВАО;Рязанский;5;0;1;1;2;Аквилон BESIDE 2.0 — 12 мин
Школа № 45 им. Л.И. Мильграма;shkola-45-im-l-i-milgrama;Городская;;7;ЮЗАО;Академический;4;1;1;2;4;"Level Академическая — 10 мин; TopHILLS — 15 мин"
Школа № 64;shkola-64;Городская;;7;ЗАО;Кунцево;1;0;1;2;3;"NEXUS by Akvilon — 13 мин; Молодогвардейская 54 (М54) — 18 мин"
Школа № 878;shkola-878;Городская;Лучшая в районе;7;ЮАО;Орехово-Борисово Северное;4;0;0;0;0;
Школа № 949;shkola-949;Городская;;7;ЮАО;Орехово-Борисово Южное;2;0;0;0;0;
Школа «Бескудниково»;shkola-beskudnikovo;Городская;;6;САО;Бескудниковский;1;0;0;1;3;СВЕТ — 17 мин
Школа им. И.С. Полбина;shkola-im-i-s-polbina;Городская;Лучшая в районе;6;ЮВАО;Печатники;2;0;1;1;3;Адмирал — 12 мин
Школа им. Ф.М. Достоевского;shkola-im-f-m-dostoevskogo;Городская;;6;ЮВАО;Люблино;2;0;0;0;1;
Школа № 1205;shkola-1205;Городская;;6;ЮЗАО;Черёмушки;3;0;0;1;5;CULT (Клубный дом Культ) — 18 мин
Школа № 1206;shkola-1206;Городская;;6;ЮЗАО;Ясенево;5;0;0;0;0;
Школа № 1228 «Лефортово»;shkola-1228-lefortovo;Городская;Лучшая в районе;6;ЮВАО;Лефортово;6;0;0;0;5;
Школа № 1246;shkola-1246;Городская;Лучшая в районе;6;ВАО;Метрогородок;1;0;0;0;1;
Школа № 1249;shkola-1249;Городская;;6;;;1;0;1;1;4;Мастерс (Masters) — 13 мин
Школа № 1370;shkola-1370;Городская;Лучшая в районе;6;СВАО;Алтуфьевский;4;0;0;0;1;
Школа № 138;shkola-138;Городская;;6;СЗАО;Хорошёво-Мнёвники;4;4;5;6;8;"Crystal Трилогия — 2 мин; Квартал Серебряный Бор — 7 мин; Серебряный Бор (квартал) — 7 мин; Wellton Spa Residence — 7 мин; MYPRIORITY Мнёвники — 11 мин; Высотка на Жукова (Демьяна Бедного, 24) — 19 мин"
Школа № 1387;shkola-1387;Городская;;6;СЗАО;Куркино;2;0;0;0;0;
Школа № 1413;shkola-1413;Городская;;6;СВАО;Бибирево;3;0;0;0;0;
Школа № 1494;shkola-1494;Городская;Лучшая в районе;6;СВАО;Марфино;3;1;2;2;5;"Достижение — 3 мин; ВЭРИ (Very) на Ботанической — 14 мин"
Школа № 1516;shkola-1516;Городская;Лучшая в районе;6;ВАО;Гольяново;2;0;0;0;0;
Школа № 1519;shkola-1519;Городская;;6;СЗАО;Строгино;2;0;0;0;0;
Школа № 1530 «Школа Ломоносова»;shkola-1530-shkola-lomonosova;Городская;Лучшая в районе;6;ВАО;Сокольники;3;0;2;3;7;"СТОУН Сокольники (STONE Sokolniki) — 12 мин; КОД Сокольники — 15 мин; Scala (Скала) — 19 мин"
Школа № 1544;shkola-1544;Городская;;6;СЗАО;Митино;1;0;0;0;0;
Школа № 1596;shkola-1596;Городская;;6;ЗАО;Ново-Переделкино;2;0;0;0;0;
Школа № 170 им. А.П. Чехова;shkola-170-im-a-p-chehova;Городская;;6;ЮЗАО;Коньково;3;0;0;2;4;"Обручева 30 — 16 мин; Сикрет Гарден — 18 мин"
Школа № 1798 «Феникс»;shkola-1798-feniks;Городская;;6;ВАО;Новогиреево;2;0;0;0;0;
Школа № 183;shkola-183;Городская;;6;САО;Бескудниковский;1;0;0;1;3;СВЕТ — 19 мин
Школа № 1862;shkola-1862;Городская;;6;ЮАО;Нагорный;5;0;0;0;0;
Школа № 224;shkola-224;Городская;;6;САО;Войковский;3;3;4;4;5;"Инджой (INJOY) — 4 мин; Нарвин — 7 мин; Ленинградка 58 — 9 мин; Кронштадтский 9 — 11 мин"
Школа № 236 им. Г.И. Щедрина;shkola-236-im-g-i-schedrina;Городская;;6;САО;Дмитровский;1;0;0;0;1;
Школа № 281;shkola-281;Городская;;6;СВАО;Бабушкинский;1;0;0;0;0;
Школа № 283;shkola-283;Городская;;6;СВАО;Северное Медведково;3;0;0;0;1;
Школа № 463 им. Д.Н. Медведева;shkola-463-im-d-n-medvedeva;Городская;Лучшая в районе;6;ЮАО;Нагатинский Затон;4;1;1;4;4;"WOW — 8 мин; Ривер Парк — 17 мин; ЗИЛАРТ — 17 мин; Нагатино Ай-Лэнд — 17 мин"
Школа № 491 «Марьино»;shkola-491-marino;Городская;;6;ЮВАО;Марьино;1;0;0;0;0;
Школа № 498;shkola-498;Городская;;6;ЦАО;Таганский;1;0;0;0;0;
Школа № 508;shkola-508;Городская;;6;ЮАО;Бирюлёво Восточное;1;0;0;0;0;
Школа № 630 им. Г.П. Кравченко;shkola-630-im-g-p-kravchenko;Городская;;6;ЮАО;Донской;6;0;3;6;14;"Шифт (SHIFT) — 13 мин; АУРА (Мангазея на Тульской) — 13 мин; Дом 7 Даниловский — 13 мин; Five Towers — 17 мин; Деко Резиденс — 19 мин; Rotterdam — 19 мин"
Школа № 648 им. А.Г. Карлова;shkola-648-im-a-g-karlova;Городская;;6;САО;Ховрино;1;0;0;0;1;
Школа № 763;shkola-763;Городская;;6;СВАО;Лосиноостровский;1;0;0;0;0;
Школа № 851;shkola-851;Городская;;6;ЮАО;Чертаново Северное;2;0;0;0;0;
Школа № 902 «Диалог»;shkola-902-dialog;Городская;;6;ЮАО;Бирюлёво Восточное;3;0;0;0;0;
Школа № 904;shkola-904;Городская;;6;ЮАО;Царицыно;2;0;0;0;0;
Школа № 953;shkola-953;Городская;;6;СВАО;Бибирево;2;0;0;0;0;
Cambridge International School (CIS);cambridge-international-school-cis;Частная;;5;САО;Левобережный;1;3;3;3;7;"Фестиваль парк-2 — 7 мин; L67 — 8 мин; Мангазея на Речном — 10 мин"
Британская международная школа (BIS);britanskaya-mezhdunarodnaya-shkola-bis;Частная;;5;Москва;—;5;1;1;2;5;"Новые Академики — 7 мин; СОУЛ (SOUL) — 19 мин"
Медико-биологическая школа «Вита»;mediko-biologicheskaya-shkola-vita;Городская;;5;;;1;0;0;0;3;
Международная школа Москвы (ISM);mezhdunarodnaya-shkola-moskvy-ism;Частная;;5;ЗАО;Крылатское;2;0;0;0;2;
Школа «Президент»;shkola-prezident;Частная;;5;МО;Одинцовский г.о.;1;0;0;1;3;Жуковка XXI — 19 мин
Школа № 1284;shkola-1284;Городская;;5;;;2;3;7;8;13;"Turgenev (Клубный дом Тургенев) — 4 мин; RED7 — 6 мин; Фантом (Phantom) — 6 мин; Veil (Роден) — 13 мин; Фон Дессин (Fon Dessin) — 14 мин; Форум (Forum) — 14 мин; Рождественка 8 — 15 мин; Демидов 26 — 17 мин"
Школа № 2115;shkola-2115;Городская;;5;ЮЗАО;Черёмушки;3;0;1;2;2;"Новые Академики — 13 мин; Наметкин Тауэр — 18 мин"
Школа № 56 имени академика В. А. Легасова;shkola-56-imeni-akademika-v-a-legasova;Городская;;5;;;2;2;4;4;8;"Vesper Kutuzovsky (ODA Gallery) — 6 мин; Бадаевский — 10 мин; У Поклонной горы — 13 мин; Д'оро Миле (D'oro Mille) — 14 мин"
Heritage School;heritage-school;Частная;;4;ВАО;Сокольники;1;2;3;3;5;"Преображенская площадь — 6 мин; ЭВОПАРК Сокольники (EVOPARK) — 8 мин; Зиккурат Преображенский — 12 мин"
Wunderpark International School;wunderpark-international-school;Частная;;4;МО;Истринский г.о.;2;0;0;0;0;
Европейская гимназия;evropeyskaya-gimnaziya;Частная;;4;ВАО;Сокольники;1;1;2;2;3;"КОД Сокольники — 9 мин; Солос (Solos) — 12 мин"
Инновационная школа «Сколка»;innovatsionnaya-shkola-skolka;Частная;;4;ЗАО;Можайский;1;0;1;1;1;Гранель Притяжение Сити — 13 мин
Ломоносовская школа-пансион № 5;lomonosovskaya-shkola-pansion-5;Частная;;4;МО;Одинцовский г.о.;1;0;1;1;2;Маслово Forest Club — 12 мин
Романовская школа;romanovskaya-shkola;Городская;;4;ЦАО;Пресненский;5;3;5;10;22;"Тишинский бульвар — 2 мин; HeadLiner — 4 мин; Republic (Репаблик) — 6 мин; Шелепиха — 10 мин; Аурус Резиденции — 14 мин; Дом Дау — 16 мин; Level Причальный — 18 мин; Большой Козихинский 22 — 19 мин; Капранова 3 — 19 мин; ОНЕ (ONE) — 19 мин"
Школа «Содружество»;shkola-sodruzhestvo;Городская;;4;ЮВАО;Лефортово;3;0;0;2;4;"СТОУН Райз (STONE Rise) — 18 мин; Символ — 18 мин"
Школа на Яузе;shkola-na-yauze;Городская;;4;ЦАО;Басманный;2;1;1;3;4;"Интеллигент — 6 мин; СТОУН Сокольники (STONE Sokolniki) — 15 мин; Артель — 18 мин"
Школа № 1056;shkola-1056;Городская;;4;СЗАО;Южное Тушино;1;0;0;1;1;Level Свободы — 17 мин
Школа № 1103 им. А.В. Соломатина;shkola-1103-im-a-v-solomatina;Городская;;4;ЮЗАО;Ясенево;5;0;0;0;0;
Школа № 113;shkola-113;Городская;;4;ЮЗАО;Коньково;2;0;0;0;0;
Школа № 1155;shkola-1155;Городская;;4;СЗАО;Строгино;1;0;0;0;1;
Школа № 1173;shkola-1173;Городская;;4;ЮАО;Чертаново Центральное;1;0;0;0;0;
Школа № 118;shkola-118;Городская;;4;ЮЗАО;Ломоносовский;4;1;1;2;3;"CULT (Клубный дом Культ) — 3 мин; Айс Тауэрс (ICE Towers) — 16 мин"
Школа № 1207;shkola-1207;Городская;;4;ЮАО;Орехово-Борисово Южное;1;0;0;0;0;
Школа № 121;shkola-121;Городская;;4;ЮЗАО;Обручевский;1;0;0;1;3;Наметкин Тауэр — 17 мин
Школа № 1212 «Щукино»;shkola-1212-schukino;Городская;;4;СЗАО;Щукино;1;0;1;1;6;Ракурс — 11 мин
Школа № 1222 им. И.Х. Баграмяна;shkola-1222-im-i-h-bagramyana;Городская;Лучшая в районе;4;ЮВАО;Нижегородский;3;0;0;0;2;
Школа № 1236 им. С.В. Милашенкова;shkola-1236-im-s-v-milashenkova;Городская;Лучшая в районе;4;СВАО;Бутырский;4;1;1;3;5;"Квартал МОНС — 9 мин; 26 Парквью — 18 мин; Руставели, 14 — 18 мин"
Школа № 1248;shkola-1248;Городская;;4;ЗАО;Фили-Давыдково;3;0;0;0;3;
Школа № 1257;shkola-1257;Городская;;4;ЮАО;Даниловский;1;1;4;5;9;"Деко Резиденс — 8 мин; Дом 7 Даниловский — 11 мин; Level Павелецкая Сити — 14 мин; Дом А — 14 мин; АУРА (Мангазея на Тульской) — 20 мин"
Школа № 1272;shkola-1272;Городская;;4;ЮАО;Даниловский;1;0;0;0;5;
Школа № 1282 «Сокольники»;shkola-1282-sokolniki;Городская;;4;ВАО;Сокольники;2;1;1;3;7;"КОД Сокольники — 5 мин; Солос (Solos) — 15 мин; СТОУН Сокольники (STONE Sokolniki) — 17 мин"
Школа № 1285;shkola-1285;Городская;;4;СЗАО;Покровское-Стрешнево;4;1;1;3;7;"Скай Гарден (Sky Garden) — 7 мин; U2 (ЮТУ) — 17 мин; Level Стрешнево — 18 мин"
Школа № 1296;shkola-1296;Городская;Лучшая в районе;4;САО;Восточное Дегунино;1;0;0;0;3;
Школа № 1302;shkola-1302;Городская;;4;СЗАО;Строгино;2;0;0;0;0;
Школа № 1352;shkola-1352;Городская;;4;ВАО;Гольяново;4;0;0;0;0;
Школа № 1360;shkola-1360;Городская;;4;ВАО;Богородское;2;1;1;1;4;Sokolinn Park — 4 мин
Школа № 1374;shkola-1374;Городская;;4;СВАО;Ярославский;1;0;0;0;0;
Школа № 1381;shkola-1381;Городская;;4;СВАО;Лосиноостровский;3;0;0;0;0;
Школа № 141 им. Рихарда Зорге;shkola-141-im-riharda-zorge;Городская;;4;САО;Хорошёвский;1;1;1;2;9;"Дом на Зорге — 7 мин; INDY Towers — 19 мин"
Школа № 1415 «Останкино»;shkola-1415-ostankino;Городская;;4;СВАО;Останкинский;1;0;0;0;1;
Школа № 15;shkola-15;Городская;;4;ЮЗАО;Черёмушки;4;0;0;1;4;Наметкин Тауэр — 16 мин
Школа № 1515;shkola-1515;Городская;;4;СЗАО;Хорошёво-Мнёвники;2;2;4;6;6;"MYPRIORITY Мнёвники — 2 мин; Wellton Spa Residence — 9 мин; Crystal Трилогия — 12 мин; Высотка на Жукова (Демьяна Бедного, 24) — 13 мин; Квартал Серебряный Бор — 18 мин; Серебряный Бор (квартал) — 18 мин"
Школа № 1522 им. В.И. Чуркина;shkola-1522-im-v-i-churkina;Городская;;4;СЗАО;Хорошёво-Мнёвники;1;0;1;4;8;"MYPRIORITY Мнёвники — 13 мин; Высотка на Жукова (Демьяна Бедного, 24) — 16 мин; Wellton Spa Residence — 17 мин; Сезар Силика — 20 мин"
Школа № 1524;shkola-1524;Городская;;4;ЮВАО;Печатники;4;1;2;2;3;"ПОРТЛЕНД (Portland) — 7 мин; УЛЬТИМА Сити (Ultima City) — 11 мин"
Школа № 1526 на Покровской;shkola-1526-na-pokrovskoy;Городская;;4;ЮАО;Чертаново Южное;1;0;0;0;0;
Школа № 1527;shkola-1527;Городская;;4;ЮАО;Нагатинский Затон;4;2;2;2;2;"WOW — 8 мин; Ривер Парк — 9 мин"
Школа № 1531 им. С.К. Годовикова;shkola-1531-im-s-k-godovikova;Городская;;4;СВАО;Останкинский;2;2;3;4;4;"Мира — 3 мин; iLove — 4 мин; Лайм — 15 мин; Дом Франка — 19 мин"
Школа № 1598;shkola-1598;Городская;;4;ВАО;Гольяново;6;0;0;0;0;
Школа № 167 им. Л.А. Говорова;shkola-167-im-l-a-govorova;Городская;;4;САО;Левобережный;1;1;1;3;4;"Фестиваль парк-2 — 6 мин; L67 — 15 мин; Мангазея на Речном — 19 мин"
Школа № 1741;shkola-1741;Городская;;4;ЗАО;Тропарёво-Никулино;1;0;0;1;2;Страна.Озерная — 16 мин
Школа № 1770;shkola-1770;Городская;;4;ЮАО;Нагатинский Затон;4;1;1;1;2;Ривер Парк — 3 мин
Школа № 1794 им. А.С. Чуфистова;shkola-1794-im-a-s-chufistova;Городская;;4;САО;Восточное Дегунино;5;0;0;1;5;Алтуфьевское 53 — 17 мин
Школа № 1795 «Лосиноостровская»;shkola-1795-losinoostrovskaya;Городская;;4;ВАО;Метрогородок;1;0;0;1;1;Лосиноостровский парк — 20 мин
Школа № 1874;shkola-1874;Городская;;4;СЗАО;Щукино;2;0;2;3;7;"Интонация — 13 мин; Ракурс — 14 мин; Живописная, 27 — 18 мин"
Школа № 1935 им. В.И. Кузнецова;shkola-1935-im-v-i-kuznetsova;Городская;;4;ЮВАО;Выхино-Жулебино;2;0;0;0;0;
Школа № 1945 «Синяя птица»;shkola-1945-sinyaya-ptitsa;Городская;;4;ЮЗАО;Северное Бутово;1;0;0;0;0;
Школа № 1985;shkola-1985;Городская;;4;СЗАО;Куркино;1;0;0;0;0;
Школа № 1987;shkola-1987;Городская;;4;ЮВАО;Марьино;2;0;0;0;0;
Школа № 1995;shkola-1995;Городская;Лучшая в районе;4;ЮЗАО;Обручевский;1;0;0;0;0;
Школа № 1998 «Лукоморье»;shkola-1998-lukomore;Городская;;4;ЮАО;Братеево;1;0;0;0;0;
Школа № 2001;shkola-2001;Городская;;4;ЮАО;Бирюлёво Западное;1;0;0;0;0;
Школа № 2103;shkola-2103;Городская;;4;ЮЗАО;Ясенево;4;0;0;0;0;
Школа № 2116 «Зябликово»;shkola-2116-zyablikovo;Городская;;4;ЮАО;Зябликово;4;0;0;0;0;
Школа № 2121 им. С.К. Куркоткина;shkola-2121-im-s-k-kurkotkina;Городская;;4;ЮВАО;Люблино;3;0;0;0;0;
Школа № 2126 «Перово»;shkola-2126-perovo;Городская;;4;ВАО;Перово;3;0;0;1;2;ЭВОПАРК Измайлово (EVOPARK) — 19 мин
Школа № 2129 им. П.И. Романова;shkola-2129-im-p-i-romanova;Городская;;4;ЮВАО;Южнопортовый;5;0;0;0;4;
Школа № 285 им. В.А. Молодцова;shkola-285-im-v-a-molodtsova;Городская;;4;СВАО;Южное Медведково;4;0;0;0;0;
Школа № 305;shkola-305;Городская;;4;СВАО;Алтуфьевский;1;0;0;1;1;Алтуфьевское 53 — 16 мин
Школа № 368 «Лосиный остров»;shkola-368-losinyy-ostrov;Городская;;4;ВАО;Гольяново;2;0;0;0;0;
Школа № 429 «Соколиная гора»;shkola-429-sokolinaya-gora;Городская;;4;ВАО;Соколиная Гора;4;1;1;1;2;УНО. Соколиная гора (UNO) — 10 мин
Школа № 460;shkola-460;Городская;;4;ЮВАО;Люблино;5;0;0;0;0;
Школа № 554;shkola-554;Городская;;4;ЮЗАО;Зюзино;2;0;0;0;2;
Школа № 629;shkola-629;Городская;;4;ЮАО;Чертаново Южное;2;0;0;0;0;
Школа № 656 им. А.С. Макаренко;shkola-656-im-a-s-makarenko;Городская;;4;САО;Бескудниковский;3;1;2;3;4;"СВЕТ — 9 мин; Дмитровское небо — 14 мин; Селигер Сити — 19 мин"
Школа № 69 им. Б.Ш. Окуджавы;shkola-69-im-b-sh-okudzhavy;Городская;;4;СЗАО;Строгино;1;0;0;0;0;
Школа № 806;shkola-806;Городская;;4;ЗАО;Кунцево;2;0;1;1;4;Индиво — 14 мин
Школа № 825 имени В. А. Караковского;shkola-825-imeni-v-a-karakovskogo;Городская;;4;;;3;0;0;0;0;
Школа № 830;shkola-830;Городская;;4;СЗАО;Покровское-Стрешнево;4;1;2;2;4;"Ситизен (CityZen) — 10 мин; U2 (ЮТУ) — 14 мин"
Школа № 843;shkola-843;Городская;;4;ЗАО;Тропарёво-Никулино;2;0;2;2;3;"Level Мичуринский — 14 мин; Страна.Озерная — 14 мин"
Школа № 883 им. М.Ф. Лукина;shkola-883-im-m-f-lukina;Городская;;4;СЗАО;Северное Тушино;2;0;0;0;0;
Школа № 937 им. А.В. Перова;shkola-937-im-a-v-perova;Городская;;4;ЮАО;Орехово-Борисово Северное;2;0;0;0;0;
Школа № 950;shkola-950;Городская;;4;СВАО;Отрадное;5;1;3;3;4;"Дом Малевич — 6 мин; Союз — 11 мин; ОМ Ботанический — 14 мин"
Школа № 967 им. В.А. Комагорова;shkola-967-im-v-a-komagorova;Городская;;4;СВАО;Северное Медведково;3;0;0;0;1;
Школа № 97;shkola-97;Городская;;4;ЗАО;Фили-Давыдково;2;0;0;2;6;"SET — 16 мин; Veer — 16 мин"
Школа-интернат № 2;shkola-internat-2;Городская;;4;САО;Аэропорт;2;1;3;3;6;"Дом на Часовой (DD:OO:MM) — 6 мин; СОУЛ (SOUL) — 14 мин; DIUS (Диус) — 15 мин"
Школа № 1270 «Вектор»;shkola-1270-vektor;Городская;;3;;;2;0;0;1;14;Костомаровский, 15 — 15 мин
Школа № 1384;shkola-1384;Городская;;3;;;3;1;1;3;7;"Мастерс (Masters) — 5 мин; INDY Towers — 16 мин; СОУЛ (SOUL) — 18 мин"
Школа № 2054;shkola-2054;Городская;;3;;;2;1;7;9;23;"Форум (Forum) — 5 мин; Кузнецкий Мост 12 — 11 мин; Камергер — 11 мин; Рождественка 8 — 11 мин; Малая Дмитровка 5/9 — 12 мин; Turgenev (Клубный дом Тургенев) — 14 мин; Фантом (Phantom) — 14 мин; Энигмия — 17 мин; Палашёвский 11 — 17 мин"
Лицей РАНХиГС;litsey-ranhigs;Городская;;1;;;2;3;4;7;25;"Annabel's (1913) — 4 мин; Хилков — 8 мин; Обыденский №1 — 10 мин; Лё Дом (Le Dome) — 10 мин; Красный Октябрь — 16 мин; Льва Толстого 14 — 18 мин; Левшинский 19 (Your MAJESTY) — 19 мин"
Международная школа завтрашнего дня;mezhdunarodnaya-shkola-zavtrashnego-dnya;Городская;;1;;;1;0;0;0;0;
Новая гуманитарная школа;novaya-gumanitarnaya-shkola;Городская;;1;;;1;0;2;3;6;"Дом на Часовой (DD:OO:MM) — 11 мин; DIUS (Диус) — 11 мин; Муза (MUSE) — 15 мин"
Первая школа;pervaya-shkola;Городская;;1;;;1;0;0;0;0;
Школа № 1095;shkola-1095;Городская;;1;;;3;0;0;0;0;
Школа № 1404 «Гамма»;shkola-1404-gamma;Городская;;1;;;2;0;0;0;2;
Школа № 1412;shkola-1412;Городская;;1;;;2;0;0;0;0;
Школа № 319;shkola-319;Городская;;1;;;4;1;1;1;1;2-й Иртышский — 9 мин
Школа № 384;shkola-384;Городская;;1;;;2;0;0;1;2;Стеллар Сити — 18 мин
Спортивный интернат «Чертаново»;sportivnyy-internat-chertanovo;Спортивная;;0;ЮАО;Чертаново Центральное;2;0;0;0;0;
ЦОиС «Москва-98»;tsois-moskva-98;Спортивная;;0;ЗАО;Проспект Вернадского;3;1;2;3;5;"Инноватор — 7 мин; Stories на Мосфильмовской — 11 мин; Событие — 17 мин"
ЦСиО «МЭШ» (Московская экспериментальная школа);tssio-mesh-moskovskaya-eksperimentalnaya-shkola;Спортивная;;0;ЮЗАО;Зюзино;1;0;0;1;1;Наметкин Тауэр — 18 мин
ЦСиО «Самбо-70»;tssio-sambo-70;Спортивная;;0;ЮЗАО;Коньково;1;0;0;0;0;
Центр образования и спорта «Локомотив»;tsentr-obrazovaniya-i-sporta-lokomotiv;Спортивная;;0;ВАО;Богородское;2;0;0;0;2;
Школа «Наследник»;shkola-naslednik;Частная;;0;Москва;—;1;0;0;0;0;
Школа № 1577;shkola-1577;Городская;;0;СВАО;Ярославский;2;0;0;0;0;
