zhk;developer;zhk_class;okrug;district;geo_precision;nearest_school;nearest_school_min;nearest_nota_school;nearest_nota_min;nota_10;nota_15;nota_20;nota_30;marked_20;marked_30;zametka_30;best_20;best_30;strong_5km_straight;note
Republic (Репаблик);FORMA;премиум;ЦАО;Пресненский;адрес;Романовская школа;6;Романовская школа;6;1;1;2;6;0;0;2;Школа № 1950 — 19 мин · на заметку · 27;Школа № 1574 — 23 мин · на заметку · 28;"Пятьдесят седьмая школа — 3,4 км · 96; Школа № 179 — 3,2 км · 95; Школа № 1535 — 4,5 км · 94";
СТОУН Райз (STONE Rise);STONE;бизнес;ЦАО;Таганский;адрес;Лицей №1303;7;Школа «Содружество»;18;0;0;2;5;0;0;1;Школа № 1468 — 18 мин · без пометки · 9;Инженерная школа № 1581 — 29 мин · на заметку · 39;"Школа № 179 — 4,6 км · 95; Школа Центра педагогического мастерства (ЦПМ) — 2,1 км · 93; Лицей НИУ ВШЭ — 2,4 км · 91";
Павелецкая от Гранель (MYPRIORITY Paveletskaya);ГК Гранель;бизнес;ЦАО;Замоскворечье;адрес;Школа № 627 им. Д.Д. Лелюшенко;7;Школа № 627 им. Д.Д. Лелюшенко;7;1;3;4;7;0;0;1;Экономический лицей РЭУ им. Г.В. Плеханова — 11 мин · на заметку · 25;Экономический лицей РЭУ им. Г.В. Плеханова — 11 мин · на заметку · 25;"Пятьдесят седьмая школа — 3,2 км · 96; Школа № 179 — 3,9 км · 95; Школа № 1535 — 4,6 км · 94";
Voxhall (Воксхолл);Группа Эталон;бизнес;ЦАО;Замоскворечье;адрес;Школа № 1553 им. В.И. Вернадского;14;Школа № 1553 им. В.И. Вернадского;14;0;1;3;6;0;0;1;Школа № 627 им. Д.Д. Лелюшенко — 15 мин · без пометки · 24;Экономический лицей РЭУ им. Г.В. Плеханова — 21 мин · на заметку · 25;"Пятьдесят седьмая школа — 3,4 км · 96; Школа № 179 — 4,0 км · 95; Школа № 1535 — 5,0 км · 94";
Интеллигент;Мосреалстрой (УЭЗ);бизнес;ЦАО;Басманный;адрес;Школа на Яузе;6;Школа на Яузе;6;1;2;2;7;0;0;2;Инженерная школа № 1581 — 12 мин · на заметку · 39;Инженерная школа № 1581 — 12 мин · на заметку · 39;"Школа Центра педагогического мастерства (ЦПМ) — 4,4 км · 93; Лицей НИУ ВШЭ — 3,9 км · 91; Школа № 2107 — 4,3 км · 44";
Шелепиха;УЭЗ;бизнес;ЦАО;Пресненский;адрес;Романовская школа;10;Романовская школа;10;0;2;2;4;0;0;2;Школа № 2048 — 12 мин · на заметку · 25;Образовательный центр «Протон» — 23 мин · на заметку · 26;"Пятьдесят седьмая школа — 4,5 км · 96; Школа № 1535 — 3,6 км · 94; Лицей Финансового университета — 5,0 км · 75";
Костомаровский, 15;Центр-Инвест;бизнес;ЦАО;Таганский;адрес;Инженерная школа № 1581;2;Инженерная школа № 1581;2;2;5;6;8;1;2;2;Школа Центра педагогического мастерства (ЦПМ) — 13 мин · отметка · 93;Школа Центра педагогического мастерства (ЦПМ) — 13 мин · отметка · 93;"Пятьдесят седьмая школа — 3,8 км · 96; Школа № 179 — 3,2 км · 95; Школа Центра педагогического мастерства (ЦПМ) — 0,7 км · 93";
Scala (Скала);STENOY;бизнес;ЦАО;Красносельский;адрес;Школа № 315;5;Школа № 315;5;1;2;3;7;0;0;1;Школа № 315 — 5 мин · без пометки · 11;Инженерная школа № 1581 — 28 мин · на заметку · 39;"Школа № 179 — 4,4 км · 95; Школа Центра педагогического мастерства (ЦПМ) — 3,2 км · 93; Лицей НИУ ВШЭ — 2,6 км · 91";
RED7;ГК Основа;премиум;ЦАО;Красносельский;адрес;Пушкинская школа № 1500;5;Пушкинская школа № 1500;5;2;3;7;9;2;2;3;Лицей НИУ ВШЭ — 15 мин · отметка · 91;Лицей НИУ ВШЭ — 15 мин · отметка · 91;"Пятьдесят седьмая школа — 3,5 км · 96; Школа № 179 — 2,2 км · 95; Школа Центра педагогического мастерства (ЦПМ) — 2,0 км · 93";
Chkalov;Ikon Development;элитный;ЦАО;Басманный;адрес;Школа «Покровский квартал»;6;Школа «Покровский квартал»;6;3;5;6;11;2;2;3;Школа Центра педагогического мастерства (ЦПМ) — 8 мин · отметка · 93;Школа Центра педагогического мастерства (ЦПМ) — 8 мин · отметка · 93;"Пятьдесят седьмая школа — 3,4 км · 96; Школа № 179 — 2,6 км · 95; Школа Центра педагогического мастерства (ЦПМ) — 0,5 км · 93";
Резиденции архитекторов;AFI Development;бизнес;ЦАО;Басманный;адрес;Школа № 354 им. Д.М. Карбышева;4;Школа № 354 им. Д.М. Карбышева;4;1;1;1;6;0;0;1;Школа № 354 им. Д.М. Карбышева — 4 мин · без пометки · 9;Инженерная школа № 1581 — 23 мин · на заметку · 39;"Школа № 179 — 4,3 км · 95; Школа Центра педагогического мастерства (ЦПМ) — 2,4 км · 93; Лицей НИУ ВШЭ — 2,0 км · 91";
HeadLiner;ГК КОРТРОС;бизнес;ЦАО;Пресненский;адрес;Романовская школа;4;Романовская школа;4;1;1;2;3;0;0;2;Школа № 2048 — 18 мин · на заметку · 25;Образовательный центр «Протон» — 27 мин · на заметку · 26;"Пятьдесят седьмая школа — 4,2 км · 96; Школа № 1535 — 3,2 км · 94; Курчатовская школа — 4,7 км · 65";
СОУЛ (SOUL);FORMA;премиум;САО;Аэропорт;адрес;Инженерно-техническая школа им. П.Р. Поповича;12;Инженерно-техническая школа им. П.Р. Поповича;12;0;2;6;14;1;3;2;Школа № 1575 — 16 мин · отметка · 47;Лицей Финансового университета — 21 мин · отметка · 75;"Лицей Финансового университета — 1,2 км · 75; Курчатовская школа — 2,6 км · 65; Школа № 1252 им. Сервантеса — 1,3 км · 53";
Амбер Сити (AMBER CITY);ГК ФСК;премиум;САО;Хорошёвский;адрес;Школа № 1288 им. Н.В. Троян;4;Школа № 1288 им. Н.В. Троян;4;1;2;2;4;0;1;0;Школа № 1288 им. Н.В. Троян — 4 мин · без пометки · 21;Школа № 1409 — 29 мин · отметка · 43;"Пятьдесят седьмая школа — 5,0 км · 96; Школа № 1535 — 4,9 км · 94; Лицей Финансового университета — 3,2 км · 75";
INDY Towers;Группа Аквилон;бизнес;САО;Хорошёвский;адрес;Школа № 1251 им. Шарля де Голля;9;Школа № 1251 им. Шарля де Голля;9;1;1;5;10;1;4;0;Курчатовская школа — 18 мин · отметка · 65;Лицей Финансового университета — 29 мин · отметка · 75;"Лицей Финансового университета — 1,6 км · 75; Курчатовская школа — 0,7 км · 65; Школа № 1252 им. Сервантеса — 1,6 км · 53";
Сезар Сити (SEZAR CITY);Sezar Group;бизнес;САО;Хорошёвский;адрес;Школа № 1288 им. Н.В. Троян;12;Школа № 1288 им. Н.В. Троян;12;0;1;2;3;0;0;0;Школа № 1288 им. Н.В. Троян — 12 мин · без пометки · 21;Школа № 1288 им. Н.В. Троян — 12 мин · без пометки · 21;"Школа № 1535 — 5,0 км · 94; Лицей Финансового университета — 3,2 км · 75; Курчатовская школа — 3,0 км · 65";
Селигер Сити;MR Group;бизнес;САО;Западное Дегунино;адрес;Лицей №1594;10;Школа № 656 им. А.С. Макаренко;19;0;0;1;5;0;0;0;Школа № 656 им. А.С. Макаренко — 19 мин · без пометки · 4;Школа № 1383 — 26 мин · лучшая в районе · 7;;
Мангазея на Речном;ГК Мангазея;бизнес;САО;Левобережный;адрес;Cambridge International School (CIS);10;Cambridge International School (CIS);10;1;1;2;4;0;0;0;Cambridge International School (CIS) — 10 мин · без пометки · 5;Школа № 158 — 25 мин · лучшая в районе · 10;Курчатовская школа — 4,8 км · 65;
Северный порт. Береговые кварталы;LEGENDA Intelligent Development;бизнес;САО;Левобережный;адрес;Школа № 158;12;Школа № 158;12;0;1;1;3;0;0;0;Школа № 158 — 12 мин · лучшая в районе · 10;Школа № 158 — 12 мин · лучшая в районе · 10;;
Инджой (INJOY);Талан;бизнес;САО;Войковский;адрес;Школа № 224;4;Школа № 224;4;2;2;2;5;0;0;0;Школа № 1250 — 10 мин · лучшая в районе · 13;Школа № 1250 — 10 мин · лучшая в районе · 13;"Лицей Финансового университета — 3,9 км · 75; Курчатовская школа — 2,8 км · 65; Школа № 1252 им. Сервантеса — 2,2 км · 53";
Level Войковская;Level Group;бизнес;САО;Войковский;адрес;Школа №90 им;7;Школа № 201;8;1;1;2;6;0;0;1;Школа № 1576 — 19 мин · на заметку · 28;Школа № 1576 — 19 мин · на заметку · 28;"Лицей Финансового университета — 2,9 км · 75; Курчатовская школа — 2,5 км · 65; Школа № 1252 им. Сервантеса — 1,6 км · 53";
Дом на Часовой (DD:OO:MM);DAR;бизнес;САО;Аэропорт;адрес;Школа-интернат № 2;6;Школа-интернат № 2;6;4;6;8;14;2;3;2;Лицей Финансового университета — 16 мин · отметка · 75;Лицей Финансового университета — 16 мин · отметка · 75;"Лицей Финансового университета — 0,9 км · 75; Курчатовская школа — 2,9 км · 65; Школа № 1252 им. Сервантеса — 1,8 км · 53";
СВЕТ;Dominanta;бизнес;САО;Западное Дегунино;адрес;Школа № 656 им. А.С. Макаренко;9;Школа № 656 им. А.С. Макаренко;9;1;1;3;6;0;0;0;Школа «Бескудниково» — 17 мин · без пометки · 6;Школа № 1383 — 21 мин · лучшая в районе · 7;;
Акценты;Plus Development;бизнес;САО;Восточное Дегунино;адрес;Школа №1678;8;Школа № 1449 им. М.В. Водопьянова;19;0;0;1;5;0;0;0;Школа № 1449 им. М.В. Водопьянова — 19 мин · лучшая в районе · 22;Школа № 1449 им. М.В. Водопьянова — 19 мин · лучшая в районе · 22;;
Дмитровское небо;Группа ЛСР;бизнес;САО;Западное Дегунино;адрес;Лицей №1594;12;Школа № 656 им. А.С. Макаренко;14;0;1;1;4;0;0;0;Школа № 656 им. А.С. Макаренко — 14 мин · без пометки · 4;Школа № 1383 — 21 мин · лучшая в районе · 7;;
Кронштадтский 9;ПИК;бизнес;САО;Головинский;адрес;Школа № 1315;10;Школа № 1315;10;0;3;3;5;0;0;0;Школа № 1583 им. К.А. Керимова — 13 мин · лучшая в районе · 10;Школа № 1250 — 26 мин · лучшая в районе · 13;"Курчатовская школа — 4,1 км · 65; Школа № 1252 им. Сервантеса — 3,7 км · 53";
Нарвин;ПИК;бизнес;САО;Головинский;адрес;Школа № 224;7;Школа № 224;7;1;3;3;5;0;0;0;Школа № 1583 им. К.А. Керимова — 12 мин · лучшая в районе · 10;Школа № 1250 — 22 мин · лучшая в районе · 13;"Курчатовская школа — 3,9 км · 65; Школа № 1252 им. Сервантеса — 3,4 км · 53; Школа № 1575 — 4,8 км · 47";
Бусиновский парк;ПИК;бизнес;САО;Западное Дегунино;адрес;Школа №683;13;Школа «Дмитровский»;22;0;0;0;3;0;0;0;;Школа «Дмитровский» — 22 мин · лучшая в районе · 13;;
DIUS (Диус);ГК Север;бизнес;САО;Аэропорт;адрес;Инженерно-техническая школа им. П.Р. Поповича;3;Инженерно-техническая школа им. П.Р. Поповича;3;1;6;8;13;2;3;1;Школа № 218 — 17 мин · отметка · 48;Лицей Финансового университета — 24 мин · отметка · 75;"Школа Центра педагогического мастерства (ЦПМ) — 5,0 км · 93; Лицей Финансового университета — 1,5 км · 75; Курчатовская школа — 3,5 км · 65";
Фестиваль парк-2;Центр-Инвест;бизнес;САО;Левобережный;адрес;Школа № 167 им. Л.А. Говорова;6;Школа № 167 им. Л.А. Говорова;6;2;3;3;9;0;0;1;Школа № 158 — 14 мин · лучшая в районе · 10;Школа № 1474 — 29 мин · на заметку · 31;;
Ленинградка 58;Группа ЛСР;бизнес;САО;Головинский;адрес;Школа № 1315;8;Школа № 1315;8;2;2;2;5;0;0;0;Школа № 1315 — 8 мин · без пометки · 7;Школа № 1250 — 23 мин · лучшая в районе · 13;"Курчатовская школа — 4,1 км · 65; Школа № 1252 им. Сервантеса — 3,7 км · 53";
Дом на Зорге;А101;бизнес;САО;Сокол;адрес;Центр образования №1865;3;Школа № 141 им. Рихарда Зорге;7;1;1;2;8;0;2;0;Школа № 1251 им. Шарля де Голля — 19 мин · без пометки · 22;Курчатовская школа — 22 мин · отметка · 65;"Лицей Финансового университета — 2,3 км · 75; Курчатовская школа — 1,3 км · 65; Школа № 1252 им. Сервантеса — 2,5 км · 53";
L67;FORMA;бизнес;САО;Левобережный;адрес;Cambridge International School (CIS);8;Cambridge International School (CIS);8;1;1;3;5;0;0;0;Школа № 158 — 17 мин · лучшая в районе · 10;Школа № 158 — 17 мин · лучшая в районе · 10;;
ВЭРИ (Very) на Ботанической;ГК Основа;бизнес;СВАО;Марфино;адрес;Школа № 296;8;Школа № 1494;14;0;1;1;2;0;0;0;Школа № 1494 — 14 мин · лучшая в районе · 6;Школа № 1494 — 14 мин · лучшая в районе · 6;"Школа № 1518 — 3,0 км · 63; Школа № 218 — 2,7 км · 48; Школа № 1575 — 4,7 км · 47";
Мираполис;ГК Основа;бизнес;СВАО;Ярославский;адрес;Школа № 1499 им. И.А. Докукина;14;Школа № 1499 им. И.А. Докукина;14;0;1;1;3;0;0;0;Школа № 1499 им. И.А. Докукина — 14 мин · лучшая в районе · 7;Школа «Свиблово» — 28 мин · лучшая в районе · 18;"Школа № 1568 им. Пабло Неруды — 3,9 км · 85; Школа № 1518 — 3,6 км · 63";
Квартал МОНС;Брусника;бизнес;СВАО;Бутырский;адрес;Школа № 252;6;Школа № 1236 им. С.В. Милашенкова;9;1;1;1;3;0;1;0;Школа № 1236 им. С.В. Милашенкова — 9 мин · лучшая в районе · 4;Школа № 218 — 26 мин · отметка · 48;"Школа Центра педагогического мастерства (ЦПМ) — 3,5 км · 93; Лицей Финансового университета — 4,6 км · 75; Школа № 1518 — 2,2 км · 63";
Полар;ПИК;бизнес;СВАО;Северное Медведково;адрес;Школа № 1506;10;Школа № 1506;10;0;1;1;4;0;0;0;Школа № 1506 — 10 мин · лучшая в районе · 20;Школа № 1506 — 10 мин · лучшая в районе · 20;Школа № 1568 им. Пабло Неруды — 2,1 км · 85;
Руставели, 14;ПИК;бизнес;СВАО;Бутырский;адрес;Школа № 252;8;Школа № 1236 им. С.В. Милашенкова;18;0;0;1;3;0;1;0;Школа № 1236 им. С.В. Милашенкова — 18 мин · лучшая в районе · 4;Школа № 218 — 26 мин · отметка · 48;"Школа Центра педагогического мастерства (ЦПМ) — 2,9 км · 93; Лицей НИУ ВШЭ — 4,9 км · 91; Лицей Финансового университета — 4,6 км · 75";
Алтуфьевское 53;ПИК;бизнес;СВАО;Алтуфьевский;адрес;Школа №970;10;Школа № 1411;14;0;2;4;10;0;0;1;Школа № 962 — 15 мин · на заметку · 29;Школа № 962 — 15 мин · на заметку · 29;Школа № 1568 им. Пабло Неруды — 3,8 км · 85;
Апсайд Тауэрс (Upside Towers);UPSIDE DEVELOPMENT;бизнес;СВАО;Бутырский;адрес;Школа № 252;11;Школа № 1236 им. С.В. Милашенкова;21;0;0;0;3;0;1;0;;Школа № 218 — 29 мин · отметка · 48;"Школа Центра педагогического мастерства (ЦПМ) — 2,7 км · 93; Лицей НИУ ВШЭ — 4,8 км · 91; Лицей Финансового университета — 4,8 км · 75";
ТАТЕ (Tate);ГК КОРТРОС;бизнес;СВАО;Марьина Роща;адрес;Школа №1956;12;Школа «Марьина Роща» им. В.Ф. Орлова;23;0;0;0;2;0;1;1;;Школа Центра педагогического мастерства (ЦПМ) — 29 мин · отметка · 93;"Школа Центра педагогического мастерства (ЦПМ) — 1,6 км · 93; Лицей НИУ ВШЭ — 3,9 км · 91; Школа № 1518 — 0,9 км · 63";
Mariinn Park;Группа Эталон;бизнес;СВАО;Марьина Роща;адрес;Школа №237;5;Школа «Марьина Роща» им. В.Ф. Орлова;13;0;1;2;4;1;3;1;Школа Центра педагогического мастерства (ЦПМ) — 20 мин · отметка · 93;Школа Центра педагогического мастерства (ЦПМ) — 20 мин · отметка · 93;"Школа № 179 — 4,4 км · 95; Школа Центра педагогического мастерства (ЦПМ) — 1,1 км · 93; Лицей НИУ ВШЭ — 3,3 км · 91";
ОМ Ботанический;ОМ Девелопмент;бизнес;СВАО;Свиблово;адрес;Школа «Свиблово»;12;Школа «Свиблово»;12;0;2;2;5;0;0;0;Школа «Свиблово» — 12 мин · лучшая в районе · 18;Школа «Свиблово» — 12 мин · лучшая в районе · 18;"Школа № 1568 им. Пабло Неруды — 2,9 км · 85; Школа № 1518 — 3,7 км · 63";
AFI Tower;AFI Development;бизнес;СВАО;Свиблово;адрес;Школа «Свиблово»;8;Школа «Свиблово»;8;1;1;1;3;0;0;0;Школа «Свиблово» — 8 мин · лучшая в районе · 18;Школа «Свиблово» — 8 мин · лучшая в районе · 18;"Школа № 1568 им. Пабло Неруды — 2,9 км · 85; Школа № 1518 — 3,8 км · 63";
Дом Малевич;Крост Недвижимость;бизнес;СВАО;Отрадное;адрес;Школа № 950;6;Школа № 950;6;1;2;3;4;0;0;1;Школа № 962 — 17 мин · на заметку · 29;Школа № 962 — 17 мин · на заметку · 29;"Школа № 1568 им. Пабло Неруды — 2,9 км · 85; Школа № 1518 — 4,7 км · 63";
MOD;MR Group;премиум;СВАО;Марьина Роща;адрес;Школа «Марьина Роща» им. В.Ф. Орлова;6;Школа «Марьина Роща» им. В.Ф. Орлова;6;1;2;3;4;2;3;1;Школа Центра педагогического мастерства (ЦПМ) — 13 мин · отметка · 93;Школа Центра педагогического мастерства (ЦПМ) — 13 мин · отметка · 93;"Школа № 179 — 4,2 км · 95; Школа Центра педагогического мастерства (ЦПМ) — 0,8 км · 93; Лицей НИУ ВШЭ — 3,0 км · 91";
iLove;ГК КОРТРОС;бизнес;СВАО;Останкинский;адрес;Школа № 1531 им. С.К. Годовикова;4;Школа № 1531 им. С.К. Годовикова;4;1;4;6;7;1;1;0;Школа № 1518 — 13 мин · отметка · 63;Школа № 1518 — 13 мин · отметка · 63;"Школа Центра педагогического мастерства (ЦПМ) — 2,3 км · 93; Лицей НИУ ВШЭ — 4,6 км · 91; Школа № 1518 — 0,7 км · 63";
Лайм;ЭЗКС;бизнес;СВАО;Алексеевский;адрес;Школа № 1539;4;Школа № 1539;4;2;3;5;7;1;1;0;Школа № 1518 — 16 мин · отметка · 63;Школа № 1518 — 16 мин · отметка · 63;"Школа Центра педагогического мастерства (ЦПМ) — 2,7 км · 93; Лицей НИУ ВШЭ — 4,8 км · 91; Школа № 1518 — 1,0 км · 63";
Октябрьская 98 (Mirror);ГК Самолёт;бизнес;СВАО;Марьина Роща;адрес;Школа №237;7;Школа «Марьина Роща» им. В.Ф. Орлова;14;0;1;2;4;1;3;1;Школа Центра педагогического мастерства (ЦПМ) — 20 мин · отметка · 93;Школа Центра педагогического мастерства (ЦПМ) — 20 мин · отметка · 93;"Школа № 179 — 4,4 км · 95; Школа Центра педагогического мастерства (ЦПМ) — 1,2 км · 93; Лицей НИУ ВШЭ — 3,3 км · 91";
ФизтехСити;ГК Основа;бизнес;СВАО;Северный;адрес;Школа № 2044 им. А.М. Серебрякова;17;Школа № 2044 им. А.М. Серебрякова;17;0;0;2;2;0;0;0;Школа № 2044 им. А.М. Серебрякова — 17 мин · лучшая в районе · 22;Школа № 2044 им. А.М. Серебрякова — 17 мин · лучшая в районе · 22;;
Касаткина, 11;FORMA;бизнес;СВАО;Алексеевский;адрес;Школа № 293 им. А.Т. Твардовского;9;Школа № 293 им. А.Т. Твардовского;9;1;1;2;3;0;0;0;Школа № 293 им. А.Т. Твардовского — 9 мин · без пометки · 10;Школа № 293 им. А.Т. Твардовского — 9 мин · без пометки · 10;"Школа Центра педагогического мастерства (ЦПМ) — 4,6 км · 93; Школа № 1518 — 2,2 км · 63; Школа № 2107 — 4,6 км · 44";
Событие;Донстрой;премиум;ЗАО;Раменки;адрес;Классический пансион МГУ;12;Классический пансион МГУ;12;0;1;2;4;1;1;0;Классический пансион МГУ — 12 мин · отметка · 62;Классический пансион МГУ — 12 мин · отметка · 62;"Лицей «Вторая школа» им. В.Ф. Овчинникова — 5,0 км · 100; СУНЦ МГУ (школа-интернат им. А.Н. Колмогорова) — 3,0 км · 80; Школа № 1514 — 3,1 км · 80";
Инноватор;Мосреалстрой;бизнес;ЗАО;Раменки;адрес;ЦОиС «Москва-98»;7;ЦОиС «Москва-98»;7;1;1;2;5;0;2;0;Школа № 1434 «Раменки» — 19 мин · без пометки · 7;Классический пансион МГУ — 22 мин · отметка · 62;"Лицей «Вторая школа» им. В.Ф. Овчинникова — 4,8 км · 100; СУНЦ МГУ (школа-интернат им. А.Н. Колмогорова) — 2,7 км · 80; Школа № 1514 — 2,7 км · 80";
Stories на Мосфильмовской;October Group;бизнес;ЗАО;Раменки;адрес;ЦОиС «Москва-98»;11;ЦОиС «Москва-98»;11;0;2;2;4;1;2;0;Классический пансион МГУ — 13 мин · отметка · 62;Классический пансион МГУ — 13 мин · отметка · 62;"СУНЦ МГУ (школа-интернат им. А.Н. Колмогорова) — 3,2 км · 80; Школа № 1514 — 3,2 км · 80; Школа № 1543 — 3,6 км · 75";
Level Мичуринский;Level Group;бизнес;ЗАО;Очаково-Матвеевское;квартал (каталог);Школа № 1329;12;Школа № 1329;12;0;3;4;6;1;1;1;Школа № 1329 — 12 мин · отметка · 53;Школа № 1329 — 12 мин · отметка · 53;"Школа № 1514 — 3,9 км · 80; СУНЦ МГУ (школа-интернат им. А.Н. Колмогорова) — 4,2 км · 80; Школа № 1543 — 2,8 км · 75";координаты дома приблизительные (квартал (каталог)) — минуты ±5
Среда на Лобачевского;Среда;бизнес;ЗАО;Очаково-Матвеевское;адрес;Классический пансион МГУ;14;Классический пансион МГУ;14;0;1;1;3;1;1;0;Классический пансион МГУ — 14 мин · отметка · 62;Классический пансион МГУ — 14 мин · отметка · 62;"СУНЦ МГУ (школа-интернат им. А.Н. Колмогорова) — 2,6 км · 80; Школа № 1514 — 4,3 км · 80; Школа № 1543 — 4,7 км · 75";
Страна.Озерная;Страна Девелопмент;бизнес;ЗАО;Очаково-Матвеевское;адрес;Школа № 2025;10;Школа № 2025;10;1;2;3;5;0;1;1;Школа № 2025 — 10 мин · без пометки · 16;Школа № 1329 — 20 мин · отметка · 53;"Школа № 1543 — 3,1 км · 75; Классический пансион МГУ — 3,0 км · 62; Ломоносовская школа — 4,7 км · 60";
Матвеевский парк;ПИК;бизнес;ЗАО;Очаково-Матвеевское;адрес;Школа № 2025;29;Школа № 2025;29;0;0;0;1;0;0;0;;Школа № 2025 — 29 мин · без пометки · 16;"СУНЦ МГУ (школа-интернат им. А.Н. Колмогорова) — 4,5 км · 80; Школа № 1543 — 4,0 км · 75; Классический пансион МГУ — 2,5 км · 62";точка дома в 220 м от ближайшей пешеходной дорожки (стройплощадка или закрытая территория) — время ориентировочное
Барклая 6;ПИК;бизнес;ЗАО;Филёвский парк;адрес;Школа «Интеграл»;7;Школа «Интеграл»;7;2;2;3;5;0;0;2;Школа № 67 — 17 мин · на заметку · 35;Школа № 67 — 17 мин · на заметку · 35;"Пятьдесят седьмая школа — 4,3 км · 96; Школа № 1535 — 3,5 км · 94; СУНЦ МГУ (школа-интернат им. А.Н. Колмогорова) — 3,5 км · 80";
Гранд Фили;Granard;бизнес;ЗАО;Филёвский парк;адрес (OSM, уточнено 21.09);Школа № 2101;6;Школа № 2101;6;1;1;1;3;0;0;0;Школа № 2101 — 6 мин · без пометки · 12;Школа № 887 — 29 мин · без пометки · 14;"СУНЦ МГУ (школа-интернат им. А.Н. Колмогорова) — 2,2 км · 80; Классический пансион МГУ — 3,0 км · 62; Ломоносовская школа — 2,8 км · 60";
Береговой 2;Главстрой;премиум;ЗАО;Филёвский парк;адрес;Академическая Гимназия;11;Образовательный центр «Протон»;16;0;0;2;3;0;0;2;Образовательный центр «Протон» — 16 мин · на заметку · 26;Образовательный центр «Протон» — 16 мин · на заметку · 26;"Школа № 1535 — 4,9 км · 94; Лицей Финансового университета — 4,8 км · 75; Курчатовская школа — 3,6 км · 65";
Famous;MR Group;премиум;ЗАО;Филёвский парк;адрес;Школа №590;12;Образовательный центр «Протон»;13;0;2;2;3;0;0;2;Образовательный центр «Протон» — 13 мин · на заметку · 26;Школа № 67 — 21 мин · на заметку · 35;"Пятьдесят седьмая школа — 4,6 км · 96; Школа № 1535 — 3,7 км · 94; СУНЦ МГУ (школа-интернат им. А.Н. Колмогорова) — 3,9 км · 80";
Кутузовский квартал;ПИК+;бизнес;ЗАО;Кунцево;адрес;Школа №888;11;Школа № 887;14;0;1;1;10;0;5;0;Школа № 887 — 14 мин · без пометки · 14;СУНЦ МГУ (школа-интернат им. А.Н. Колмогорова) — 28 мин · отметка · 80;"СУНЦ МГУ (школа-интернат им. А.Н. Колмогорова) — 1,4 км · 80; Классический пансион МГУ — 1,6 км · 62; Ломоносовская школа — 1,6 км · 60";
Индиво;Forma (ПИК);бизнес;ЗАО;Кунцево;адрес;спецшкола № 6;4;Школа № 887;9;1;2;2;5;0;1;0;Школа № 887 — 9 мин · без пометки · 14;Ломоносовская школа — 29 мин · отметка · 60;"СУНЦ МГУ (школа-интернат им. А.Н. Колмогорова) — 2,1 км · 80; Классический пансион МГУ — 1,3 км · 62; Ломоносовская школа — 1,4 км · 60";
NEXUS by Akvilon;Группа Аквилон;бизнес;ЗАО;Кунцево;адрес;Школа №659;7;Школа № 1293;11;0;4;4;6;0;0;0;Школа № 1293 — 11 мин · без пометки · 19;Школа № 1440 — 27 мин · лучшая в районе · 21;"СУНЦ МГУ (школа-интернат им. А.Н. Колмогорова) — 3,9 км · 80; Классический пансион МГУ — 3,2 км · 62; Ломоносовская школа — 2,9 км · 60";
SET;MR Group;бизнес;ЗАО;Можайский;адрес;Школа № 97;16;Школа № 97;16;0;0;3;7;2;4;0;Классический пансион МГУ — 17 мин · отметка · 62;Классический пансион МГУ — 17 мин · отметка · 62;"СУНЦ МГУ (школа-интернат им. А.Н. Колмогорова) — 1,7 км · 80; Классический пансион МГУ — 1,0 км · 62; Ломоносовская школа — 0,9 км · 60";
Veer;MR Group;бизнес;ЗАО;Можайский;адрес;Школа № 97;16;Школа № 97;16;0;0;3;7;2;4;0;Классический пансион МГУ — 17 мин · отметка · 62;Классический пансион МГУ — 17 мин · отметка · 62;"СУНЦ МГУ (школа-интернат им. А.Н. Колмогорова) — 1,7 км · 80; Классический пансион МГУ — 1,0 км · 62; Ломоносовская школа — 0,9 км · 60";
Верейская 41;ГК Самолёт;бизнес;ЗАО;Можайский;адрес;Классический пансион МГУ;12;Классический пансион МГУ;12;0;1;3;5;2;2;0;Классический пансион МГУ — 12 мин · отметка · 62;Классический пансион МГУ — 12 мин · отметка · 62;"СУНЦ МГУ (школа-интернат им. А.Н. Колмогорова) — 2,2 км · 80; Классический пансион МГУ — 0,6 км · 62; Ломоносовская школа — 1,1 км · 60";
Стеллар Сити;ГК Ташир;бизнес;ЗАО;Можайский;адрес;Кембриджская международная школа, Кампус Сколково;15;Школа № 384;18;0;0;1;1;0;0;0;Школа № 384 — 18 мин · без пометки · 1;Школа № 384 — 18 мин · без пометки · 1;"СУНЦ МГУ (школа-интернат им. А.Н. Колмогорова) — 4,9 км · 80; Классический пансион МГУ — 3,1 км · 62; Ломоносовская школа — 2,6 км · 60";
СИТИМИКС;Apsis Globe;бизнес;ЗАО;Тропарёво-Никулино;район (ориентир);Школа на проспекте Вернадского;11;Школа на проспекте Вернадского;11;0;3;4;8;1;2;2;Школа № 1543 — 12 мин · отметка · 75;Школа № 1543 — 12 мин · отметка · 75;"Школа № 1514 — 3,0 км · 80; Школа № 1543 — 0,6 км · 75; Классический пансион МГУ — 4,0 км · 62";координаты дома приблизительные (район (ориентир)) — минуты ±5
Кутузов Сити;PLATO Development;элитный;ЗАО;Можайский;адрес;Классический пансион МГУ;6;Классический пансион МГУ;6;1;1;3;4;2;2;0;Классический пансион МГУ — 6 мин · отметка · 62;Классический пансион МГУ — 6 мин · отметка · 62;"СУНЦ МГУ (школа-интернат им. А.Н. Колмогорова) — 1,9 км · 80; Классический пансион МГУ — 0,3 км · 62; Ломоносовская школа — 0,9 км · 60";
Молодогвардейская 54 (М54);Главстрой Москва;бизнес;ЗАО;Кунцево;адрес;"Центр внешкольной работы ""Синегория""";6;Школа № 1293;8;1;1;2;3;0;0;0;Школа № 1293 — 8 мин · без пометки · 19;Школа № 1293 — 8 мин · без пометки · 19;"СУНЦ МГУ (школа-интернат им. А.Н. Колмогорова) — 4,6 км · 80; Классический пансион МГУ — 3,2 км · 62; Ломоносовская школа — 2,5 км · 60";
Феномен города;BMS Development;премиум;ЗАО;Фили-Давыдково;адрес;Школа № 814;9;Школа № 814;9;1;1;1;7;0;4;0;Школа № 814 — 9 мин · без пометки · 16;СУНЦ МГУ (школа-интернат им. А.Н. Колмогорова) — 28 мин · отметка · 80;"СУНЦ МГУ (школа-интернат им. А.Н. Колмогорова) — 1,0 км · 80; Школа № 1514 — 4,5 км · 80; Лицей «Воробьёвы горы» — 4,9 км · 75";
На Кутузовском проспекте, 36;Главстрой Москва;бизнес;ЗАО;Дорогомилово;адрес;Школа № 67;2;Школа № 67;2;1;1;1;5;0;0;2;Школа № 67 — 2 мин · на заметку · 35;Школа № 67 — 2 мин · на заметку · 35;"Пятьдесят седьмая школа — 3,6 км · 96; Школа № 1535 — 2,6 км · 94; СУНЦ МГУ (школа-интернат им. А.Н. Колмогорова) — 4,5 км · 80";
У Поклонной горы;ГК Самолёт;бизнес;ЗАО;Дорогомилово;адрес;Школа №1232;7;Школа № 67;10;0;2;3;3;0;0;1;Школа № 67 — 10 мин · на заметку · 35;Школа № 67 — 10 мин · на заметку · 35;"Лицей «Вторая школа» им. В.Ф. Овчинникова — 4,8 км · 100; Пятьдесят седьмая школа — 3,0 км · 96; Школа № 1535 — 1,9 км · 94";
Поклонная 7;Спецстрой-1;премиум;ЗАО;Дорогомилово;адрес;Школа № 67;4;Школа № 67;4;1;1;1;5;0;0;2;Школа № 67 — 4 мин · на заметку · 35;Школа № 67 — 4 мин · на заметку · 35;"Лицей «Вторая школа» им. В.Ф. Овчинникова — 4,5 км · 100; Пятьдесят седьмая школа — 3,1 км · 96; Школа № 1535 — 2,2 км · 94";
Остров;Донстрой;премиум;СЗАО;Хорошёво-Мнёвники;адрес;Школа № 2030;8;Школа № 1584;34;0;0;0;0;0;0;0;;;"СУНЦ МГУ (школа-интернат им. А.Н. Колмогорова) — 3,9 км · 80; Курчатовская школа — 3,9 км · 65; Классический пансион МГУ — 4,3 км · 62";
Сидней Сити (Sydney City);ГК ФСК;премиум;СЗАО;Хорошёво-Мнёвники;адрес;Школа 1253;3;Школа № 2048;15;0;1;1;3;0;0;1;Школа № 2048 — 15 мин · на заметку · 25;Школа № 2048 — 15 мин · на заметку · 25;"Школа № 1535 — 5,0 км · 94; Лицей Финансового университета — 4,2 км · 75; Курчатовская школа — 3,1 км · 65";
Sydney Prime;ГК ФСК;премиум;СЗАО;Хорошёво-Мнёвники;адрес;Школа 1253;7;Школа № 2048;14;0;1;1;2;0;0;1;Школа № 2048 — 14 мин · на заметку · 25;Школа № 2048 — 14 мин · на заметку · 25;"Лицей Финансового университета — 4,3 км · 75; Курчатовская школа — 3,1 км · 65; Школа № 1252 им. Сервантеса — 4,5 км · 53";
MYPRIORITY Мнёвники;ГК Гранель;бизнес;СЗАО;Хорошёво-Мнёвники;квартал (каталог);Школа № 1515;2;Школа № 1515;2;1;4;6;7;1;2;1;Школа № 1517 — 17 мин · отметка · 40;Курчатовская школа — 23 мин · отметка · 65;"Лицей Финансового университета — 4,1 км · 75; Курчатовская школа — 1,3 км · 65; Школа № 1252 им. Сервантеса — 3,5 км · 53";координаты дома приблизительные (квартал (каталог)) — минуты ±5
Эмоушен;ГК Основа;бизнес;СЗАО;Хорошёво-Мнёвники;адрес;Школа 1253;13;Школа № 1560 «Лидер»;16;0;0;1;5;0;0;1;Школа № 1560 «Лидер» — 16 мин · без пометки · 19;Школа № 2048 — 22 мин · на заметку · 25;"Лицей Финансового университета — 3,8 км · 75; Курчатовская школа — 2,6 км · 65; Школа № 1252 им. Сервантеса — 4,0 км · 53";
Квартал Серебряный Бор;St Michael;бизнес;СЗАО;Хорошёво-Мнёвники;адрес;Школа № 138;7;Школа № 138;7;2;2;5;9;2;2;1;Курчатовская школа — 7 мин · отметка · 65;Курчатовская школа — 7 мин · отметка · 65;"Лицей Финансового университета — 3,7 км · 75; Курчатовская школа — 0,4 км · 65; Школа № 1252 им. Сервантеса — 2,8 км · 53";
Crystal Трилогия;Концерн КРОСТ;бизнес;СЗАО;Хорошёво-Мнёвники;адрес;Школа № 138;2;Школа № 138;2;1;3;3;8;1;2;1;Школа № 1517 — 10 мин · отметка · 40;Курчатовская школа — 21 мин · отметка · 65;"Лицей Финансового университета — 4,4 км · 75; Курчатовская школа — 1,1 км · 65; Школа № 1252 им. Сервантеса — 3,6 км · 53";
Вереск;ГК Самолёт;бизнес;СЗАО;Хорошёво-Мнёвники;адрес;Курчатовская школа;13;Курчатовская школа;13;0;1;2;6;1;1;0;Курчатовская школа — 13 мин · отметка · 65;Курчатовская школа — 13 мин · отметка · 65;"Лицей Финансового университета — 2,5 км · 75; Курчатовская школа — 0,8 км · 65; Школа № 1252 им. Сервантеса — 2,3 км · 53";
JOIS;MR Group;премиум;СЗАО;Хорошёво-Мнёвники;адрес;Школа № 1560 «Лидер»;15;Школа № 1560 «Лидер»;15;0;1;1;4;0;0;1;Школа № 1560 «Лидер» — 15 мин · без пометки · 19;Школа № 2048 — 28 мин · на заметку · 25;"Лицей Финансового университета — 3,5 км · 75; Курчатовская школа — 2,3 км · 65; Школа № 1252 им. Сервантеса — 3,7 км · 53";
Сезар Силика;Sezar Group;премиум;СЗАО;Хорошёво-Мнёвники;адрес;Школа № 1560 «Лидер»;11;Школа № 1560 «Лидер»;11;0;1;2;4;0;0;1;Школа № 1560 «Лидер» — 11 мин · без пометки · 19;Хорошевская школа (Хорошкола) — 29 мин · на заметку · 38;"Лицей Финансового университета — 3,9 км · 75; Курчатовская школа — 2,5 км · 65; Школа № 1252 им. Сервантеса — 3,9 км · 53";
Высотка на Жукова (Демьяна Бедного, 24);Концерн КРОСТ;премиум;СЗАО;Хорошёво-Мнёвники;адрес;Школа № 1560 «Лидер»;7;Школа № 1560 «Лидер»;7;1;2;4;7;0;1;1;Школа № 1560 «Лидер» — 7 мин · без пометки · 19;Курчатовская школа — 24 мин · отметка · 65;"Лицей Финансового университета — 3,3 км · 75; Курчатовская школа — 1,3 км · 65; Школа № 1252 им. Сервантеса — 3,0 км · 53";
МОМЕНТС;Forma (ПИК);бизнес;СЗАО;Покровское-Стрешнево;адрес;"Школа ""Ювенес"". Начальные классы";14;Курчатовская школа;16;0;0;2;6;2;2;1;Курчатовская школа — 16 мин · отметка · 65;Курчатовская школа — 16 мин · отметка · 65;"Лицей Финансового университета — 3,2 км · 75; Курчатовская школа — 0,9 км · 65; Школа № 1252 им. Сервантеса — 1,0 км · 53";
Ракурс;DAR (Дар Девелопмент);бизнес;СЗАО;Щукино;адрес;Центр образования №1854;9;Курчатовская школа;10;0;4;4;7;1;2;1;Курчатовская школа — 10 мин · отметка · 65;Курчатовская школа — 10 мин · отметка · 65;"Лицей Финансового университета — 3,1 км · 75; Курчатовская школа — 0,6 км · 65; Школа № 1252 им. Сервантеса — 1,7 км · 53";точка дома в 140 м от ближайшей пешеходной дорожки (стройплощадка или закрытая территория) — время ориентировочное
Интонация;ГК Мангазея;бизнес;СЗАО;Щукино;адрес;"Школа ""Ювенес"". Начальные классы";5;Курчатовская школа;8;1;2;3;7;1;2;1;Курчатовская школа — 8 мин · отметка · 65;Курчатовская школа — 8 мин · отметка · 65;"Лицей Финансового университета — 3,1 км · 75; Курчатовская школа — 0,3 км · 65; Школа № 1252 им. Сервантеса — 1,1 км · 53";
Живописная, 27;Struktura Development;бизнес;СЗАО;Щукино;адрес;Школа № 1210;8;Школа № 1210;8;1;1;3;4;1;2;0;Курчатовская школа — 20 мин · отметка · 65;Курчатовская школа — 20 мин · отметка · 65;"Лицей Финансового университета — 4,8 км · 75; Курчатовская школа — 1,2 км · 65; Школа № 1252 им. Сервантеса — 3,2 км · 53";
Строгино 360;ПИК;бизнес;СЗАО;Строгино;адрес;Школа №58;17;Школа № 1155;23;0;0;0;2;0;0;0;;Школа № 1619 им. М.И. Цветаевой — 23 мин · без пометки · 7;"Курчатовская школа — 3,6 км · 65; Школа № 1517 — 3,8 км · 40";
Сити Бэй (City Bay);MR Group;премиум;СЗАО;Покровское-Стрешнево;адрес;Курчатовская школа;3;Курчатовская школа;3;1;1;2;5;1;1;0;Курчатовская школа — 3 мин · отметка · 65;Курчатовская школа — 3 мин · отметка · 65;Курчатовская школа — 0,2 км · 65;
Ситизен (CityZen);MR Group;бизнес;СЗАО;Покровское-Стрешнево;квартал (каталог);Школа № 830;10;Школа № 830;10;1;1;1;3;0;0;0;Школа № 830 — 10 мин · без пометки · 4;Школа № 830 — 10 мин · без пометки · 4;"Лицей Финансового университета — 4,9 км · 75; Курчатовская школа — 1,8 км · 65; Школа № 1252 им. Сервантеса — 2,7 км · 53";координаты дома приблизительные (квартал (каталог)) — минуты ±5
АЛИА;Asterus;премиум;СЗАО;Покровское-Стрешнево;адрес;Школа № 727;17;Школа № 727;17;0;0;1;3;0;1;0;Школа № 727 — 17 мин · лучшая в районе · 10;Курчатовская школа — 29 мин · отметка · 65;"Курчатовская школа — 1,1 км · 65; Школа № 1517 — 4,9 км · 40";
Скай Гарден (Sky Garden);ГК ФСК;бизнес;СЗАО;Покровское-Стрешнево;адрес;Школа № 1285;7;Школа № 1285;7;1;1;2;4;0;1;0;Школа № 727 — 18 мин · лучшая в районе · 10;Курчатовская школа — 25 мин · отметка · 65;Курчатовская школа — 1,5 км · 65;
Level Стрешнево;Level Group;бизнес;СЗАО;Покровское-Стрешнево;адрес;Школа № 727;16;Школа № 727;16;0;0;3;4;1;1;0;Курчатовская школа — 18 мин · отметка · 65;Курчатовская школа — 18 мин · отметка · 65;Курчатовская школа — 0,9 км · 65;
U2 (ЮТУ);ГК ТОЧНО;бизнес;СЗАО;Южное Тушино;адрес;Школа № 1551;9;Школа № 1551;9;1;2;3;3;0;0;0;Школа № 1551 — 9 мин · без пометки · 7;Школа № 1551 — 9 мин · без пометки · 7;"Курчатовская школа — 3,6 км · 65; Школа № 1252 им. Сервантеса — 3,7 км · 53";
Level Свободы;Level Group;бизнес;СЗАО;Северное Тушино;адрес;Школа № 1551;13;Школа № 1551;13;0;1;2;3;0;0;0;Школа № 1551 — 13 мин · без пометки · 7;Школа № 2097 — 23 мин · лучшая в районе · 22;"Курчатовская школа — 3,5 км · 65; Школа № 1252 им. Сервантеса — 4,4 км · 53";
Level Причальный;Level Group;премиум;СЗАО;Хорошёво-Мнёвники;адрес;Школа № 2048;2;Школа № 2048;2;1;1;2;3;0;0;2;Школа № 2048 — 2 мин · на заметку · 25;Образовательный центр «Протон» — 22 мин · на заметку · 26;"Школа № 1535 — 4,3 км · 94; Лицей Финансового университета — 4,5 км · 75; Курчатовская школа — 3,7 км · 65";
ЗИЛАРТ;Группа ЛСР;бизнес;ЮАО;Даниловский;адрес;Школа № 463 им. Д.Н. Медведева;17;Школа № 463 им. Д.Н. Медведева;17;0;0;1;3;0;0;0;Школа № 463 им. Д.Н. Медведева — 17 мин · лучшая в районе · 6;Школа № 463 им. Д.Н. Медведева — 17 мин · лучшая в районе · 6;"Лицей «Воробьёвы горы» — 4,1 км · 75; Академическая школа № 1534 — 4,9 км · 47; Частная школа «Золотое сечение» — 4,4 км · 46";
МАРК;Группа ЛСР;бизнес;ЮАО;Даниловский;адрес;Школа № 548 «Царицыно»;11;Школа № 547;26;0;0;0;1;0;0;0;;Школа № 547 — 26 мин · без пометки · 10;"Лицей «Вторая школа» им. В.Ф. Овчинникова — 4,7 км · 100; Пятьдесят седьмая школа — 4,4 км · 96; Школа № 1535 — 4,9 км · 94";
Shagal (Шагал);Группа Эталон;бизнес;ЮАО;Даниловский;адрес;Школа № 548 «Царицыно»;12;Школа № 547;28;0;0;0;1;0;0;0;;Школа № 547 — 28 мин · без пометки · 10;"Лицей «Вторая школа» им. В.Ф. Овчинникова — 4,7 км · 100; Пятьдесят седьмая школа — 4,5 км · 96; Лицей «Воробьёвы горы» — 2,6 км · 75";
Нагатино Ай-Лэнд;Группа Эталон;бизнес;ЮАО;Даниловский;адрес;Школа № 463 им. Д.Н. Медведева;17;Школа № 463 им. Д.Н. Медведева;17;0;0;1;3;0;0;0;Школа № 463 им. Д.Н. Медведева — 17 мин · лучшая в районе · 6;Школа № 463 им. Д.Н. Медведева — 17 мин · лучшая в районе · 6;"Лицей «Воробьёвы горы» — 4,1 км · 75; Академическая школа № 1534 — 4,9 км · 47; Частная школа «Золотое сечение» — 4,4 км · 46";
А22;Консоль;бизнес;ЮАО;Даниловский;адрес;Школа № 548 «Царицыно»;14;Школа № 547;22;0;0;0;4;0;0;0;;Школа № 547 — 22 мин · без пометки · 10;"Пятьдесят седьмая школа — 4,4 км · 96; Школа № 1535 — 5,0 км · 94; Лицей «Воробьёвы горы» — 2,4 км · 75";
Level Павелецкая Сити;Level Group / MR Group;бизнес;ЮАО;Даниловский;адрес;Школа № 627 им. Д.Д. Лелюшенко;9;Школа № 627 им. Д.Д. Лелюшенко;9;1;2;4;10;0;0;1;Экономический лицей РЭУ им. Г.В. Плеханова — 17 мин · на заметку · 25;Экономический лицей РЭУ им. Г.В. Плеханова — 17 мин · на заметку · 25;"Пятьдесят седьмая школа — 3,6 км · 96; Школа № 179 — 4,7 км · 95; Школа № 1535 — 4,4 км · 94";
АУРА (Мангазея на Тульской);ООО Мангазея;премиум;ЮАО;Даниловский;адрес;Школа № 547;9;Школа № 547;9;1;2;3;6;0;0;0;Школа № 547 — 9 мин · без пометки · 10;Школа № 1553 им. В.И. Вернадского — 27 мин · лучшая в районе · 20;"Лицей «Вторая школа» им. В.Ф. Овчинникова — 3,9 км · 100; Пятьдесят седьмая школа — 3,5 км · 96; Школа № 1535 — 4,1 км · 94";
Инсайдер (Insider);РКС Девелопмент;бизнес;ЮАО;Даниловский;адрес;Школа № 548 «Царицыно»;15;Школа № 547;21;0;0;0;3;0;0;0;;Школа № 547 — 21 мин · без пометки · 10;"Лицей «Вторая школа» им. В.Ф. Овчинникова — 5,0 км · 100; Пятьдесят седьмая школа — 4,3 км · 96; Школа № 1535 — 4,9 км · 94";
ПЕЙВ (PAVE);Forma;премиум;ЮАО;Даниловский;адрес;Школа № 547;9;Школа № 547;9;1;2;2;3;0;0;0;Школа № 1553 им. В.И. Вернадского — 15 мин · лучшая в районе · 20;Школа № 627 им. Д.Д. Лелюшенко — 25 мин · без пометки · 24;"Пятьдесят седьмая школа — 4,3 км · 96; Школа Центра педагогического мастерства (ЦПМ) — 4,5 км · 93; Лицей НИУ ВШЭ — 4,4 км · 91";
THE LOT by Akvilon;Группа Аквилон;премиум;ЮАО;Даниловский;адрес;Школа № 627 им. Д.Д. Лелюшенко;5;Школа № 627 им. Д.Д. Лелюшенко;5;1;3;3;9;0;0;1;Экономический лицей РЭУ им. Г.В. Плеханова — 13 мин · на заметку · 25;Экономический лицей РЭУ им. Г.В. Плеханова — 13 мин · на заметку · 25;"Пятьдесят седьмая школа — 3,6 км · 96; Школа № 179 — 4,4 км · 95; Школа № 1535 — 4,7 км · 94";
Five Towers;СЗ 5 Донской;элитный;ЮАО;Донской;адрес;СОШ № 198;15;Школа № 630 им. Г.П. Кравченко;17;0;0;2;4;0;0;2;Школа № 625 — 19 мин · на заметку · 36;Школа № 625 — 19 мин · на заметку · 36;"Лицей «Вторая школа» им. В.Ф. Овчинникова — 2,4 км · 100; Пятьдесят седьмая школа — 2,7 км · 96; Школа № 1535 — 3,3 км · 94";
LIFE-Варшавская;ГК Пионер;бизнес;ЮАО;Москворечье-Сабурово;адрес;Школа № 1579;14;Школа № 1579;14;0;1;1;2;0;0;0;Школа № 1579 — 14 мин · без пометки · 21;Школа № 1579 — 14 мин · без пометки · 21;"Бауманская инженерная школа № 1580 — 1,8 км · 79; Предуниверситарий МИФИ — 2,0 км · 62; Академическая школа № 1534 — 4,9 км · 47";
Ривер Парк;МССЗ / AEON;бизнес;ЮАО;Нагатинский Затон;адрес;Школа № 1770;3;Школа № 1770;3;2;2;3;3;0;0;0;Школа № 463 им. Д.Н. Медведева — 17 мин · лучшая в районе · 6;Школа № 463 им. Д.Н. Медведева — 17 мин · лучшая в районе · 6;Предуниверситарий МИФИ — 3,9 км · 62;
TopHILLS;Ingrad;бизнес;ЮАО;Нагорный;адрес;Школа 541;4;Школа № 626 им. Н.И. Сац;13;0;1;3;7;0;1;1;Школа № 1450 «Олимп» — 16 мин · лучшая в районе · 10;Академическая школа № 1534 — 26 мин · отметка · 47;"Лицей «Вторая школа» им. В.Ф. Овчинникова — 3,5 км · 100; Школа № 1514 — 4,5 км · 80; Бауманская инженерная школа № 1580 — 3,9 км · 79";
Twelve (Твелв);TEKTA GROUP;бизнес;ЮАО;Нагорный;адрес;Школа № 1450 «Олимп»;7;Школа № 1450 «Олимп»;7;1;1;2;3;0;0;0;Школа № 1450 «Олимп» — 7 мин · лучшая в районе · 10;Школа № 1279 «Эврика» — 24 мин · без пометки · 16;"Лицей «Вторая школа» им. В.Ф. Овчинникова — 4,8 км · 100; Бауманская инженерная школа № 1580 — 3,4 км · 79; Предуниверситарий МИФИ — 3,9 км · 62";
Rotterdam;ГК ФСК;бизнес;ЮАО;Нагатино-Садовники;адрес;Международный инновационный образовательный центр;11;Школа № 630 им. Г.П. Кравченко;19;0;0;1;2;0;0;0;Школа № 630 им. Г.П. Кравченко — 19 мин · без пометки · 6;Школа № 507 — 23 мин · без пометки · 10;"Лицей «Вторая школа» им. В.Ф. Овчинникова — 4,5 км · 100; Лицей «Воробьёвы горы» — 3,7 км · 75; Предуниверситарий МИФИ — 4,8 км · 62";
WOW;Страна Девелопмент;бизнес;ЮАО;Даниловский;адрес;Школа № 1527;8;Школа № 1527;8;2;4;4;5;0;0;0;Школа № 1375 — 12 мин · лучшая в районе · 10;Школа № 1375 — 12 мин · лучшая в районе · 10;Предуниверситарий МИФИ — 3,1 км · 62;
Символ;Донстрой;бизнес;ЮВАО;Лефортово;адрес;Лицей №1303;7;Школа «Содружество»;18;0;0;2;5;0;0;1;Школа № 1468 — 18 мин · без пометки · 9;Инженерная школа № 1581 — 29 мин · на заметку · 39;"Школа № 179 — 4,6 км · 95; Школа Центра педагогического мастерства (ЦПМ) — 2,1 км · 93; Лицей НИУ ВШЭ — 2,4 км · 91";
баланс (balance);Главстрой;бизнес;ЮВАО;Рязанский;адрес;Школа № 777 им. Е.В. Михайлова;16;Школа № 777 им. Е.В. Михайлова;16;0;0;1;3;0;1;0;Школа № 777 им. Е.В. Михайлова — 16 мин · без пометки · 15;Школа на Юго-Востоке им. В.И. Чуйкова — 23 мин · отметка · 66;Школа на Юго-Востоке им. В.И. Чуйкова — 0,8 км · 66;
ПОРТЛЕНД (Portland);Forma;премиум;ЮВАО;Печатники;адрес;Школа № 1524;7;Школа № 1524;7;1;1;1;3;0;0;0;Школа № 1524 — 7 мин · без пометки · 4;Школа № 654 им. А.Д. Фридмана — 28 мин · лучшая в районе · 16;"Школа на Юго-Востоке им. В.И. Чуйкова — 3,7 км · 66; Школа № 1547 — 4,6 км · 54";
УЛЬТИМА Сити (Ultima City);ГК КОРТРОС;бизнес;ЮВАО;Печатники;адрес;Школа № 1524;11;Школа № 1524;11;0;1;1;2;0;0;0;Школа № 1524 — 11 мин · без пометки · 4;Школа им. И.С. Полбина — 27 мин · лучшая в районе · 6;"Школа на Юго-Востоке им. В.И. Чуйкова — 3,6 км · 66; Школа № 1547 — 4,8 км · 54";
Адмирал;Галс Девелопмент;премиум;ЮВАО;Печатники;адрес;Школа № 1041;7;Школа им. И.С. Полбина;12;0;1;1;2;0;0;0;Школа им. И.С. Полбина — 12 мин · лучшая в районе · 6;Школа им. И.С. Полбина — 12 мин · лучшая в районе · 6;"Школа на Юго-Востоке им. В.И. Чуйкова — 4,0 км · 66; Предуниверситарий МИФИ — 4,5 км · 62; Школа № 1547 — 3,1 км · 54";
Графика на воде (Квартал на воде);ГК Самолёт;бизнес;ЮВАО;Печатники;адрес;Школа №493;24;Школа им. Ф.М. Достоевского;29;0;0;0;1;0;0;0;;Школа им. Ф.М. Достоевского — 29 мин · без пометки · 6;"Школа № 548 «Царицыно» — 4,8 км · 64; Предуниверситарий МИФИ — 3,0 км · 62; Школа № 1547 — 4,0 км · 54";
Дубровка от Гранель (MYPRIORITY Dubrovka);ГК Гранель;бизнес;ЮВАО;Южнопортовый;адрес;Школа им. В.В. Маяковского;8;Школа им. В.В. Маяковского;8;1;1;1;4;0;0;0;Школа им. В.В. Маяковского — 8 мин · лучшая в районе · 10;Школа им. В.В. Маяковского — 8 мин · лучшая в районе · 10;"Школа Центра педагогического мастерства (ЦПМ) — 4,1 км · 93; Лицей НИУ ВШЭ — 4,4 км · 91; Лицей «Воробьёвы горы» — 4,5 км · 75";
Нижегородская от Гранель (MYPRIORITY Нижегородская);ГК Гранель;бизнес;ЮВАО;Нижегородский;адрес;Школа-интернат №105;18;Школа № 1222 им. И.Х. Баграмяна;22;0;0;0;3;0;0;0;;Школа № 1367 — 23 мин · без пометки · 18;Школа на Юго-Востоке им. В.И. Чуйкова — 2,6 км · 66;
Аквилон BESIDE 2.0;Группа Аквилон;бизнес;ЮВАО;Нижегородский;адрес (расходится с каталогом >3 км — проверить);Школа № 1363;4;Школа № 1363;4;1;3;3;5;0;1;1;Школа № 1363 — 4 мин · на заметку · 39;Школа на Юго-Востоке им. В.И. Чуйкова — 25 мин · отметка · 66;"Школа на Юго-Востоке им. В.И. Чуйкова — 1,5 км · 66; Школа № 2036 — 4,0 км · 52";
Voice (Войс);3S Group;бизнес;ЮВАО;Текстильщики;квартал (каталог);Школа № 841;20;Школа № 1367;23;0;0;0;2;0;0;0;;Школа № 1367 — 23 мин · без пометки · 18;Школа на Юго-Востоке им. В.И. Чуйкова — 2,6 км · 66;координаты дома приблизительные (квартал (каталог)) — минуты ±5
Симоновский вал;ГК ФСК;бизнес;ЮВАО;Южнопортовый;адрес;Школа №462;7;Школа им. В.В. Маяковского;13;0;1;1;4;0;0;0;Школа им. В.В. Маяковского — 13 мин · лучшая в районе · 10;Школа им. В.В. Маяковского — 13 мин · лучшая в районе · 10;"Школа Центра педагогического мастерства (ЦПМ) — 4,1 км · 93; Лицей НИУ ВШЭ — 4,3 км · 91; Лицей «Воробьёвы горы» — 3,9 км · 75";
Метрополия;MR Group;бизнес;ЮВАО;Южнопортовый;адрес;Интернат №4;20;Школа им. В.В. Маяковского;26;0;0;0;1;0;0;0;;Школа им. В.В. Маяковского — 26 мин · лучшая в районе · 10;"Школа Центра педагогического мастерства (ЦПМ) — 4,4 км · 93; Лицей НИУ ВШЭ — 5,0 км · 91; Школа на Юго-Востоке им. В.И. Чуйкова — 4,6 км · 66";
Champine;Touch Development;бизнес;ЮВАО;Южнопортовый;адрес;Интернат №4;4;Школа им. В.В. Маяковского;14;0;1;1;3;0;0;0;Школа им. В.В. Маяковского — 14 мин · лучшая в районе · 10;Школа им. В.В. Маяковского — 14 мин · лучшая в районе · 10;"Школа Центра педагогического мастерства (ЦПМ) — 3,5 км · 93; Лицей НИУ ВШЭ — 3,9 км · 91; Лицей «Воробьёвы горы» — 4,7 км · 75";
СТОУН Грэйн (STONE Grain);Stone;бизнес;ЮЗАО;Обручевский;адрес;Школа №1100;7;Школа № 1514;13;0;1;1;5;1;1;0;Школа № 1514 — 13 мин · отметка · 80;Школа № 1514 — 13 мин · отметка · 80;"Лицей «Вторая школа» им. В.Ф. Овчинникова — 4,4 км · 100; Школа № 1514 — 0,7 км · 80; СУНЦ МГУ (школа-интернат им. А.Н. Колмогорова) — 3,8 км · 80";
ТАТУМ (Обручева 27);Forma;бизнес;ЮЗАО;Обручевский;адрес;Школа №1100;18;Школа № 170 им. А.П. Чехова;23;0;0;0;6;0;1;0;;Школа № 1514 — 23 мин · отметка · 80;"Лицей «Вторая школа» им. В.Ф. Овчинникова — 4,7 км · 100; Школа № 1514 — 1,0 км · 80; СУНЦ МГУ (школа-интернат им. А.Н. Колмогорова) — 4,2 км · 80";
Обручева 30;Группа ЛСР;бизнес;ЮЗАО;Коньково;адрес;Школа №115;12;Школа № 170 им. А.П. Чехова;16;0;0;2;4;1;2;0;Школа № 1514 — 18 мин · отметка · 80;Школа № 1514 — 18 мин · отметка · 80;"Лицей «Вторая школа» им. В.Ф. Овчинникова — 5,0 км · 100; Школа № 1514 — 0,8 км · 80; СУНЦ МГУ (школа-интернат им. А.Н. Колмогорова) — 4,3 км · 80";
Наметкин Тауэр;ГК Основа;бизнес;ЮЗАО;Черёмушки;адрес;Школа № 1948 «Лингвист-М»;8;Школа № 1948 «Лингвист-М»;8;1;1;6;11;0;1;1;Школа «НИКА» — 16 мин · на заметку · 37;Школа № 1514 — 28 мин · отметка · 80;"Лицей «Вторая школа» им. В.Ф. Овчинникова — 4,0 км · 100; Школа № 1514 — 1,8 км · 80; СУНЦ МГУ (школа-интернат им. А.Н. Колмогорова) — 4,0 км · 80";
Новые Академики;Главстрой Москва;элитный;ЮЗАО;Котловка;адрес;Школа № 1280;4;Британская международная школа (BIS);7;1;4;4;12;1;2;1;Академическая школа № 1534 — 14 мин · отметка · 47;Школа № 1533 «ЛИТ» — 21 мин · отметка · 48;"Лицей «Вторая школа» им. В.Ф. Овчинникова — 3,1 км · 100; Школа № 1514 — 3,5 км · 80; СУНЦ МГУ (школа-интернат им. А.Н. Колмогорова) — 4,2 км · 80";
Level Академическая;Level Group;премиум;ЮЗАО;Академический;адрес (OSM, уточнено 21.09);Академическая школа № 1534;5;Академическая школа № 1534;5;3;3;5;8;2;4;1;Школа № 1533 «ЛИТ» — 16 мин · отметка · 48;Лицей «Вторая школа» им. В.Ф. Овчинникова — 24 мин · отметка · 100;"Лицей «Вторая школа» им. В.Ф. Овчинникова — 1,5 км · 100; Пятьдесят седьмая школа — 3,7 км · 96; Школа № 1535 — 4,3 км · 94";
СТОУН Сокольники (STONE Sokolniki);Stone;бизнес;ВАО;Сокольники;адрес;Инженерная школа № 1581;11;Инженерная школа № 1581;11;0;2;4;5;0;0;1;Инженерная школа № 1581 — 11 мин · на заметку · 39;Инженерная школа № 1581 — 11 мин · на заметку · 39;"Школа Центра педагогического мастерства (ЦПМ) — 4,3 км · 93; Лицей НИУ ВШЭ — 3,8 км · 91; Школа № 1518 — 4,5 км · 63";
Солос (Solos);Dar Development;бизнес;ВАО;Сокольники;адрес;Европейская гимназия;12;Европейская гимназия;12;0;1;2;6;0;1;0;Европейская гимназия — 12 мин · без пометки · 4;Школа № 2107 — 30 мин · отметка · 44;"Школа № 179 — 4,5 км · 95; Школа Центра педагогического мастерства (ЦПМ) — 2,2 км · 93; Лицей НИУ ВШЭ — 3,4 км · 91";
КОД Сокольники;СЗ Сокольники (Новая эра);бизнес;ВАО;Сокольники;адрес;Школа № 1282 «Сокольники»;5;Школа № 1282 «Сокольники»;5;2;4;4;5;0;0;0;Школа № 315 — 13 мин · без пометки · 11;Школа № 315 — 13 мин · без пометки · 11;"Школа № 179 — 4,7 км · 95; Школа Центра педагогического мастерства (ЦПМ) — 3,1 км · 93; Лицей НИУ ВШЭ — 3,1 км · 91";
ЭВОПАРК Сокольники (EVOPARK);ГК Основа;бизнес;ВАО;Преображенское;адрес;"Школа №1502 ""Энергия""";5;Heritage School;8;1;1;3;8;0;0;0;Школа № 1080 — 19 мин · без пометки · 12;Школа № 1505 «Преображенская» — 28 мин · лучшая в районе · 18;"Школа № 1518 — 4,3 км · 63; Школа № 2107 — 4,7 км · 44";
Преображенская площадь;Regions Development;элитный;ВАО;Преображенское;адрес;Heritage School;6;Heritage School;6;1;2;4;5;0;0;0;Школа № 1505 «Преображенская» — 17 мин · лучшая в районе · 18;Школа № 1505 «Преображенская» — 17 мин · лучшая в районе · 18;Школа № 1518 — 5,0 км · 63;
Зиккурат Преображенский;Ziggurat Development;бизнес;ВАО;Преображенское;адрес;"Школа №1502 ""Энергия""";9;Школа № 1505 «Преображенская»;11;0;3;4;6;0;0;1;Школа № 1505 «Преображенская» — 11 мин · лучшая в районе · 18;Школа № 1362 — 28 мин · на заметку · 26;Школа № 444 — 4,7 км · 77;
Sokolinn Park;Группа Эталон;бизнес;ВАО;Богородское;адрес;Школа № 1360;4;Школа № 1360;4;1;2;3;5;0;0;0;Школа № 1080 — 19 мин · без пометки · 12;Школа № 1080 — 19 мин · без пометки · 12;Школа № 1518 — 4,5 км · 63;
Назаре;ООО Мангазея;бизнес;ВАО;Богородское;адрес;Школа №365;9;Школа № 1080;19;0;0;1;4;0;0;0;Школа № 1080 — 19 мин · без пометки · 12;Школа № 1505 «Преображенская» — 23 мин · лучшая в районе · 18;Школа № 444 — 4,6 км · 77;
Лосиноостровский парк;ПИК;бизнес;ВАО;Метрогородок;адрес;Школа №1035;14;Школа № 1795 «Лосиноостровская»;20;0;0;1;4;0;0;0;Школа № 1795 «Лосиноостровская» — 20 мин · без пометки · 4;Школа № 1505 «Преображенская» — 28 мин · лучшая в районе · 18;Школа № 444 — 4,3 км · 77;
УНО. Соколиная гора (UNO);ГК Основа;бизнес;ВАО;Соколиная Гора;адрес;Школа № 429 «Соколиная гора»;10;Школа № 429 «Соколиная гора»;10;1;1;1;2;0;0;1;Школа № 429 «Соколиная гора» — 10 мин · без пометки · 4;Школа № 1362 — 29 мин · на заметку · 26;Школа № 444 — 3,9 км · 77;
ЭВОПАРК Измайлово (EVOPARK);ГК Основа;бизнес;ВАО;Перово;адрес;Школа № 2126 «Перово»;19;Школа № 2126 «Перово»;19;0;0;1;1;0;0;0;Школа № 2126 «Перово» — 19 мин · без пометки · 4;Школа № 2126 «Перово» — 19 мин · без пометки · 4;"Школа № 1502 «Энергия» — 4,9 км · 83; Школа № 444 — 4,9 км · 77; Школа на Юго-Востоке им. В.И. Чуйкова — 4,5 км · 66";
Плеханова, 11;ПИК;бизнес;ВАО;Перово;адрес;Школа №788;12;Школа № 1852;19;0;0;1;3;0;0;0;Школа № 1852 — 19 мин · лучшая в районе · 11;Школа № 2072 — 28 мин · без пометки · 17;"Школа № 1502 «Энергия» — 4,0 км · 83; Школа № 444 — 4,5 км · 77; Школа на Юго-Востоке им. В.И. Чуйкова — 4,2 км · 66";
2-й Иртышский;ПИК;бизнес;ВАО;Гольяново;адрес;Школа № 319;9;Школа № 319;9;1;1;1;3;0;0;0;Школа № 319 — 9 мин · без пометки · 1;Школа № 2033 — 25 мин · без пометки · 15;Школа № 444 — 3,2 км · 77;точка дома в 140 м от ближайшей пешеходной дорожки (стройплощадка или закрытая территория) — время ориентировочное
Примавера (Primavera);СЗ Стадион Спартак;премиум;СЗАО;Покровское-Стрешнево;адрес;Школа № 727;14;Школа № 727;14;0;1;1;3;0;1;0;Школа № 727 — 14 мин · лучшая в районе · 10;Курчатовская школа — 29 мин · отметка · 65;"Курчатовская школа — 1,4 км · 65; Школа № 1252 им. Сервантеса — 4,9 км · 53; Школа № 1517 — 4,8 км · 40";
Дрим Рива (Dream Riva);Regions Development;элитный;ЮАО;Нагатинский Затон;адрес (расходится с каталогом >3 км — проверить);Школа №696;19;Хорошевская школа (Хорошкола);23;0;0;0;2;0;0;1;;Хорошевская школа (Хорошкола) — 23 мин · на заметку · 38;"СУНЦ МГУ (школа-интернат им. А.Н. Колмогорова) — 4,6 км · 80; Курчатовская школа — 3,3 км · 65; Школа «Интеллектуал» — 4,7 км · 55";
Союз;Группа Родина;премиум;СВАО;Ростокино;адрес;Центр образования № 264;9;Школа № 950;11;0;1;2;3;0;0;0;Школа «Свиблово» — 16 мин · лучшая в районе · 18;Школа «Свиблово» — 16 мин · лучшая в районе · 18;"Школа № 1568 им. Пабло Неруды — 2,8 км · 85; Школа № 1518 — 3,9 км · 63";
Начало;Донстрой;премиум;ЦАО;Пресненский;адрес;Школа № 2030;7;Школа № 2030;7;1;1;2;3;0;0;0;Школа № 2030 — 7 мин · без пометки · 10;Школа № 2030 — 7 мин · без пометки · 10;"Пятьдесят седьмая школа — 3,7 км · 96; Школа № 179 — 4,1 км · 95; Школа № 1535 — 3,2 км · 94";
Тейт (Tate);ГК КОРТРОС;премиум;СВАО;Марьина Роща;адрес;Школа №1956;12;Школа «Марьина Роща» им. В.Ф. Орлова;23;0;0;0;2;0;1;1;;Школа Центра педагогического мастерства (ЦПМ) — 29 мин · отметка · 93;"Школа Центра педагогического мастерства (ЦПМ) — 1,6 км · 93; Лицей НИУ ВШЭ — 3,9 км · 91; Школа № 1518 — 0,9 км · 63";
Хай Лайф (High Life);ГК Пионер;премиум;ЮАО;Даниловский;адрес;Школа № 1553 им. В.И. Вернадского;12;Школа № 1553 им. В.И. Вернадского;12;0;2;2;6;0;0;1;Школа № 627 им. Д.Д. Лелюшенко — 14 мин · без пометки · 24;Экономический лицей РЭУ им. Г.В. Плеханова — 23 мин · на заметку · 25;"Пятьдесят седьмая школа — 3,5 км · 96; Школа № 179 — 4,2 км · 95; Школа Центра педагогического мастерства (ЦПМ) — 3,1 км · 93";
Крылатская 33;СЗ Сияние;премиум;ЗАО;Крылатское;адрес;Школа № 1593;6;Школа № 1593;6;1;1;2;4;0;0;0;Школа № 1371 «Крылатское» — 15 мин · без пометки · 15;Школа № 1440 — 22 мин · лучшая в районе · 21;"Курчатовская школа — 3,4 км · 65; Школа № 1517 — 3,3 км · 40";
Коллекция Лужники (Luzhniki Collection);Абсолют Премиум;элитный;ЦАО;Хамовники;квартал (каталог);Пятьдесят седьмая школа;12;Пятьдесят седьмая школа;12;0;1;3;4;3;4;0;Пятьдесят седьмая школа — 12 мин · отметка · 96;Пятьдесят седьмая школа — 12 мин · отметка · 96;"Лицей «Вторая школа» им. В.Ф. Овчинникова — 2,3 км · 100; Пятьдесят седьмая школа — 0,7 км · 96; Школа № 1535 — 1,0 км · 94";координаты дома приблизительные (квартал (каталог)) — минуты ±5
Родина Парк;Группа Родина;премиум;ЗАО;Можайский;адрес;Школа №800;7;Школа № 1400;17;0;0;1;4;0;1;0;Школа № 1400 — 17 мин · лучшая в районе · 20;Ломоносовская школа — 28 мин · отметка · 60;"СУНЦ МГУ (школа-интернат им. А.Н. Колмогорова) — 4,3 км · 80; Классический пансион МГУ — 2,5 км · 62; Ломоносовская школа — 1,6 км · 60";
Дом 56;Галс-Девелопмент;премиум;ЦАО;Басманный;адрес;Школа № 1247;6;Школа № 354 им. Д.М. Карбышева;7;1;1;2;7;0;0;1;Инженерная школа № 1581 — 15 мин · на заметку · 39;Инженерная школа № 1581 — 15 мин · на заметку · 39;"Школа № 179 — 4,5 км · 95; Школа Центра педагогического мастерства (ЦПМ) — 2,7 км · 93; Лицей НИУ ВШЭ — 2,3 км · 91";
Мира;MR Group;премиум;СВАО;Алексеевский;адрес;Школа № 1531 им. С.К. Годовикова;3;Школа № 1531 им. С.К. Годовикова;3;2;5;6;6;1;1;0;Школа № 1518 — 8 мин · отметка · 63;Школа № 1518 — 8 мин · отметка · 63;"Школа Центра педагогического мастерства (ЦПМ) — 2,2 км · 93; Лицей НИУ ВШЭ — 4,4 км · 91; Школа № 1518 — 0,5 км · 63";
Дом 7 Даниловский;COLDY;премиум;ЮАО;Даниловский;адрес;Школа № 547;8;Школа № 547;8;1;3;4;8;0;1;0;Школа «Столица-КИТ» — 18 мин · без пометки · 13;Лицей «Воробьёвы горы» — 30 мин · отметка · 75;"Лицей «Вторая школа» им. В.Ф. Овчинникова — 4,3 км · 100; Пятьдесят седьмая школа — 3,5 км · 96; Школа № 1535 — 4,1 км · 94";
Д'оро Миле (D'oro Mille);Элита-Эко / ГК Имена;элитный;ЗАО;Дорогомилово;адрес;Школа № 1465 имени адмирала Н;3;Школа «Технологии обучения»;10;0;3;3;6;0;1;1;Школа № 67 — 10 мин · на заметку · 35;Частная школа «Золотое сечение» — 23 мин · отметка · 46;"Пятьдесят седьмая школа — 2,1 км · 96; Школа № 179 — 4,0 км · 95; Школа № 1535 — 1,5 км · 94";
Дом Дау;ГК Сумма элементов;премиум;ЦАО;Пресненский;адрес;Романовская школа;16;Романовская школа;16;0;0;1;3;0;0;1;Романовская школа — 16 мин · без пометки · 4;Школа № 2048 — 27 мин · на заметку · 25;"Пятьдесят седьмая школа — 3,7 км · 96; Школа № 1535 — 2,7 км · 94; Школа № 2123 им. Мигеля Эрнандеса — 3,9 км · 53";
Мастерс (Masters);Capital Group;премиум;САО;Хорошёвский;адрес;Школа № 1287;3;Школа № 1287;3;2;4;6;14;1;5;1;Лицей Финансового университета — 14 мин · отметка · 75;Лицей Финансового университета — 14 мин · отметка · 75;"Лицей Финансового университета — 0,7 км · 75; Курчатовская школа — 1,6 км · 65; Школа № 1252 им. Сервантеса — 1,4 км · 53";
Серебряный Бор (квартал);ST Michael;премиум;СЗАО;Хорошёво-Мнёвники;адрес;Школа № 138;7;Школа № 138;7;2;2;5;9;2;2;1;Курчатовская школа — 7 мин · отметка · 65;Курчатовская школа — 7 мин · отметка · 65;"Лицей Финансового университета — 3,7 км · 75; Курчатовская школа — 0,4 км · 65; Школа № 1252 им. Сервантеса — 2,8 км · 53";
Хайдаут (Hideout);Dominanta;премиум;ЗАО;Раменки;адрес;Школа № 12;4;Школа № 67;20;0;0;0;1;0;0;1;;Школа № 67 — 20 мин · на заметку · 35;"Лицей «Вторая школа» им. В.Ф. Овчинникова — 4,1 км · 100; Пятьдесят седьмая школа — 2,5 км · 96; Школа № 1535 — 1,8 км · 94";
Фантом (Phantom);Sense Development;элитный;ЦАО;Мещанский;адрес;Школа-вуз «Современное образование»;5;Школа № 1284;6;2;5;7;10;2;3;3;Лицей НИУ ВШЭ — 17 мин · отметка · 91;Лицей НИУ ВШЭ — 17 мин · отметка · 91;"Пятьдесят седьмая школа — 3,2 км · 96; Школа № 179 — 1,9 км · 95; Школа Центра педагогического мастерства (ЦПМ) — 2,2 км · 93";
Ривер Парк Кутузовский (River Park Towers);Аеон Девелопмент;премиум;ЗАО;Дорогомилово;адрес;Академическая Гимназия;1;Образовательный центр «Протон»;10;0;1;2;3;0;0;2;Образовательный центр «Протон» — 10 мин · на заметку · 26;Образовательный центр «Протон» — 10 мин · на заметку · 26;"Школа № 1535 — 4,3 км · 94; СУНЦ МГУ (школа-интернат им. А.Н. Колмогорова) — 4,9 км · 80; Курчатовская школа — 4,1 км · 65";
Лайф Тайм (Life Time);Sminex;премиум;ЦАО;Пресненский;адрес;Школа № 2055;6;Школа № 2030;8;1;1;2;3;0;0;0;Школа № 2030 — 8 мин · без пометки · 10;Школа № 2030 — 8 мин · без пометки · 10;"Пятьдесят седьмая школа — 3,8 км · 96; Школа № 179 — 4,1 км · 95; Школа № 1535 — 3,5 км · 94";
Прайм Парк (Prime Park);Optima Development;премиум;САО;Хорошёвский;адрес;Школа № 152;10;Школа № 152;10;1;2;3;11;1;3;1;Школа № 1409 — 11 мин · отметка · 43;Лицей Финансового университета — 25 мин · отметка · 75;"Школа Центра педагогического мастерства (ЦПМ) — 4,7 км · 93; Лицей Финансового университета — 1,6 км · 75; Курчатовская школа — 3,0 км · 65";
Веспер Кутузовский (Vesper Кутузовский);Vesper;премиум;ЗАО;Дорогомилово;адрес;Школа № 67;9;Школа № 67;9;1;1;1;3;0;0;1;Школа № 67 — 9 мин · на заметку · 35;Школа № 67 — 9 мин · на заметку · 35;"Пятьдесят седьмая школа — 3,4 км · 96; Школа № 1535 — 2,4 км · 94; СУНЦ МГУ (школа-интернат им. А.Н. Колмогорова) — 4,8 км · 80";
Виктори Парк Резиденсез (Victory Park Residences);ANT Development;премиум;ЗАО;Дорогомилово;адрес;Школа № 67;4;Школа № 67;4;1;1;3;4;0;0;2;Школа № 67 — 4 мин · на заметку · 35;Школа № 67 — 4 мин · на заметку · 35;"Пятьдесят седьмая школа — 3,7 км · 96; Школа № 1535 — 2,8 км · 94; СУНЦ МГУ (школа-интернат им. А.Н. Колмогорова) — 3,9 км · 80";
Wellton Spa Residence;Концерн КРОСТ;премиум;СЗАО;Хорошёво-Мнёвники;квартал (каталог);Школа № 138;7;Школа № 138;7;2;4;6;7;1;2;1;Школа № 1517 — 10 мин · отметка · 40;Курчатовская школа — 28 мин · отметка · 65;"Лицей Финансового университета — 4,6 км · 75; Курчатовская школа — 1,6 км · 65; Школа № 1252 им. Сервантеса — 4,0 км · 53";координаты дома приблизительные (квартал (каталог)) — минуты ±5
Дом Горизонтов;Touch;премиум;ЗАО;Крылатское;адрес;Школа № 1440;5;Школа № 1440;5;2;3;3;5;0;0;0;Школа № 1440 — 5 мин · лучшая в районе · 21;Школа № 1440 — 5 мин · лучшая в районе · 21;"Курчатовская школа — 4,1 км · 65; Ломоносовская школа — 4,7 км · 60; Школа № 1517 — 3,8 км · 40";
Ahead (Эхэд);Vos'hod;премиум;ЗАО;Филёвский Парк;адрес;Школа №696;5;Хорошевская школа (Хорошкола);32;0;0;0;0;0;0;0;;;"Лицей Финансового университета — 4,8 км · 75; Курчатовская школа — 3,0 км · 65; Школа № 1252 им. Сервантеса — 4,7 км · 53";
Форум (Forum);MR Group;премиум;ЦАО;Мещанский;адрес;Школа № 2054;5;Школа № 2054;5;2;5;7;11;3;4;4;Лицей НИУ ВШЭ — 13 мин · отметка · 91;Школа Центра педагогического мастерства (ЦПМ) — 30 мин · отметка · 93;"Пятьдесят седьмая школа — 3,0 км · 96; Школа № 179 — 1,7 км · 95; Школа Центра педагогического мастерства (ЦПМ) — 1,9 км · 93";
Дом Франка;Трансстройинвест;премиум;ЦАО;Мещанский;адрес;Школа № 1297;10;Школа № 2107;14;0;1;6;8;3;3;1;Школа Центра педагогического мастерства (ЦПМ) — 18 мин · отметка · 93;Школа Центра педагогического мастерства (ЦПМ) — 18 мин · отметка · 93;"Школа № 179 — 4,0 км · 95; Школа Центра педагогического мастерства (ЦПМ) — 1,0 км · 93; Лицей НИУ ВШЭ — 2,9 км · 91";
Слава (Slava);MR Group;элитный;САО;Беговой;адрес;Лицей №1550;3;Школа № 1601 им. Е.К. Лютикова;15;0;0;1;8;0;2;1;Школа № 1601 им. Е.К. Лютикова — 15 мин · лучшая в районе · 7;Школа № 1575 — 29 мин · отметка · 47;"Школа № 179 — 4,6 км · 95; Школа Центра педагогического мастерства (ЦПМ) — 3,9 км · 93; Лицей НИУ ВШЭ — 4,2 км · 91";
Бадаевский;Capital Group;элитный;ЗАО;Дорогомилово;адрес;Школа № 67;2;Школа № 67;2;2;2;3;7;0;1;1;Школа № 67 — 2 мин · на заметку · 35;Частная школа «Золотое сечение» — 30 мин · отметка · 46;"Пятьдесят седьмая школа — 2,6 км · 96; Школа № 179 — 3,8 км · 95; Школа № 1535 — 2,0 км · 94";
Эра (Era);ТЕКТА ГРУПП;элитный;ЮАО;Даниловский;адрес;Школа № 1553 им. В.И. Вернадского;4;Школа № 1553 им. В.И. Вернадского;4;1;1;2;6;0;0;1;Школа № 627 им. Д.Д. Лелюшенко — 18 мин · без пометки · 24;Экономический лицей РЭУ им. Г.В. Плеханова — 26 мин · на заметку · 25;"Пятьдесят седьмая школа — 4,1 км · 96; Школа № 179 — 4,8 км · 95; Школа Центра педагогического мастерства (ЦПМ) — 3,5 км · 93";
Шифт (SHIFT);ГК Пионер;элитный;ЮАО;Донской;адрес;Бауманская инженерная школа № 1580. Корпус 3;6;Школа № 630 им. Г.П. Кравченко;13;0;1;3;9;1;3;1;Лицей «Воробьёвы горы» — 20 мин · отметка · 75;Лицей «Воробьёвы горы» — 20 мин · отметка · 75;"Лицей «Вторая школа» им. В.Ф. Овчинникова — 2,7 км · 100; Пятьдесят седьмая школа — 1,8 км · 96; Школа № 1535 — 2,3 км · 94";
Тишинский бульвар;Sminex;элитный;ЦАО;Пресненский;адрес;Романовская школа;2;Романовская школа;2;1;2;3;5;0;0;2;Школа № 1574 — 17 мин · на заметку · 28;Школа № 1574 — 17 мин · на заметку · 28;"Пятьдесят седьмая школа — 3,2 км · 96; Школа № 179 — 2,8 км · 95; Школа № 1535 — 4,7 км · 94";
Муза (MUSE);ГК Мангазея;элитный;САО;Аэропорт;квартал (каталог);Школа № 1601 им. Е.К. Лютикова;5;Школа № 1601 им. Е.К. Лютикова;5;2;5;6;11;1;3;1;Школа № 1575 — 9 мин · отметка · 47;Школа № 218 — 22 мин · отметка · 48;"Школа Центра педагогического мастерства (ЦПМ) — 4,3 км · 93; Лицей Финансового университета — 1,8 км · 75; Курчатовская школа — 3,6 км · 65";координаты дома приблизительные (квартал (каталог)) — минуты ±5
Николь (Nicole);MR Group;делюкс;ЦАО;Тверской;адрес;Школа № 179;14;Школа № 179;14;0;1;2;12;2;4;2;Школа № 179 — 14 мин · отметка · 95;Пятьдесят седьмая школа — 27 мин · отметка · 96;"Пятьдесят седьмая школа — 1,4 км · 96; Школа № 179 — 0,7 км · 95; Школа № 1535 — 4,7 км · 94";
Космо 4/22;Галс-Девелопмент;делюкс;ЦАО;Замоскворечье;адрес;Школа № 518;4;Школа № 1259;8;1;1;2;7;1;2;1;Лицей НИУ ВШЭ — 19 мин · отметка · 91;Школа Центра педагогического мастерства (ЦПМ) — 25 мин · отметка · 93;"Пятьдесят седьмая школа — 2,2 км · 96; Школа № 179 — 2,3 км · 95; Школа Центра педагогического мастерства (ЦПМ) — 1,4 км · 93";
Артель;Stenoy;премиум;ВАО;Преображенское;адрес;Школа № 444;10;Школа на Яузе;18;0;0;1;6;0;0;1;Школа на Яузе — 18 мин · без пометки · 4;Инженерная школа № 1581 — 20 мин · на заметку · 39;"Школа Центра педагогического мастерства (ЦПМ) — 5,0 км · 93; Лицей НИУ ВШЭ — 4,5 км · 91; Школа № 1518 — 4,8 км · 63";
Река (клубный дом);Донстрой;элитный;ЗАО;Раменки;адрес;Школа № 1498 «Московская международная школа»;4;Школа № 1498 «Московская международная школа»;4;2;4;5;11;0;3;2;Шуваловская школа № 1448 — 14 мин · на заметку · 34;СУНЦ МГУ (школа-интернат им. А.Н. Колмогорова) — 24 мин · отметка · 80;"Лицей «Вторая школа» им. В.Ф. Овчинникова — 3,3 км · 100; Пятьдесят седьмая школа — 4,9 км · 96; СУНЦ МГУ (школа-интернат им. А.Н. Колмогорова) — 1,3 км · 80";
Спрингс (Springs);UNIQ Development;элитный;ЗАО;Фили-Давыдково;адрес;Навигацкая школа;4;Школа № 2101;14;0;1;1;4;0;0;0;Школа № 2101 — 14 мин · без пометки · 12;Школа № 887 — 21 мин · без пометки · 14;"СУНЦ МГУ (школа-интернат им. А.Н. Колмогорова) — 1,4 км · 80; Классический пансион МГУ — 2,2 км · 62; Ломоносовская школа — 1,8 км · 60";
Достижение;Sminex;премиум;СВАО;Марфино;адрес;Школа № 1494;3;Школа № 1494;3;1;1;2;4;0;0;1;Школа № 962 — 17 мин · на заметку · 29;Школа № 962 — 17 мин · на заметку · 29;"Школа № 1568 им. Пабло Неруды — 4,8 км · 85; Школа № 1518 — 4,3 км · 63; Школа № 218 — 3,8 км · 48";
26 Парквью;MR Group;премиум;САО;Тимирязевский;адрес;Первый Московский кадетский корпус;10;Первый Московский кадетский корпус;10;1;2;4;4;1;1;0;Школа № 218 — 19 мин · отметка · 48;Школа № 218 — 19 мин · отметка · 48;"Школа Центра педагогического мастерства (ЦПМ) — 4,9 км · 93; Лицей Финансового университета — 3,0 км · 75; Школа № 1518 — 4,2 км · 63";
Демидов 26;Оникс-Девелопмент;премиум;ЦАО;Басманный;адрес;Инженерная школа № 1581;4;Инженерная школа № 1581;4;1;2;6;9;1;2;3;Лицей НИУ ВШЭ — 19 мин · отметка · 91;Школа Центра педагогического мастерства (ЦПМ) — 28 мин · отметка · 93;"Пятьдесят седьмая школа — 4,0 км · 96; Школа № 179 — 2,9 км · 95; Школа Центра педагогического мастерства (ЦПМ) — 1,8 км · 93";
Кинг энд Санс (King & Sons);October Group;элитный;ЗАО;Раменки;адрес;Лицей № 1586;5;Шуваловская школа № 1448;17;0;0;1;4;0;0;1;Шуваловская школа № 1448 — 17 мин · на заметку · 34;Шуваловская школа № 1448 — 17 мин · на заметку · 34;"Лицей «Вторая школа» им. В.Ф. Овчинникова — 3,2 км · 100; Пятьдесят седьмая школа — 3,7 км · 96; Школа № 1535 — 3,6 км · 94";
Дом А;Брусника;премиум;ЮАО;Даниловский;адрес;Школа № 627 им. Д.Д. Лелюшенко;9;Школа № 627 им. Д.Д. Лелюшенко;9;1;2;4;10;0;0;1;Экономический лицей РЭУ им. Г.В. Плеханова — 17 мин · на заметку · 25;Экономический лицей РЭУ им. Г.В. Плеханова — 17 мин · на заметку · 25;"Пятьдесят седьмая школа — 3,6 км · 96; Школа № 179 — 4,7 км · 95; Школа № 1535 — 4,4 км · 94";
Аурус Резиденции;ГК Страна Девелопмент;премиум;ЦАО;Пресненский;адрес;Романовская школа;14;Романовская школа;14;0;1;1;3;0;0;1;Романовская школа — 14 мин · без пометки · 4;Школа № 2048 — 25 мин · на заметку · 25;"Пятьдесят седьмая школа — 3,8 км · 96; Школа № 1535 — 3,0 км · 94; Курчатовская школа — 4,9 км · 65";
ОНЕ (ONE);MR Group;премиум;ЦАО;Пресненский;адрес;Школа № 340;17;Романовская школа;19;0;0;1;2;0;0;0;Романовская школа — 19 мин · без пометки · 4;Школа № 2030 — 25 мин · без пометки · 10;"Пятьдесят седьмая школа — 3,5 км · 96; Школа № 179 — 4,8 км · 95; Школа № 1535 — 2,6 км · 94";
Айс Тауэрс (ICE Towers);Град Девелопмент;премиум;ЗАО;Проспект Вернадского;адрес;Школа № 7;6;Школа № 7;6;1;2;4;11;1;4;2;Школа № 1514 — 12 мин · отметка · 80;Школа № 1514 — 12 мин · отметка · 80;"Лицей «Вторая школа» им. В.Ф. Овчинникова — 3,1 км · 100; Школа № 1514 — 0,7 км · 80; СУНЦ МГУ (школа-интернат им. А.Н. Колмогорова) — 1,5 км · 80";
Деко Резиденс;;премиум;ЮАО;Даниловский;адрес;Школа № 1257;8;Школа № 1257;8;1;2;3;8;0;0;1;Школа № 547 — 13 мин · без пометки · 10;Экономический лицей РЭУ им. Г.В. Плеханова — 29 мин · на заметку · 25;"Лицей «Вторая школа» им. В.Ф. Овчинникова — 5,0 км · 100; Пятьдесят седьмая школа — 3,8 км · 96; Школа № 1535 — 4,5 км · 94";
Глоракс Премиум Белорусская;GloraX;премиум;САО;Беговой;адрес;Лицей №1550;2;Школа № 1288 им. Н.В. Троян;18;0;0;1;6;0;1;1;Школа № 1288 им. Н.В. Троян — 18 мин · без пометки · 21;Школа № 1409 — 29 мин · отметка · 43;"Пятьдесят седьмая школа — 4,8 км · 96; Школа № 179 — 4,3 км · 95; Школа Центра педагогического мастерства (ЦПМ) — 3,9 км · 93";
Сикрет Гарден;ГК КОРТРОС;премиум;ЮЗАО;Обручевский;адрес;Школа №115;16;Школа № 170 им. А.П. Чехова;18;0;0;1;4;0;1;0;Школа № 170 им. А.П. Чехова — 18 мин · без пометки · 6;Школа № 1514 — 28 мин · отметка · 80;"Лицей «Вторая школа» им. В.Ф. Овчинникова — 5,0 км · 100; Школа № 1514 — 1,4 км · 80; СУНЦ МГУ (школа-интернат им. А.Н. Колмогорова) — 4,6 км · 80";
Quartier d'Or (Картьер д'Ор);RARITECO;делюкс;ЦАО;Замоскворечье;адрес;Школа № 1323;10;Школа № 627 им. Д.Д. Лелюшенко;12;0;2;3;7;0;1;2;Школа № 627 им. Д.Д. Лелюшенко — 12 мин · без пометки · 24;Лицей НИУ ВШЭ — 24 мин · отметка · 91;"Пятьдесят седьмая школа — 2,0 км · 96; Школа № 179 — 2,4 км · 95; Школа № 1535 — 4,5 км · 94";
Обыденский №1;Sminex;делюкс;ЦАО;Хамовники;адрес;Школа № 1529 имени А.С. Грибоедова;2;Школа № 1529 имени А.С. Грибоедова;2;3;5;6;13;2;4;1;Пятьдесят седьмая школа — 13 мин · отметка · 96;Пятьдесят седьмая школа — 13 мин · отметка · 96;"Пятьдесят седьмая школа — 0,7 км · 96; Школа № 179 — 2,0 км · 95; Школа № 1535 — 2,9 км · 94";
Лаврушинский;Sminex;делюкс;ЦАО;Якиманка;адрес;Елизаветинская гимназия;6;Школа № 1799;8;2;2;2;7;0;1;2;Школа № 627 им. Д.Д. Лелюшенко — 9 мин · без пометки · 24;Пятьдесят седьмая школа — 27 мин · отметка · 96;"Пятьдесят седьмая школа — 1,4 км · 96; Школа № 179 — 2,3 км · 95; Школа № 1535 — 3,8 км · 94";
Палашёвский 11;Sminex;делюкс;ЦАО;Тверской;адрес;Школа № 1234;3;Школа № 1234;3;2;4;6;10;1;3;2;Школа № 2123 им. Мигеля Эрнандеса — 16 мин · отметка · 53;Школа № 179 — 21 мин · отметка · 95;"Пятьдесят седьмая школа — 1,8 км · 96; Школа № 179 — 1,1 км · 95; Школа № 1535 — 4,4 км · 94";
Ильинка 3/8;Sminex;делюкс;ЦАО;Тверской;адрес;Школа № 179;15;Школа № 179;15;0;1;3;14;2;4;2;Школа № 179 — 15 мин · отметка · 95;Пятьдесят седьмая школа — 26 мин · отметка · 96;"Пятьдесят седьмая школа — 1,4 км · 96; Школа № 179 — 0,8 км · 95; Школа № 1535 — 4,7 км · 94";
Рождественка 8;Sminex;делюкс;ЦАО;Мещанский;адрес;Лицей НИУ ВШЭ;10;Лицей НИУ ВШЭ;10;3;5;6;12;2;4;3;Школа № 179 — 19 мин · отметка · 95;Школа № 179 — 19 мин · отметка · 95;"Пятьдесят седьмая школа — 2,3 км · 96; Школа № 179 — 1,0 км · 95; Школа Центра педагогического мастерства (ЦПМ) — 2,3 км · 93";
Фон Дессин (Fon Dessin);Sminex;делюкс;ЦАО;Басманный;адрес;Школа «Покровский квартал»;8;Школа «Покровский квартал»;8;2;5;6;11;2;3;3;Школа Центра педагогического мастерства (ЦПМ) — 20 мин · отметка · 93;Школа № 179 — 28 мин · отметка · 95;"Пятьдесят седьмая школа — 2,7 км · 96; Школа № 179 — 1,6 км · 95; Школа Центра педагогического мастерства (ЦПМ) — 1,2 км · 93";
Фрунзенский;Sminex;элитный;ЦАО;Хамовники;адрес;Школа № 171;6;Школа № 171;6;1;2;3;13;3;6;1;Пятьдесят седьмая школа — 11 мин · отметка · 96;Пятьдесят седьмая школа — 11 мин · отметка · 96;"Лицей «Вторая школа» им. В.Ф. Овчинникова — 3,5 км · 100; Пятьдесят седьмая школа — 0,6 км · 96; Школа № 179 — 4,4 км · 95";
Городская усадьба в Орлово-Давыдовском;Sminex;элитный;ЦАО;Мещанский;адрес;Школа № 2107;8;Школа № 2107;8;1;1;2;7;1;3;1;Школа № 2107 — 8 мин · отметка · 44;Школа Центра педагогического мастерства (ЦПМ) — 22 мин · отметка · 93;"Пятьдесят седьмая школа — 4,4 км · 96; Школа № 179 — 3,0 км · 95; Школа Центра педагогического мастерства (ЦПМ) — 1,4 км · 93";
Vesper Погодинская;Vesper;делюкс;ЦАО;Хамовники;адрес;Школа № 1535;3;Школа № 1535;3;2;2;5;7;3;5;0;Пятьдесят седьмая школа — 20 мин · отметка · 96;Пятьдесят седьмая школа — 20 мин · отметка · 96;"Лицей «Вторая школа» им. В.Ф. Овчинникова — 3,7 км · 100; Пятьдесят седьмая школа — 1,0 км · 96; Школа № 179 — 4,5 км · 95";
Левенсон (Levenson);Vesper;делюкс;ЦАО;Пресненский;адрес;Школа № 1234;6;Школа № 1234;6;2;4;5;10;1;3;2;Школа № 2123 им. Мигеля Эрнандеса — 17 мин · отметка · 53;Школа № 179 — 25 мин · отметка · 95;"Пятьдесят седьмая школа — 1,9 км · 96; Школа № 179 — 1,3 км · 95; Школа № 1535 — 4,4 км · 94";
Vesper Kutuzovsky (ODA Gallery);Vesper;элитный;ЗАО;Дорогомилово;адрес;Школа № 67;5;Школа № 67;5;2;3;3;7;0;1;1;Школа № 67 — 5 мин · на заметку · 35;Частная школа «Золотое сечение» — 29 мин · отметка · 46;"Пятьдесят седьмая школа — 2,6 км · 96; Школа № 179 — 4,1 км · 95; Школа № 1535 — 1,9 км · 94";
Узоры;Capital Alliance (СЗ Вражский);делюкс;ЦАО;Хамовники;адрес;Частная школа «Золотое сечение»;4;Частная школа «Золотое сечение»;4;2;3;5;12;3;4;2;Пятьдесят седьмая школа — 18 мин · отметка · 96;Пятьдесят седьмая школа — 18 мин · отметка · 96;"Лицей «Вторая школа» им. В.Ф. Овчинникова — 4,7 км · 100; Пятьдесят седьмая школа — 1,1 км · 96; Школа № 179 — 3,4 км · 95";
LUCE (Люче);MR Group;делюкс;ЦАО;Арбат;адрес;Пятьдесят седьмая школа;7;Пятьдесят седьмая школа;7;1;5;8;12;3;3;1;Пятьдесят седьмая школа — 7 мин · отметка · 96;Пятьдесят седьмая школа — 7 мин · отметка · 96;"Пятьдесят седьмая школа — 0,3 км · 96; Школа № 179 — 1,1 км · 95; Школа № 1535 — 3,6 км · 94";
CLOS 17;MR Group;делюкс;ЦАО;Арбат;адрес;Школа № 1231 им. В.Д. Поленова;5;Школа № 1231 им. В.Д. Поленова;5;3;6;7;12;2;4;1;Пятьдесят седьмая школа — 15 мин · отметка · 96;Пятьдесят седьмая школа — 15 мин · отметка · 96;"Пятьдесят седьмая школа — 0,8 км · 96; Школа № 179 — 1,8 км · 95; Школа № 1535 — 2,8 км · 94";
Veil (Роден);MR Group;делюкс;ЦАО;Басманный;адрес;Школа № 1621 Древо Жизни;3;Лицей НИУ ВШЭ;5;2;4;6;11;1;3;3;Лицей НИУ ВШЭ — 5 мин · отметка · 91;Школа Центра педагогического мастерства (ЦПМ) — 21 мин · отметка · 93;"Пятьдесят седьмая школа — 3,3 км · 96; Школа № 179 — 2,1 км · 95; Школа Центра педагогического мастерства (ЦПМ) — 1,4 км · 93";
Казачий;MR Group;элитный;ЦАО;Якиманка;адрес;Школа № 627 им. Д.Д. Лелюшенко;0;Школа № 627 им. Д.Д. Лелюшенко;0;2;3;3;5;0;0;2;Школа № 627 им. Д.Д. Лелюшенко — 0 мин · без пометки · 24;Школа № 1529 имени А.С. Грибоедова — 29 мин · на заметку · 34;"Пятьдесят седьмая школа — 1,8 км · 96; Школа № 179 — 2,7 км · 95; Школа № 1535 — 3,7 км · 94";
Монблан;Галс-Девелопмент;элитный;ЦАО;Замоскворечье;адрес;Школа № 627 им. Д.Д. Лелюшенко;11;Школа № 627 им. Д.Д. Лелюшенко;11;0;2;3;8;0;0;1;Экономический лицей РЭУ им. Г.В. Плеханова — 17 мин · на заметку · 25;Экономический лицей РЭУ им. Г.В. Плеханова — 17 мин · на заметку · 25;"Пятьдесят седьмая школа — 3,1 км · 96; Школа № 179 — 3,7 км · 95; Школа № 1535 — 4,9 км · 94";
Большая Татарская 35;Донстрой;элитный;ЦАО;Замоскворечье;адрес;Школа № 627 им. Д.Д. Лелюшенко;8;Школа № 627 им. Д.Д. Лелюшенко;8;1;2;3;6;0;1;1;Школа № 627 им. Д.Д. Лелюшенко — 8 мин · без пометки · 24;Лицей НИУ ВШЭ — 29 мин · отметка · 91;"Пятьдесят седьмая школа — 2,3 км · 96; Школа № 179 — 2,8 км · 95; Школа № 1535 — 4,6 км · 94";
ДОМ XXII;Донстрой;делюкс;ЦАО;Хамовники;адрес;Школа №54;8;Пятьдесят седьмая школа;10;2;3;4;9;4;5;1;Пятьдесят седьмая школа — 10 мин · отметка · 96;Пятьдесят седьмая школа — 10 мин · отметка · 96;"Лицей «Вторая школа» им. В.Ф. Овчинникова — 3,4 км · 100; Пятьдесят седьмая школа — 0,6 км · 96; Школа № 179 — 4,5 км · 95";
Хамовники 12;COLDY;делюкс;ЦАО;Хамовники;адрес;Спецшкола №30;3;Частная школа «Золотое сечение»;7;2;3;5;11;3;4;2;Пятьдесят седьмая школа — 17 мин · отметка · 96;Пятьдесят седьмая школа — 17 мин · отметка · 96;"Лицей «Вторая школа» им. В.Ф. Овчинникова — 4,6 км · 100; Пятьдесят седьмая школа — 1,0 км · 96; Школа № 179 — 3,6 км · 95";
Большой Козихинский 22;Dominanta / COLDY;делюкс;ЦАО;Пресненский;адрес;Центр образования №1441«Бронная слобода»;5;Школа № 1234;7;1;5;7;11;1;3;2;Школа № 2123 им. Мигеля Эрнандеса — 15 мин · отметка · 53;Школа № 179 — 26 мин · отметка · 95;"Пятьдесят седьмая школа — 1,9 км · 96; Школа № 179 — 1,3 км · 95; Школа № 1535 — 4,3 км · 94";
Саввинская 27;Level Group;элитный;ЦАО;Хамовники;адрес;Медицинский Сеченовский Предуниверсарий;8;Медицинский Сеченовский Предуниверсарий;8;2;2;4;6;2;4;0;Школа № 1535 — 9 мин · отметка · 94;Пятьдесят седьмая школа — 23 мин · отметка · 96;"Лицей «Вторая школа» им. В.Ф. Овчинникова — 4,1 км · 100; Пятьдесят седьмая школа — 1,1 км · 96; Школа № 179 — 4,3 км · 95";
Левшинский 19 (Your MAJESTY);СЗ Смоленский бульвар;элитный;ЦАО;Хамовники;адрес;Школа № 1231 им. В.Д. Поленова;8;Школа № 1231 им. В.Д. Поленова;8;2;5;7;10;2;3;1;Школа № 1253 — 15 мин · отметка · 53;Пятьдесят седьмая школа — 22 мин · отметка · 96;"Пятьдесят седьмая школа — 1,3 км · 96; Школа № 179 — 2,7 км · 95; Школа № 1535 — 1,9 км · 94";
Пыжевский;TEKTA GROUP;делюкс;ЦАО;Замоскворечье;адрес;Елизаветинская гимназия;3;Школа № 627 им. Д.Д. Лелюшенко;8;2;2;3;6;0;1;2;Школа № 627 им. Д.Д. Лелюшенко — 8 мин · без пометки · 24;Пятьдесят седьмая школа — 28 мин · отметка · 96;"Пятьдесят седьмая школа — 1,6 км · 96; Школа № 179 — 2,4 км · 95; Школа № 1535 — 3,9 км · 94";
Русские Сезоны;СЗ ЭКРАН;делюкс;ЦАО;Замоскворечье;адрес;Школа № 1323;7;Школа № 1799;12;0;1;3;7;0;1;2;Школа № 627 им. Д.Д. Лелюшенко — 15 мин · без пометки · 24;Лицей НИУ ВШЭ — 24 мин · отметка · 91;"Пятьдесят седьмая школа — 1,8 км · 96; Школа № 179 — 2,3 км · 95; Школа № 1535 — 4,4 км · 94";
Садовническая 69;ГК Балчуг Девелопмент;элитный;ЦАО;Замоскворечье;адрес;Школа № 1259;7;Школа № 1259;7;1;2;2;8;0;1;1;Школа № 627 им. Д.Д. Лелюшенко — 12 мин · без пометки · 24;Лицей НИУ ВШЭ — 28 мин · отметка · 91;"Пятьдесят седьмая школа — 2,7 км · 96; Школа № 179 — 3,0 км · 95; Школа Центра педагогического мастерства (ЦПМ) — 2,0 км · 93";
Красный Октябрь;ГУТА-Девелопмент;элитный;ЦАО;Якиманка;адрес;Школа № 1529 имени А.С. Грибоедова;12;Школа № 1529 имени А.С. Грибоедова;12;0;3;6;9;1;2;1;Пятьдесят седьмая школа — 15 мин · отметка · 96;Пятьдесят седьмая школа — 15 мин · отметка · 96;"Пятьдесят седьмая школа — 0,8 км · 96; Школа № 179 — 1,9 км · 95; Школа № 1535 — 3,4 км · 94";
Малая Ордынка 14;ГУТА-Девелопмент;делюкс;ЦАО;Замоскворечье;адрес;Елизаветинская гимназия;3;Школа № 627 им. Д.Д. Лелюшенко;6;2;3;4;4;0;0;1;Экономический лицей РЭУ им. Г.В. Плеханова — 20 мин · на заметку · 25;Экономический лицей РЭУ им. Г.В. Плеханова — 20 мин · на заметку · 25;"Пятьдесят седьмая школа — 1,8 км · 96; Школа № 179 — 2,6 км · 95; Школа № 1535 — 4,0 км · 94";
DUO;Hutton Development;делюкс;ЦАО;Якиманка;адрес;Школа № 1323;8;Школа № 1799;8;1;1;1;10;0;3;2;Школа № 1799 — 8 мин · без пометки · 12;Пятьдесят седьмая школа — 23 мин · отметка · 96;"Пятьдесят седьмая школа — 1,2 км · 96; Школа № 179 — 1,5 км · 95; Школа № 1535 — 4,3 км · 94";
CULT (Клубный дом Культ);GRAVION;элитный;ЦАО;Якиманка;адрес (расходится с каталогом >3 км — проверить);Школа № 118;3;Школа № 118;3;1;6;7;12;3;6;2;Школа № 1514 — 13 мин · отметка · 80;Лицей «Вторая школа» им. В.Ф. Овчинникова — 25 мин · отметка · 100;"Лицей «Вторая школа» им. В.Ф. Овчинникова — 1,6 км · 100; Пятьдесят седьмая школа — 4,2 км · 96; Школа № 1535 — 4,7 км · 94";
Armani/Casa Moscow Residences;Vos'hod;делюкс;ЦАО;Якиманка;адрес;Школа № 1799;7;Школа № 1799;7;2;2;2;8;0;1;2;Школа № 627 им. Д.Д. Лелюшенко — 8 мин · без пометки · 24;Пятьдесят седьмая школа — 24 мин · отметка · 96;"Пятьдесят седьмая школа — 1,3 км · 96; Школа № 179 — 2,2 км · 95; Школа № 1535 — 3,7 км · 94";
LA BELLE MAISON;GBK GROUP;элитный;ЦАО;Якиманка;адрес;Школа № 1799;5;Школа № 1799;5;1;2;2;11;0;3;2;Школа № 627 им. Д.Д. Лелюшенко — 11 мин · без пометки · 24;Пятьдесят седьмая школа — 24 мин · отметка · 96;"Пятьдесят седьмая школа — 1,3 км · 96; Школа № 179 — 2,4 км · 95; Школа № 1535 — 3,4 км · 94";
Никитский 6;СЗ Третий Рим;делюкс;ЦАО;Арбат;адрес;Школа № 91;4;Школа № 91;4;3;7;7;14;2;3;3;Пятьдесят седьмая школа — 12 мин · отметка · 96;Пятьдесят седьмая школа — 12 мин · отметка · 96;"Пятьдесят седьмая школа — 0,6 км · 96; Школа № 179 — 1,1 км · 95; Школа № 1535 — 3,5 км · 94";
EDEN;Sense Development;делюкс;ЦАО;Арбат;адрес;Школа № 1520 им. Капцовых;5;Школа № 1520 им. Капцовых;5;2;6;8;12;3;3;3;Пятьдесят седьмая школа — 14 мин · отметка · 96;Пятьдесят седьмая школа — 14 мин · отметка · 96;"Пятьдесят седьмая школа — 0,6 км · 96; Школа № 179 — 1,0 км · 95; Школа № 1535 — 3,6 км · 94";
Дом спорта;Capital Group;делюкс;ЦАО;Пресненский;адрес;Школа № 340;21;Романовская школа;22;0;0;0;2;0;0;0;;Школа № 2030 — 28 мин · без пометки · 10;"Пятьдесят седьмая школа — 3,2 км · 96; Школа № 179 — 4,9 км · 95; Школа № 1535 — 2,3 км · 94";
Большая Никитская 16;R4S Group;делюкс;ЦАО;Пресненский;адрес;Школа № 1520 им. Капцовых;3;Школа № 1520 им. Капцовых;3;3;4;7;12;3;4;3;Пятьдесят седьмая школа — 19 мин · отметка · 96;Пятьдесят седьмая школа — 19 мин · отметка · 96;"Пятьдесят седьмая школа — 1,0 км · 96; Школа № 179 — 0,9 км · 95; Школа № 1535 — 3,8 км · 94";
Stella di Mosca;;делюкс;ЦАО;Пресненский;адрес;Школа № 1520 им. Капцовых;5;Школа № 1520 им. Капцовых;5;1;5;7;12;3;4;3;Пятьдесят седьмая школа — 15 мин · отметка · 96;Пятьдесят седьмая школа — 15 мин · отметка · 96;"Пятьдесят седьмая школа — 0,8 км · 96; Школа № 179 — 0,6 км · 95; Школа № 1535 — 4,0 км · 94";
Камергер;Engeo Development;элитный;ЦАО;Тверской;адрес;Школа № 1520 им. Капцовых;4;Школа № 1520 им. Капцовых;4;2;5;8;13;3;4;3;Школа № 179 — 11 мин · отметка · 95;Пятьдесят седьмая школа — 27 мин · отметка · 96;"Пятьдесят седьмая школа — 1,5 км · 96; Школа № 179 — 0,5 км · 95; Школа № 1535 — 4,5 км · 94";
Энигмия;Upside Development;элитный;ЦАО;Тверской;адрес;Школа №1113;2;Школа № 1574;3;2;3;6;11;1;4;2;Лицей НИУ ВШЭ — 18 мин · отметка · 91;Школа № 179 — 21 мин · отметка · 95;"Пятьдесят седьмая школа — 2,1 км · 96; Школа № 179 — 1,2 км · 95; Школа № 1535 — 4,7 км · 94";
Кузнецкий Мост 12;KR Properties;элитный;ЦАО;Тверской;адрес;Школа № 179;10;Школа № 179;10;0;2;6;14;2;5;3;Школа № 179 — 10 мин · отметка · 95;Пятьдесят седьмая школа — 28 мин · отметка · 96;"Пятьдесят седьмая школа — 1,7 км · 96; Школа № 179 — 0,4 км · 95; Школа Центра педагогического мастерства (ЦПМ) — 2,2 км · 93";
Малая Дмитровка 5/9;;делюкс;ЦАО;Тверской;адрес;Школа №1113;4;Школа № 1574;6;2;4;5;15;1;5;3;Лицей НИУ ВШЭ — 15 мин · отметка · 91;Школа № 179 — 20 мин · отметка · 95;"Пятьдесят седьмая школа — 2,1 км · 96; Школа № 179 — 1,1 км · 95; Школа № 1535 — 4,9 км · 94";
Тессинский V;Element Development;элитный;ЦАО;Таганский;адрес;Православная Свято-Петровская школа;1;Школа № 2104 на Таганке;9;1;5;6;8;2;2;2;Школа Центра педагогического мастерства (ЦПМ) — 10 мин · отметка · 93;Школа Центра педагогического мастерства (ЦПМ) — 10 мин · отметка · 93;"Пятьдесят седьмая школа — 2,9 км · 96; Школа № 179 — 2,5 км · 95; Школа Центра педагогического мастерства (ЦПМ) — 0,4 км · 93";
Turgenev (Клубный дом Тургенев);Неострой;элитный;ЦАО;Красносельский;адрес;Школа-вуз «Современное образование»;1;Пушкинская школа № 1500;4;3;5;7;9;2;3;3;Лицей НИУ ВШЭ — 15 мин · отметка · 91;Лицей НИУ ВШЭ — 15 мин · отметка · 91;"Пятьдесят седьмая школа — 3,0 км · 96; Школа № 179 — 1,7 км · 95; Школа Центра педагогического мастерства (ЦПМ) — 2,1 км · 93";
Усачева 22;Regions Development;делюкс;ЦАО;Хамовники;адрес;Школа № 1535;5;Школа № 1535;5;1;2;4;7;3;5;0;Пятьдесят седьмая школа — 13 мин · отметка · 96;Пятьдесят седьмая школа — 13 мин · отметка · 96;"Лицей «Вторая школа» им. В.Ф. Овчинникова — 3,4 км · 100; Пятьдесят седьмая школа — 0,7 км · 96; Школа № 179 — 4,5 км · 95";
Annabel's (1913);PALLADIO Group;элитный;ЦАО;Хамовники;адрес;Лицей РАНХиГС;4;Лицей РАНХиГС;4;2;4;6;10;2;3;1;Пятьдесят седьмая школа — 17 мин · отметка · 96;Пятьдесят седьмая школа — 17 мин · отметка · 96;"Пятьдесят седьмая школа — 1,0 км · 96; Школа № 179 — 2,3 км · 95; Школа № 1535 — 2,9 км · 94";
Хилков;ROSE GROUP;делюкс;ЦАО;Хамовники;адрес (OSM, уточнено 21.09);Предуниверситарий МГЛУ;2;Предуниверситарий МГЛУ;2;5;5;6;10;2;3;1;Школа № 1253 — 9 мин · отметка · 53;Пятьдесят седьмая школа — 20 мин · отметка · 96;"Пятьдесят седьмая школа — 1,3 км · 96; Школа № 179 — 2,6 км · 95; Школа № 1535 — 2,3 км · 94";
Олсуфьевский 10;;делюкс;ЦАО;Хамовники;адрес (OSM, уточнено 21.09);Пятьдесят седьмая школа;7;Пятьдесят седьмая школа;7;1;5;6;10;4;5;1;Пятьдесят седьмая школа — 7 мин · отметка · 96;Пятьдесят седьмая школа — 7 мин · отметка · 96;"Лицей «Вторая школа» им. В.Ф. Овчинникова — 4,3 км · 100; Пятьдесят седьмая школа — 0,4 км · 96; Школа № 179 — 3,6 км · 95";
Лё Дом (Le Dome);Группа ЛСР;делюкс;ЦАО;Хамовники;адрес (OSM, уточнено 21.09);Школа № 1529 имени А.С. Грибоедова;3;Школа № 1529 имени А.С. Грибоедова;3;2;5;5;13;1;4;1;Пятьдесят седьмая школа — 13 мин · отметка · 96;Пятьдесят седьмая школа — 13 мин · отметка · 96;"Пятьдесят седьмая школа — 0,7 км · 96; Школа № 179 — 2,0 км · 95; Школа № 1535 — 3,0 км · 94";
Льва Толстого 14;;делюкс;ЦАО;Хамовники;адрес (OSM, уточнено 21.09);Школа № 1253;3;Школа № 1253;3;2;5;7;10;3;5;1;Пятьдесят седьмая школа — 9 мин · отметка · 96;Пятьдесят седьмая школа — 9 мин · отметка · 96;"Лицей «Вторая школа» им. В.Ф. Овчинникова — 4,4 км · 100; Пятьдесят седьмая школа — 0,6 км · 96; Школа № 179 — 3,4 км · 95";
Земледельческий 15;;делюкс;ЦАО;Хамовники;адрес (OSM, уточнено 21.09);Школа № 1231 им. В.Д. Поленова;3;Школа № 1231 им. В.Д. Поленова;3;2;2;7;12;2;4;2;Школа № 1253 — 20 мин · отметка · 53;Пятьдесят седьмая школа — 22 мин · отметка · 96;"Пятьдесят седьмая школа — 1,3 км · 96; Школа № 179 — 3,0 км · 95; Школа № 1535 — 1,6 км · 94";
Большая Пироговская 51;;делюкс;ЦАО;Хамовники;адрес (OSM, уточнено 21.09);Школа № 1535;7;Школа № 1535;7;1;2;3;6;2;4;0;Пятьдесят седьмая школа — 15 мин · отметка · 96;Пятьдесят седьмая школа — 15 мин · отметка · 96;"Лицей «Вторая школа» им. В.Ф. Овчинникова — 3,3 км · 100; Пятьдесят седьмая школа — 0,9 км · 96; Школа № 179 — 4,8 км · 95";
Капранова 3;;делюкс;ЦАО;Пресненский;адрес (OSM, уточнено 21.09);"Школа ""Виктория""";1;Школа № 1241 «На Красной Пресне»;6;1;1;4;9;0;1;2;Школа № 1234 — 17 мин · без пометки · 16;Школа № 2123 им. Мигеля Эрнандеса — 26 мин · отметка · 53;"Пятьдесят седьмая школа — 2,3 км · 96; Школа № 179 — 2,7 км · 95; Школа № 1535 — 3,1 км · 94";
Малая Никитская 29-31;;делюкс;ЦАО;Пресненский;адрес (OSM, уточнено 21.09);Школа № 1239;4;Школа № 1234;7;2;4;6;12;1;3;3;Школа № 2123 им. Мигеля Эрнандеса — 9 мин · отметка · 53;Пятьдесят седьмая школа — 27 мин · отметка · 96;"Пятьдесят седьмая школа — 1,6 км · 96; Школа № 179 — 1,7 км · 95; Школа № 1535 — 3,5 км · 94";
Большая Ордынка 25;;делюкс;ЦАО;Замоскворечье;адрес (OSM, уточнено 21.09);Школа № 1323;5;Школа № 1799;9;2;2;3;7;0;2;2;Школа № 627 им. Д.Д. Лелюшенко — 10 мин · без пометки · 24;Пятьдесят седьмая школа — 28 мин · отметка · 96;"Пятьдесят седьмая школа — 1,6 км · 96; Школа № 179 — 2,2 км · 95; Школа № 1535 — 4,1 км · 94";
Воздвиженка 7/6;;делюкс;ЦАО;Арбат;адрес (OSM, уточнено 21.09);Пятьдесят седьмая школа;8;Пятьдесят седьмая школа;8;1;5;8;12;3;3;1;Пятьдесят седьмая школа — 8 мин · отметка · 96;Пятьдесят седьмая школа — 8 мин · отметка · 96;"Пятьдесят седьмая школа — 0,4 км · 96; Школа № 179 — 1,0 км · 95; Школа № 1535 — 3,6 км · 94";
Малая Полянка 3;;делюкс;ЦАО;Якиманка;адрес (OSM, уточнено 21.09);Школа № 1799;2;Школа № 1799;2;2;2;3;8;0;3;2;Школа № 627 им. Д.Д. Лелюшенко — 6 мин · без пометки · 24;Пятьдесят седьмая школа — 28 мин · отметка · 96;"Пятьдесят седьмая школа — 1,6 км · 96; Школа № 179 — 2,6 км · 95; Школа № 1535 — 3,5 км · 94";
Берниковская набережная 12;;делюкс;ЦАО;Таганский;адрес (OSM, уточнено 21.09);Центр образования №1685;2;Школа № 2104 на Таганке;3;1;4;6;8;2;2;2;Школа Центра педагогического мастерства (ЦПМ) — 14 мин · отметка · 93;Школа Центра педагогического мастерства (ЦПМ) — 14 мин · отметка · 93;"Пятьдесят седьмая школа — 2,9 км · 96; Школа № 179 — 2,6 км · 95; Школа Центра педагогического мастерства (ЦПМ) — 0,6 км · 93";
Резиденции Сколково;Абсолют Недвижимость;бизнес;Сколково;рп Заречье, Одинцовский г.о., Сколковское шоссе, ~2 км от МКАД;квартал (каталог);"Школа ""А-Статус""";5;Школа № 384;48;0;0;0;0;0;0;0;;;"Классический пансион МГУ — 5,0 км · 62; Ломоносовская школа — 4,6 км · 60";"координаты дома приблизительные (квартал (каталог)) — минуты ±5; точка дома в 130 м от ближайшей пешеходной дорожки (стройплощадка или закрытая территория) — время ориентировочное"
Skolkovo ONE;IKON Development;бизнес;Сколково;рп Заречье, Одинцовский г.о., ул. Торговая, ~2 км от МКАД;квартал (каталог);"Школа ""А-Статус""";8;Школа № 384;43;0;0;0;0;0;0;0;;;"Классический пансион МГУ — 4,8 км · 62; Ломоносовская школа — 4,3 км · 60";"координаты дома приблизительные (квартал (каталог)) — минуты ±5; точка дома в 160 м от ближайшей пешеходной дорожки (стройплощадка или закрытая территория) — время ориентировочное"
Сколково Парк;Заречье-девелопмент;премиум;Сколково;рп Заречье, Одинцовский г.о., ул. Весенняя, ~2 км от МКАД;квартал (каталог);"Школа ""А-Статус""";12;Школа № 1347;50;0;0;0;0;0;0;0;;;"Классический пансион МГУ — 5,0 км · 62; Ломоносовская школа — 4,7 км · 60; Школа № 1329 — 4,9 км · 53";координаты дома приблизительные (квартал (каталог)) — минуты ±5
Заречье Парк;Группа Самолет;бизнес;Сколково;рп Заречье, Одинцовский г.о., ул. Заречная;адрес (OSM, уточнено 21.09);Зареченская средняя общеобразовательная школа;7;Школа № 384;37;0;0;0;0;0;0;0;;;"Классический пансион МГУ — 4,0 км · 62; Ломоносовская школа — 3,7 км · 60; Школа № 1329 — 5,0 км · 53";
Гранель Притяжение Сити;ГК Гранель;бизнес;Сколково;Одинцовский г.о., ~7 мин до Сколково;зона (ориентир);Международная гимназия «Сколково»;10;Международная гимназия «Сколково»;10;0;2;2;2;0;0;0;Международная гимназия «Сколково» — 10 мин · без пометки · 18;Международная гимназия «Сколково» — 10 мин · без пометки · 18;Ломоносовская школа — 4,7 км · 60;координаты дома приблизительные (зона (ориентир)) — минуты ±5
Клубный дом Точка отсчета;Е-Девелопмент;бизнес;Рублёвка;Жуковка-1, Рублёво-Успенское шоссе, ~9 км от МКАД;квартал (каталог);Школа Великих Открытий;22;Школа «Президент»;26;0;0;0;1;0;0;0;;Школа «Президент» — 26 мин · без пометки · 5;Областная гимназия им. Е.М. Примакова — 4,0 км · 41;"координаты дома приблизительные (квартал (каталог)) — минуты ±5; за МКАД: школы Подмосковья в базе NOTA пока не оценены"
Level Barvikha Residence;Level Group (СЗ МастерСтрой);бизнес;Рублёвка;д. Барвиха, Рублёво-Успенское шоссе, 8 км от МКАД;квартал (каталог);Барвихинская средняя общеобразовательная школа;35;Областная гимназия им. Е.М. Примакова;44;0;0;0;0;0;0;0;;;Областная гимназия им. Е.М. Примакова — 2,9 км · 41;"координаты дома приблизительные (квартал (каталог)) — минуты ±5; за МКАД: школы Подмосковья в базе NOTA пока не оценены"
Barvikha River House;СЗ ЛСР. Объект-М (Группа ЛСР);премиум;Рублёвка;д. Барвиха, Рублёво-Успенское шоссе, ~8 км от МКАД;квартал (каталог);Барвихинская средняя общеобразовательная школа;36;Областная гимназия им. Е.М. Примакова;48;0;0;0;0;0;0;0;;;Областная гимназия им. Е.М. Примакова — 3,2 км · 41;"координаты дома приблизительные (квартал (каталог)) — минуты ±5; за МКАД: школы Подмосковья в базе NOTA пока не оценены"
СберСити в Рублёво-Архангельском;АО СЗ СберСити (Рублёво-Архангельское);бизнес;Рублёвка;мкр Рублёво-Архангельское, Ильинское шоссе, ~2 км от МКАД (административно Москва, ЗАО, Кунцево);квартал (каталог);Школа №12;46;;;0;0;0;0;0;0;0;;;Областная гимназия им. Е.М. Примакова — 3,5 км · 41;"координаты дома приблизительные (квартал (каталог)) — минуты ±5; за МКАД: школы Подмосковья в базе NOTA пока не оценены"
Riga Hills;СЗ ЖК Яркий. Рига;бизнес;Рублёвка;д. Бузланово, Новорижское шоссе, ~9 км от МКАД, г.о. Красногорск;квартал (каталог);Школа №12;12;Школа № 1564 им. А.П. Белобородова;50;0;0;0;0;0;0;0;;;;"координаты дома приблизительные (квартал (каталог)) — минуты ±5; за МКАД: школы Подмосковья в базе NOTA пока не оценены"
Маслово Forest Club;Галс-Девелопмент (СЗ Галс-Маслово);премиум;Рублёвка;д. Маслово / Николина Гора, Ильинское шоссе, 28 км от МКАД;квартал (каталог);Ломоносовская школа-пансион № 5;12;Ломоносовская школа-пансион № 5;12;0;1;1;1;0;0;0;Ломоносовская школа-пансион № 5 — 12 мин · без пометки · 4;Ломоносовская школа-пансион № 5 — 12 мин · без пометки · 4;;"координаты дома приблизительные (квартал (каталог)) — минуты ±5; за МКАД: школы Подмосковья в базе NOTA пока не оценены"
Березки River Village;Галс-Девелопмент;элитный;Рублёвка;д. Солослово, Рублёво-Успенское шоссе, 17 км от МКАД;квартал (каталог);Горковская школа;19;;;0;0;0;0;0;0;0;;;;"координаты дома приблизительные (квартал (каталог)) — минуты ±5; за МКАД: школы Подмосковья в базе NOTA пока не оценены"
Раздоры-2;Villagio Estate / Villagio Realty;элитный;Рублёвка;д. Раздоры, Рублёво-Успенское шоссе, 5 км от МКАД;квартал (каталог);Областная гимназия им. Е.М. Примакова;15;Областная гимназия им. Е.М. Примакова;15;0;0;1;1;1;1;0;Областная гимназия им. Е.М. Примакова — 15 мин · отметка · 41;Областная гимназия им. Е.М. Примакова — 15 мин · отметка · 41;Областная гимназия им. Е.М. Примакова — 0,6 км · 41;"координаты дома приблизительные (квартал (каталог)) — минуты ±5; за МКАД: школы Подмосковья в базе NOTA пока не оценены"
Жуковка XXI;Villagio Estate;элитный;Рублёвка;д. Жуковка, Рублёво-Успенское шоссе, 8-10 км от МКАД;квартал (каталог);Школа Великих Открытий;17;Школа «Президент»;19;0;0;1;1;0;0;0;Школа «Президент» — 19 мин · без пометки · 5;Школа «Президент» — 19 мин · без пометки · 5;Областная гимназия им. Е.М. Примакова — 4,5 км · 41;"координаты дома приблизительные (квартал (каталог)) — минуты ±5; за МКАД: школы Подмосковья в базе NOTA пока не оценены"
ParkVille Жуковка;Villagio Estate;премиум;Рублёвка;д. Жуковка, Рублёво-Успенское шоссе, 9-10 км от МКАД;квартал (каталог);Школа Великих Открытий;25;Школа «Президент»;27;0;0;0;1;0;0;0;;Школа «Президент» — 27 мин · без пометки · 5;Областная гимназия им. Е.М. Примакова — 4,1 км · 41;"координаты дома приблизительные (квартал (каталог)) — минуты ±5; за МКАД: школы Подмосковья в базе NOTA пока не оценены"
Барвиха XXI;Villagio Estate;делюкс;Рублёвка;д. Барвиха, Рублёво-Успенское шоссе, 5-7 км от МКАД;квартал (каталог);Областная гимназия им. Е.М. Примакова;34;Областная гимназия им. Е.М. Примакова;34;0;0;0;0;0;0;0;;;Областная гимназия им. Е.М. Примакова — 2,3 км · 41;"координаты дома приблизительные (квартал (каталог)) — минуты ±5; за МКАД: школы Подмосковья в базе NOTA пока не оценены"
Барвиха Клаб;Миэль-Недвижимость;элитный;Рублёвка;д. Барвиха, Рублёво-Успенское шоссе, 8 км от МКАД;квартал (каталог);Барвихинская средняя общеобразовательная школа;32;Областная гимназия им. Е.М. Примакова;41;0;0;0;0;0;0;0;;;Областная гимназия им. Е.М. Примакова — 2,8 км · 41;"координаты дома приблизительные (квартал (каталог)) — минуты ±5; за МКАД: школы Подмосковья в базе NOTA пока не оценены"
Барвиха Хиллс;;премиум;Рублёвка;д. Барвиха, Рублёво-Успенское шоссе, 8 км от МКАД;квартал (каталог);Барвихинская средняя общеобразовательная школа;28;Областная гимназия им. Е.М. Примакова;44;0;0;0;0;0;0;0;;;Областная гимназия им. Е.М. Примакова — 3,0 км · 41;"координаты дома приблизительные (квартал (каталог)) — минуты ±5; за МКАД: школы Подмосковья в базе NOTA пока не оценены"
Сады Майендорф;Villagio Estate;элитный;Рублёвка;д. Барвиха, Рублёво-Успенское шоссе, 9 км от МКАД;квартал (каталог);Барвихинская средняя общеобразовательная школа;22;;;0;0;0;0;0;0;0;;;Областная гимназия им. Е.М. Примакова — 4,1 км · 41;"координаты дома приблизительные (квартал (каталог)) — минуты ±5; за МКАД: школы Подмосковья в базе NOTA пока не оценены"
Ландшафт;;бизнес;Рублёвка;Рублёво-Успенское шоссе, 9 км от МКАД, Одинцовский г.о.;км шоссе (ориентир);Барвихинская средняя общеобразовательная школа;8;;;0;0;0;0;0;0;0;;;Областная гимназия им. Е.М. Примакова — 4,3 км · 41;"координаты дома приблизительные (км шоссе (ориентир)) — минуты ±5; за МКАД: школы Подмосковья в базе NOTA пока не оценены"
Горки-8;;премиум;Рублёвка;Горки-8, Рублёво-Успенское шоссе, 15 км от МКАД;квартал (каталог);Усовская начальная школа;42;;;0;0;0;0;0;0;0;;;;"координаты дома приблизительные (квартал (каталог)) — минуты ±5; за МКАД: школы Подмосковья в базе NOTA пока не оценены"
Речной;;премиум;Рублёвка;Рублёво-Успенское шоссе, 7 км от МКАД, Одинцовский г.о.;км шоссе (ориентир);"Школа ""Лидеры""";31;Областная гимназия им. Е.М. Примакова;37;0;0;0;0;0;0;0;;;Областная гимназия им. Е.М. Примакова — 2,1 км · 41;"координаты дома приблизительные (км шоссе (ориентир)) — минуты ±5; за МКАД: школы Подмосковья в базе NOTA пока не оценены"
Ильинские дачи;;бизнес;Рублёвка;Ильинское шоссе, 10 км от МКАД, Одинцовский/Красногорский г.о.;квартал (каталог);Ильинская средняя общеобразовательная школа;15;Школа «Президент»;48;0;0;0;0;0;0;0;;;;"координаты дома приблизительные (квартал (каталог)) — минуты ±5; за МКАД: школы Подмосковья в базе NOTA пока не оценены"
Ильинское поле;;делюкс;Рублёвка;Ильинское шоссе, 10 км от МКАД;квартал (каталог);Ильинская средняя общеобразовательная школа;17;Школа «Президент»;48;0;0;0;0;0;0;0;;;;"координаты дома приблизительные (квартал (каталог)) — минуты ±5; за МКАД: школы Подмосковья в базе NOTA пока не оценены"
Азарово;;бизнес;Рублёвка;Рублёво-Успенское шоссе, 20 км от МКАД, Одинцовский г.о.;квартал (каталог);Ломоносовская школа-пансион № 5;21;Ломоносовская школа-пансион № 5;21;0;0;0;1;0;0;0;;Ломоносовская школа-пансион № 5 — 21 мин · без пометки · 4;;"координаты дома приблизительные (квартал (каталог)) — минуты ±5; за МКАД: школы Подмосковья в базе NOTA пока не оценены"
Успенские Дачи;;бизнес;Рублёвка;Рублёво-Успенское шоссе, 20 км от МКАД, Одинцовский г.о.;квартал (каталог);Горковская школа;31;;;0;0;0;0;0;0;0;;;;"координаты дома приблизительные (квартал (каталог)) — минуты ±5; за МКАД: школы Подмосковья в базе NOTA пока не оценены"
Renaissance Park;Villagio Estate;элитный;Рублёвка;Новорижское шоссе, 19 км от МКАД;км шоссе (ориентир);Лицей им. В. И. Долгих;42;Школа права и экономики;42;0;0;0;0;0;0;0;;;;"координаты дома приблизительные (км шоссе (ориентир)) — минуты ±5; за МКАД: школы Подмосковья в базе NOTA пока не оценены"
Павлово;;премиум;Рублёвка;Новорижское шоссе, 14 км от МКАД, г.о. Истра;квартал (каталог);Павловская средняя общеобразовательная школа;38;Wunderpark International School;51;0;0;0;0;0;0;0;;;;"координаты дома приблизительные (квартал (каталог)) — минуты ±5; за МКАД: школы Подмосковья в базе NOTA пока не оценены"
Новое Павлово;;бизнес;Рублёвка;Новорижское шоссе, ~14 км от МКАД, г.о. Истра;км шоссе (ориентир);Опалиховская гимназия;46;;;0;0;0;0;0;0;0;;;;"координаты дома приблизительные (км шоссе (ориентир)) — минуты ±5; точка дома в 320 м от ближайшей пешеходной дорожки (стройплощадка или закрытая территория) — время ориентировочное; за МКАД: школы Подмосковья в базе NOTA пока не оценены"
Никольская Слобода;;элитный;Рублёвка;Новорижское шоссе, 15 км от МКАД;км шоссе (ориентир);Павловская гимназия;34;Павловская гимназия;34;0;0;0;0;0;0;0;;;;"координаты дома приблизительные (км шоссе (ориентир)) — минуты ±5; за МКАД: школы Подмосковья в базе NOTA пока не оценены"
Ели Estate;;бизнес;Рублёвка;Новорижское шоссе, г.о. Истра;км шоссе (ориентир);Павловская гимназия;28;Павловская гимназия;28;0;0;0;1;0;0;1;;Павловская гимназия — 28 мин · на заметку · 37;;"координаты дома приблизительные (км шоссе (ориентир)) — минуты ±5; за МКАД: школы Подмосковья в базе NOTA пока не оценены"
