name;developer;class_final;class_declared;class_disputed;price_check;okrug;district;address;lat;lon;geo_precision;type;units_total;parking;stage;deadline;price_from_m2;penthouses;penthouse_flag;website;sources
Republic (Репаблик);FORMA;премиум;бизнес / премиум;да;;ЦАО;Пресненский;Пресненский Вал, вл. 21-27;55.77157;37.56888;адрес;квартиры;2651;1687;строится;IV кв. 2027;747000;да;да;https://republic.forma.ru/;https://novostroev.ru/novostroyki/moskva/cao/presnenskiy/republic/ https://mskguru.ru/novostroyki/1468-zhk-presnenskij-val-17 approx-coords
СТОУН Райз (STONE Rise);STONE;бизнес;бизнес / бизнес;да;;ЦАО;Таганский;Золоторожский Вал, вл. 11;55.75166;37.68688;адрес;квартиры;545;257;строится;IV кв. 2028;520000;;;https://stone.ru/;https://novostroev.ru/novostroyki/moskva/cao/taganskiy/rise/
Павелецкая от Гранель (MYPRIORITY Paveletskaya);ГК Гранель;бизнес;бизнес;;;ЦАО;Замоскворечье;Дубининская ул., 17;55.72726;37.63898;адрес;квартиры;377;104;строится;III кв. 2028;653000;;;;https://mskguru.ru/novostroyki/4746-zhk-mypriority-paveletskaya https://novostroev.ru/novostroyki/moskva/cao/zamoskvoreche/mypriority-paveletskaya/
Voxhall (Воксхолл);Группа Эталон;бизнес;бизнес;;;ЦАО;Замоскворечье;Летниковская ул., 4;55.72770;37.64439;адрес;квартиры+апартаменты;3776;596;строится;I кв. 2026;592000;;;;https://mskguru.ru/novostroyki/4806-zhk-voxhall https://www.cian.ru/novostroyki-biznes-klassa-moskva-cao-044/
Интеллигент;Мосреалстрой (УЭЗ);бизнес;бизнес;;;ЦАО;Басманный;Семёновская наб., 3;55.78089;37.70362;адрес;квартиры;813;161;строится;I кв. 2026;452000;;;;https://mskguru.ru/novostroyki/4589-zhk-intelligent https://novostroev.ru/novostroyki/moskva/cao/basmannyy/intelligent/
Шелепиха;УЭЗ;бизнес;бизнес;;;ЦАО;Пресненский;Шмитовский пр-д, 40;55.75606;37.52679;адрес;квартиры;653;234;строится;2026;410000;;;;https://mskguru.ru/novostroyki/1430-zhk-shelepihinskoe-shosse https://www.cian.ru/novostroyki-biznes-klassa-moskva-cao-044/
Костомаровский, 15;Центр-Инвест;бизнес;бизнес;;;ЦАО;Таганский;Костомаровский пер., вл. 15;55.75195;37.66462;адрес;апартаменты;143;164;анонс;I кв. 2027;;;;;https://novostroev.ru/novostroyki/moskva/cao/taganskiy/kostomarovskiy-15/ https://www.cian.ru/novostroyki-biznes-klassa-moskva-cao-044/
Scala (Скала);STENOY;бизнес;бизнес;;;ЦАО;Красносельский;ул. Гаврикова, вл. 11;55.78038;37.67451;адрес;квартиры;160;;анонс;II кв. 2028;;;;;https://novostroev.ru/novostroyki/moskva/cao/krasnoselskiy/scala-skala/
RED7;ГК Основа;премиум;бизнес-премиум;да;;ЦАО;Красносельский;просп. Академика Сахарова, вл. 7;55.77117;37.64369;адрес;апартаменты;;;сдан, есть остатки;сдан;;;;;https://novostroev.ru/novostroyki/moskva/cao/krasnoselskiy/siluet-na-uglu-sadovogo-koltsa-i-prospekta-akademika-sakharova/ https://ama.ru/msk/moskva/tsao/biznes
Chkalov;Ikon Development;элитный;бизнес / премиум (Метриум), элит (kvadroom);да;цена не бьётся с классом;ЦАО;Басманный;Земляной Вал, 24/32;55.75783;37.65612;адрес;квартиры+апартаменты;396;;сдан, есть остатки;сдан;669000;;;;https://mskguru.ru/novostroyki/1301-zhk-chkalov https://novostroev.ru/novostroyki/moskva/cao/basmannyy/dom-chkalov/
Резиденции архитекторов;AFI Development;бизнес;бизнес;;;ЦАО;Басманный;Бауманская ул., 47/1;55.76920;37.68090;адрес;квартиры;;;сдан, есть остатки;сдан;441000;;;;https://mskguru.ru/novostroyki/1064-mzhk-rezidentsii-arhitektorov https://novostroev.ru/novostroyki/moskva/cao/basmannyy/rezidentsii-arkhitektorov/
HeadLiner;ГК КОРТРОС;бизнес;бизнес;;;ЦАО;Пресненский;Шмитовский пр-д, 39;55.75226;37.52663;адрес;квартиры;;;сдан, есть остатки;сдан;425000;;;;https://mskguru.ru/novostroyki/1015-zhk-tsentr-siti https://novostroev.ru/novostroyki/moskva/cao/presnenskiy/tsentr-siti/
СОУЛ (SOUL);FORMA;премиум;бизнес-премиум;да;;САО;Аэропорт;Часовая ул., 28;55.81155;37.52312;адрес;квартиры;1284;567;строится;I кв. 2029;519000;да;да;https://soul.forma.ru/;https://mskguru.ru/novostroyki/4915-zhk-soul https://novostroev.ru/novostroyki/moskva/sao/aeroport/soul/
Амбер Сити (AMBER CITY);ГК ФСК;премиум;бизнес-премиум / премиум;да;;САО;Хорошёвский;3-й Хорошёвский пр-д;55.77330;37.53875;адрес;квартиры;3500;;строится;2028-2029;491000;;;https://fsk.ru/amber-city;https://mskguru.ru/novostroyki/5104-zhk-amber-city https://www.cian.ru/novostroyki-biznes-klassa-moskva-sao-045/
INDY Towers;Группа Аквилон;бизнес;бизнес;;;САО;Хорошёвский;ул. Куусинена, вл. 21;55.78982;37.50960;адрес;квартиры;959;487;строится;2026-2029;470000;;;;https://mskguru.ru/novostroyki/4959-zhk-indy-towers https://www.cian.ru/novostroyki-biznes-klassa-moskva-sao-045/
Сезар Сити (SEZAR CITY);Sezar Group;бизнес;бизнес;;;САО;Хорошёвский;2-й Хорошёвский пр-д, 7;55.77234;37.53169;адрес;квартиры;605;696;строится;2027;510000;;;https://sezar-group.ru/projects/sezarcity;https://mskguru.ru/novostroyki/5095-zhk-sezar-city https://www.cian.ru/novostroyki-biznes-klassa-moskva-sao-045/
Селигер Сити;MR Group;бизнес;бизнес;;;САО;Западное Дегунино;Ильменский пр-д, вл. 14;55.86066;37.54529;адрес;квартиры;4666;2278;строится;2026;497000;да;да;;https://mskguru.ru/novostroyki/1069-zhk-seliger-siti https://mskguru.ru/rayon/sao
Мангазея на Речном;ГК Мангазея;бизнес;бизнес;;;САО;Левобережный;Ленинградское ш., 57;55.85506;37.46422;адрес;квартиры;;2500;строится;III кв. 2027;503000;;;;https://mskguru.ru/novostroyki/5067-zhk-mangazeya-na-rechnom https://novostroev.ru/novostroyki/moskva/sao/levoberezhnyy/mangazeya-na-rechnom/
Северный порт. Береговые кварталы;LEGENDA Intelligent Development;бизнес;бизнес;;;САО;Левобережный;Ленинградское ш., 57-63;55.86559;37.46222;адрес;квартиры;2124;;строится;IV кв. 2030;462000;;;;https://mskguru.ru/novostroyki/4668-zhk-severnyyjj-rechnojj-port https://novostroev.ru/novostroyki/moskva/sao/levoberezhnyy/severnyy-port-beregovye-kvartaly/
Инджой (INJOY);Талан;бизнес;бизнес;;;САО;Войковский;ул. Адмирала Макарова;55.83014;37.49399;адрес;квартиры;1506;673;строится;2027;486000;24;да;;https://mskguru.ru/novostroyki/5002-zhk-injoy https://www.cian.ru/novostroyki-biznes-klassa-moskva-sao-045/ approx-coords
Level Войковская;Level Group;бизнес;бизнес;;;САО;Войковский;Старопетровский пр-д, 11;55.82413;37.50454;адрес;квартиры;539;261;строится;III кв. 2028;463000;;;;https://mskguru.ru/novostroyki/5195-zhk-level-vojjkovskaya https://www.cian.ru/novostroyki-biznes-klassa-moskva-sao-045/
Дом на Часовой (DD:OO:MM);DAR;бизнес;бизнес;;;САО;Аэропорт;Часовая ул.;55.80700;37.53597;адрес;квартиры;255;170;строится;II кв. 2028;599000;да;да;;https://mskguru.ru/novostroyki/5218-zhk-ddoomm-dom-na-chasovojj https://www.cian.ru/novostroyki-biznes-klassa-moskva-sao-045/ approx-coords
СВЕТ;Dominanta;бизнес;бизнес;;;САО;Западное Дегунино;Дмитровское ш., 82;55.86506;37.54940;адрес;квартиры;662;;строится;I кв. 2028;526000;;;;https://mskguru.ru/novostroyki/5191-zhk-svet https://www.cian.ru/novostroyki-biznes-klassa-moskva-sao-045/ approx-coords
Акценты;Plus Development;бизнес;бизнес;;;САО;Восточное Дегунино;Дубнинская ул., 79;55.88859;37.55647;адрес;квартиры;673;494;строится;2027;403000;;;;https://mskguru.ru/novostroyki/5190-zhk-akcentyy https://www.cian.ru/novostroyki-biznes-klassa-moskva-sao-045/
Дмитровское небо;Группа ЛСР;бизнес;бизнес;;;САО;Западное Дегунино;Ильменский пр-д;55.85815;37.54707;адрес;квартиры;2401;549;строится;II кв. 2027;412000;;;;https://mskguru.ru/novostroyki/4893-zhk-dmitrovskoe-nebo https://www.cian.ru/novostroyki-biznes-klassa-moskva-sao-045/
Кронштадтский 9;ПИК;бизнес;бизнес;;;САО;Головинский;Кронштадтский б-р, 9;55.84270;37.48794;адрес;квартиры;;700;строится;2027-2028;415000;;;;https://mskguru.ru/novostroyki/4587-zhk-kronshtadskijj-9 https://www.cian.ru/novostroyki-biznes-klassa-moskva-sao-045/
Нарвин;ПИК;бизнес;бизнес;;;САО;Головинский;ул. Кронштадтская, 16-18;55.84041;37.48892;адрес;квартиры;1174;207;строится;2028;402000;;;;https://mskguru.ru/novostroyki/5140-zhk-narvin https://mskguru.ru/rayon/sao
Бусиновский парк;ПИК;бизнес;бизнес;;;САО;Западное Дегунино;ул. Ижорская, 6с5;55.89457;37.51947;адрес;квартиры;;;строится;2026-2027;343000;;;;https://mskguru.ru/novostroyki/4576-zhk-businovskijj-park https://mskguru.ru/rayon/sao
DIUS (Диус);ГК Север;бизнес;бизнес;;;САО;Аэропорт;ул. Академика Ильюшина, 21;55.80702;37.54800;адрес;апартаменты;451;667;строится;IV кв. 2027;447000;;;;https://novostroev.ru/novostroyki/moskva/sao/aeroport/na-ul-akademika-ilyushina-21/ https://mskguru.ru/rayon/sao
Фестиваль парк-2;Центр-Инвест;бизнес;бизнес;;;САО;Левобережный;Фестивальная ул., 15;55.85952;37.47490;адрес;квартиры;1595;1050;сдан, есть остатки;сдан;380000;;;;https://mskguru.ru/novostroyki/4611-zhk-festivaly-park2 https://ama.ru/msk/moskva/sao/biznes
Ленинградка 58;Группа ЛСР;бизнес;бизнес;;;САО;Головинский;Ленинградское ш., 58;55.84239;37.48059;адрес;квартиры;;;сдан, есть остатки;сдан;386000;;;;https://mskguru.ru/rayon/sao https://ama.ru/msk/moskva/sao/biznes
Дом на Зорге;А101;бизнес;бизнес;;;САО;Сокол;ул. Зорге;55.78255;37.51126;адрес;квартиры;;;сдан, есть остатки;2026;472000;;;;https://mskguru.ru/rayon/sao https://ama.ru/msk/moskva/sao/biznes
L67;FORMA;бизнес;бизнес;;;САО;Левобережный;Ленинградское ш. (Левобережный);55.85850;37.46790;адрес;квартиры;;;анонс;;;;;;https://novostroev.ru/novostroyki/moskva/sao/levoberezhnyy/l67/
ВЭРИ (Very) на Ботанической;ГК Основа;бизнес;бизнес;;;СВАО;Марфино;Ботаническая ул., 29;55.83422;37.59314;адрес;квартиры;;;строится;IV кв. 2027;447000;;;;https://mskguru.ru/novostroyki/4544-zhk-botanicheskaya-29 https://www.cian.ru/novostroyki-biznes-klassa-moskva-svao-046/ approx-coords
Мираполис;ГК Основа;бизнес;бизнес;;;СВАО;Ярославский;просп. Мира, 222;55.84067;37.66814;адрес;апартаменты;1941;608;строится;IV кв. 2027;328000;;;;https://mskguru.ru/novostroyki/4671-zhk-mira-222 https://novostroev.ru/novostroyki/moskva/svao/yaroslavskiy/mirapolis/
Квартал МОНС;Брусника;бизнес;бизнес;;;СВАО;Бутырский;Огородный пр-д, 20;55.81794;37.59449;адрес;квартиры;730;875;строится;III кв. 2027;356000;;;;https://mskguru.ru/novostroyki/5081-zhk-mons https://novostroev.ru/novostroyki/moskva/svao/butyrskiy/mons-ogorodnyy-proekt/
Полар;ПИК;бизнес;бизнес;;;СВАО;Северное Медведково;Полярная ул., 39А;55.89340;37.64468;адрес;квартиры;2702;639;строится;II кв. 2027;361000;;;;https://mskguru.ru/novostroyki/4988-zhk-polar https://www.cian.ru/novostroyki-biznes-klassa-moskva-svao-046/
Руставели, 14;ПИК;бизнес;бизнес;;;СВАО;Бутырский;ул. Руставели, 14;55.81211;37.59786;адрес;квартиры;;;строится;I кв. 2029;461000;;;;https://mskguru.ru/novostroyki/4516-zhk-rustaveli-14 https://ama.ru/msk/moskva/svao/biznes
Алтуфьевское 53;ПИК;бизнес;бизнес;;;СВАО;Алтуфьевский;Алтуфьевское ш., 53;55.87126;37.58278;адрес;квартиры;;;строится;IV кв. 2028;367000;;;;https://mskguru.ru/novostroyki/5071-zhk-altufevskoe-53 https://www.cian.ru/novostroyki-biznes-klassa-moskva-svao-046/
Апсайд Тауэрс (Upside Towers);UPSIDE DEVELOPMENT;бизнес;бизнес;;;СВАО;Бутырский;Огородный пр-д, 2;55.81189;37.60162;адрес;квартиры;731;;строится;II кв. 2027;501000;;;;https://mskguru.ru/novostroyki/4849-zhk-ogorodnyyjj-proezd-2 https://novostroev.ru/novostroyki/moskva/svao/butyrskiy/upside-towers-apsayd-tauers/
ТАТЕ (Tate);ГК КОРТРОС;бизнес;бизнес;;;СВАО;Марьина Роща;ул. Веткина, 2с1;55.80457;37.62083;адрес;квартиры;1104;567;строится;II кв. 2027;576000;да;да;;https://mskguru.ru/novostroyki/5086-zhk-tate https://novostroev.ru/novostroyki/moskva/svao/marina-roshcha/tate-teyt/
Mariinn Park;Группа Эталон;бизнес;бизнес;;;СВАО;Марьина Роща;Октябрьская ул., 103;55.79888;37.61224;адрес;квартиры;135;64;строится;IV кв. 2027;;;;;https://novostroev.ru/novostroyki/moskva/svao/marina-roshcha/oktyabrskaya/ https://ama.ru/msk/moskva/svao/biznes
ОМ Ботанический;ОМ Девелопмент;бизнес;бизнес;;;СВАО;Свиблово;ул. Сельскохозяйственная, 42;55.84980;37.62716;адрес;квартиры;428;194;анонс;IV кв. 2029;;;;;https://novostroev.ru/novostroyki/moskva/svao/sviblovo/om-botanicheskiy/ https://novostroev.ru/novostroyki/moskva/svao/biznes-class/
AFI Tower;AFI Development;бизнес;бизнес;;;СВАО;Свиблово;пр-д Серебрякова, 11к1;55.84861;37.65145;адрес;квартиры;1169;864;сдан, есть остатки;сдан;;;;;https://novostroev.ru/novostroyki/moskva/svao/sviblovo/afi-tower/ https://www.cian.ru/novostroyki-biznes-klassa-moskva-svao-046/
Дом Малевич;Крост Недвижимость;бизнес;бизнес;;;СВАО;Отрадное;Отрадная ул., 8А;55.85720;37.60840;адрес;квартиры;590;110;сдан, есть остатки;сдан;370000;;;;https://mskguru.ru/novostroyki/4883-zhk-malevich https://www.cian.ru/novostroyki-biznes-klassa-moskva-svao-046/
MOD;MR Group;премиум;бизнес / премиум;да;;СВАО;Марьина Роща;4-я ул. Марьиной Рощи, 12;55.79683;37.62435;адрес;квартиры;2104;739;сдан, есть остатки;сдан;587000;да;да;;https://mskguru.ru/novostroyki/4542-zhk-mod https://novostroev.ru/novostroyki/moskva/svao/biznes-class/
iLove;ГК КОРТРОС;бизнес;бизнес;;;СВАО;Останкинский;ул. Бочкова, 11А;55.81028;37.62937;адрес;квартиры;2370;1305;сдан, есть остатки;сдан;422000;;;;https://mskguru.ru/novostroyki/1236-zhk-ilove-ajlav https://www.cian.ru/novostroyki-biznes-klassa-moskva-svao-046/
Лайм;ЭЗКС;бизнес;бизнес;;;СВАО;Алексеевский;Староалексеевская ул., 5А;55.81049;37.64503;адрес;квартиры;826;332;сдан, есть остатки;сдан;;;;;https://novostroev.ru/novostroyki/moskva/svao/alekseevskiy/laym-staroalekseevskaya/ https://www.cian.ru/novostroyki-biznes-klassa-moskva-svao-046/
Октябрьская 98 (Mirror);ГК Самолёт;бизнес;бизнес;;;СВАО;Марьина Роща;Октябрьская ул., вл. 98;55.79960;37.61403;адрес;апартаменты;645;121;сдан, есть остатки;сдан;413000;;;;https://mskguru.ru/novostroyki/4888-apartamentyy-mirrorzdanie https://ama.ru/msk/moskva/svao/biznes
ФизтехСити;ГК Основа;бизнес;бизнес;;;СВАО;Северный;Долгопрудненское ш., 3А;55.92114;37.53494;адрес;апартаменты;;;сдан, есть остатки;сдан;;;;;https://www.cian.ru/novostroyki-biznes-klassa-moskva-svao-046/ https://ama.ru/msk/moskva/svao/biznes
Касаткина, 11;FORMA;бизнес;бизнес;;;СВАО;Алексеевский;ул. Касаткина, 11;55.82447;37.66157;адрес;квартиры;;;анонс;;;;;;https://novostroev.ru/novostroyki/moskva/svao/alekseevskiy/kasatkina-11/
Событие;Донстрой;премиум;бизнес и премиум;да;;ЗАО;Раменки;ул. Лобачевского, 114;55.69089;37.47823;адрес;квартиры;3987;2512;строится;4 кв. 2029;519300;да;да;https://donstroy.moscow/objects/sobytie/;novostroev.ru/novostroyki/moskva/zao/ramenki/sobytie/, mskguru.ru/novostroyki/1284-zhk-sobytie, donstroy.moscow, coords approx
Инноватор;Мосреалстрой;бизнес;бизнес;;;ЗАО;Раменки;Мичуринский пр-т, 45;55.68779;37.48280;адрес;квартиры;587;236;сдан, есть остатки;1 кв. 2026;477800;;;;novostroev.ru/novostroyki/moskva/zao/ramenki/innovator/, coords approx
Stories на Мосфильмовской;October Group;бизнес;бизнес;;;ЗАО;Раменки;ул. Лобачевского, 124/3А;55.68746;37.47570;адрес;квартиры;440;115;строится;1 кв. 2026;520400;;;;novostroev.ru/novostroyki/moskva/zao/ramenki/stories-na-mosfilmovskoy/, mskguru.ru/novostroyki/4910, координаты не уточнены
Level Мичуринский;Level Group;бизнес;бизнес;;;ЗАО;Очаково-Матвеевское;ул. Лобачевского / ул. Озёрная;55.67800;37.46500;квартал (каталог);квартиры;3500;2000;строится;3 кв. 2027;405600;да;да;;novostroev.ru/novostroyki/moskva/zao/ochakovo-matveevskoe/level-michurinskiy/, mskguru.ru/novostroyki/1349, coords approx
Среда на Лобачевского;Среда;бизнес;бизнес;;;ЗАО;Очаково-Матвеевское;Очаковское шоссе, 5;55.69561;37.46035;адрес;квартиры;525;221;старт продаж;2 кв. 2027;511200;;;;novostroev.ru/novostroyki/moskva/zao/ochakovo-matveevskoe/sreda-na-lobachevskogo/, coords approx
Страна.Озерная;Страна Девелопмент;бизнес;бизнес;;;ЗАО;Очаково-Матвеевское;ул. Озёрная, 42-44;55.67163;37.44601;адрес;квартиры;1241;367;сдан, есть остатки;сдан;541600;;;;novostroev.ru/novostroyki/moskva/zao/ochakovo-matveevskoe/strana-ozernaya/, coords approx
Матвеевский парк;ПИК;бизнес;комфорт (novostroev), в ряде каталогов комфорт+/бизнес;да;;ЗАО;Очаково-Матвеевское;Очаковское шоссе, вл. 3, 5А;55.68070;37.44047;адрес;квартиры;3452;;строится;2 кв. 2028;413900;;;;novostroev.ru/novostroyki/moskva/zao/ochakovo-matveevskoe/matveevskiy-park/, класс спорный, coords approx
Барклая 6;ПИК;бизнес;бизнес;;;ЗАО;Филёвский парк;ул. Барклая, 6;55.73917;37.50822;адрес;квартиры;;;строится;4 кв. 2025;417100;;;;novostroev.ru/novostroyki/moskva/zao/filyevskiy-park/na-ulitse-barklaya/, mskguru.ru/novostroyki/4736, coords approx
Гранд Фили;Granard;бизнес;бизнес;;;ЗАО;Филёвский парк;ул. Большая Филёвская, 2;55.73902;37.46197;адрес (OSM, уточнено 21.09);квартиры;;152;строится;2 кв. 2029;707500;;;;novostroev.ru/novostroyki/moskva/zao/filyevskiy-park/grand-fili/, coords approx
Береговой 2;Главстрой;премиум;премиум (novostroev), проект линейки Береговой заявлялся как бизнес / премиум;да;;ЗАО;Филёвский парк;Береговой проезд, вл. 2;55.75991;37.50315;адрес;квартиры;1983;558;строится;2 кв. 2028;533600;;;;novostroev.ru/novostroyki/moskva/zao/filyevskiy-park/beregovoy-2/, класс спорный, coords approx
Famous;MR Group;премиум;премиум (novostroev), бизнес+ в каталогах;да;;ЗАО;Филёвский парк;Багратионовский проезд, вл. 5;55.74397;37.50799;адрес;квартиры;81;;сдан, есть остатки;3 кв. 2025;747000;;;;novostroev.ru/novostroyki/moskva/zao/filyevskiy-park/famous-feymos/, класс спорный, coords approx
Кутузовский квартал;ПИК+;бизнес;бизнес;;;ЗАО;Кунцево;ул. Ивана Франко;55.72796;37.44956;адрес;квартиры;;71;старт продаж;2 кв. 2026;441400;;;;novostroev.ru/novostroyki/moskva/zao/kuntsevo/kutuzovskiy-kvartal/, coords approx
Индиво;Forma (ПИК);бизнес;бизнес;;;ЗАО;Кунцево;ул. Ивана Франко;55.72824;37.43506;адрес;квартиры;831;347;старт продаж;4 кв. 2027;537100;;;;novostroev.ru/novostroyki/moskva/zao/kuntsevo/indivo/, coords approx
NEXUS by Akvilon;Группа Аквилон;бизнес;бизнес;;;ЗАО;Кунцево;ул. Ярцевская, 21/1;55.74355;37.42015;адрес;квартиры;639;216;старт продаж;3 кв. 2029;474500;;;;novostroev.ru/novostroyki/moskva/zao/kuntsevo/nexus-by-akvilon/, coords approx
SET;MR Group;бизнес;бизнес;;;ЗАО;Можайский;ул. Верейская, 29/32Б;55.70870;37.44390;адрес;квартиры;2579;495;строится;3 кв. 2028;467900;;;;novostroev.ru/novostroyki/moskva/zao/mozhayskiy-rayon/set/, coords approx
Veer;MR Group;бизнес;бизнес;;;ЗАО;Можайский;ул. Верейская, 29;55.70870;37.44390;адрес;квартиры;3720;685;старт продаж;3 кв. 2028 (1 оч.), 3 кв. 2029 (2 оч.);429600;;;;novostroev.ru/novostroyki/moskva/zao/mozhayskiy-rayon/veer/, coords approx
Верейская 41;ГК Самолёт;бизнес;бизнес;;;ЗАО;Можайский;ул. Верейская, 41;55.71120;37.43298;адрес;квартиры+апартаменты;;;строится;3 кв. 2025;347100;;;;novostroev.ru/novostroyki/moskva/zao/mozhayskiy-rayon/vereyskaya-41/, coords approx
Стеллар Сити;ГК Ташир;бизнес;комфорт/бизнес / бизнес;да;;ЗАО;Можайский;Москва, Сколковское шоссе, 40к3;55.70023;37.39471;адрес;квартиры;;;строится;4 кв. 2026;305000;;;https://stellarcity.ru/;novostroev.ru/novostroyki/moskva/zao/mozhayskiy-rayon/stellar-siti/, класс спорный
СИТИМИКС;Apsis Globe;бизнес;комфорт/бизнес;да;;ЗАО;Тропарёво-Никулино;;55.65800;37.47700;район (ориентир);апартаменты;;;строится;3 кв. 2026;484100;;;;novostroev.ru/novostroyki/moskva/zao/troparyevo-nikulino/, класс спорный
Кутузов Сити;PLATO Development;элитный;элит (novostroev), в каталогах премиум/бизнес+ / премиум;да;цена не бьётся с классом;ЗАО;Можайский;ул. Гродненская, 18;55.71913;37.43474;адрес;квартиры;220;73;строится;3 кв. 2027;639500;да;да;;novostroev.ru/novostroyki/moskva/zao/mozhayskiy-rayon/kutuzov-siti/, класс спорный, coords approx
Молодогвардейская 54 (М54);Главстрой Москва;бизнес;не заявлен;;;ЗАО;Кунцево;ул. Молодогвардейская, 54;55.73660;37.39909;адрес;квартиры;;;анонс;;;;;;novostroev.ru/novostroyki/moskva/zao/kuntsevo/, продажи не начаты, coords approx
Феномен города;BMS Development;премиум;эко-прайм (заявлено девелопером) / премиум;да;;ЗАО;Фили-Давыдково;Староволынская ул.;55.71557;37.47919;адрес;квартиры;;;анонс;2031;;;;;novostroev.ru/novostroyki/moskva/zao/fili-davydkovo/
На Кутузовском проспекте, 36;Главстрой Москва;бизнес;не заявлен;;;ЗАО;Дорогомилово;Кутузовский пр-т, 36;55.74092;37.52443;адрес;квартиры;;;анонс;;;;;;novostroev.ru/novostroyki/moskva/zao/dorogomilovo/, coords approx
У Поклонной горы;ГК Самолёт;бизнес;не заявлен;;;ЗАО;Дорогомилово;;55.73987;37.53653;адрес;квартиры;;;анонс;;;;;;novostroev.ru/novostroyki/moskva/zao/dorogomilovo/
Поклонная 7;Спецстрой-1;премиум;бизнес (апартаменты) / премиум;да;;ЗАО;Дорогомилово;ул. Поклонная, 7;55.73515;37.52719;адрес;апартаменты;;;строится;2 кв. 2026;465300;;;;novostroev.ru/novostroyki/moskva/zao/dorogomilovo/, coords approx
Остров;Донстрой;премиум;бизнес / бизнес и премиум;да;;СЗАО;Хорошёво-Мнёвники;ул. Нижние Мнёвники, уч. 37Б;55.75327;37.45489;адрес;квартиры;12000;556;строится;2 кв. 2029;581000;да;да;https://donstroy.moscow/objects/ostrov/;mskguru.ru/novostroyki/4633-zhk-ostrov, novostroev.ru/novostroyki/moskva/szao/khoroshyevo-mnyevniki/ostrov/, coords approx
Сидней Сити (Sydney City);ГК ФСК;премиум;бизнес (mskguru), премиум (novostroev) / премиум;да;;СЗАО;Хорошёво-Мнёвники;ул. Шеногина, 2;55.76473;37.50994;адрес;квартиры;6500;;строится;3 кв. 2027;461000;да;да;;mskguru.ru/novostroyki/1373-zhk-viewpolis, novostroev.ru/novostroyki/moskva/szao/khoroshyevo-mnyevniki/sydney-city-sidney-siti/, coords approx
Sydney Prime;ГК ФСК;премиум;премиум;;;СЗАО;Хорошёво-Мнёвники;ул. Шеногина, 2;55.76410;37.50511;адрес;квартиры;127;259;строится;3 кв. 2027;1000000;;;;novostroev.ru/novostroyki/moskva/szao/khoroshyevo-mnyevniki/sydney-prime/, coords approx
MYPRIORITY Мнёвники;ГК Гранель;бизнес;бизнес;;;СЗАО;Хорошёво-Мнёвники;ул. Народного Ополчения, 34;55.77800;37.47600;квартал (каталог);квартиры;1899;675;строится;4 кв. 2028 (к.1), 4 кв. 2029 (к.2);479200;;;;novostroev.ru/novostroyki/moskva/szao/khoroshyevo-mnyevniki/mypriority-mnevniki/, coords approx
Эмоушен;ГК Основа;бизнес;бизнес;;;СЗАО;Хорошёво-Мнёвники;2-й Силикатный проезд, 8;55.76858;37.50687;адрес;апартаменты;551;380;строится;2 кв. 2027;395000;да;да;;novostroev.ru/novostroyki/moskva/szao/khoroshyevo-mnyevniki/emotion/, coords approx
Квартал Серебряный Бор;St Michael;бизнес;бизнес;;;СЗАО;Хорошёво-Мнёвники;ул. Берзарина, 37;55.78907;37.47195;адрес;квартиры;504;110;старт продаж;2 кв. 2027;595100;;;;novostroev.ru/novostroyki/moskva/szao/khoroshyevo-mnyevniki/kvartal-serebryanyy-bor/, coords approx
Crystal Трилогия;Концерн КРОСТ;бизнес;бизнес;;;СЗАО;Хорошёво-Мнёвники;ул. Генерала Глаголева, 16с1;55.78240;37.46533;адрес;квартиры;978;;строится;3 кв. 2025;441300;;;;novostroev.ru/novostroyki/moskva/szao/khoroshyevo-mnyevniki/crystal-kristall/, coords approx
Вереск;ГК Самолёт;бизнес;бизнес;;;СЗАО;Хорошёво-Мнёвники;3-я Хорошевская, 19к3с2;55.78475;37.49814;адрес;апартаменты;;;сдан, есть остатки;сдан;352400;;;;novostroev.ru/novostroyki/moskva/szao/khoroshyevo-mnyevniki/v-khoroshyevo-mnyevnikakh/, coords approx
JOIS;MR Group;премиум;премиум (novostroev), позиционируется в верхнем бизнесе / премиум;да;;СЗАО;Хорошёво-Мнёвники;3-й Силикатный проезд, 10;55.77170;37.50588;адрес;квартиры;1306;235;строится;4 кв. 2027;492200;да;да;;novostroev.ru/novostroyki/moskva/szao/khoroshyevo-mnyevniki/jois-dzhoys/, класс спорный, coords approx
Сезар Силика;Sezar Group;премиум;бизнес (novostroev, фильтр), премиум (карточка);да;;СЗАО;Хорошёво-Мнёвники;3-й Силикатный проезд, 3;55.76952;37.49831;адрес;квартиры;666;;старт продаж;1 кв. 2030;452700;;;;novostroev.ru/novostroyki/moskva/szao/khoroshyevo-mnyevniki/sezar-silica/, класс спорный, coords approx
Высотка на Жукова (Демьяна Бедного, 24);Концерн КРОСТ;премиум;премиум / премиум;да;;СЗАО;Хорошёво-Мнёвники;ул. Демьяна Бедного, 24;55.78025;37.48802;адрес;квартиры+апартаменты;346;167;строится;3 кв. 2029;734000;;;;novostroev.ru/novostroyki/moskva/szao/khoroshyevo-mnyevniki/demyana-bednogo-24/, coords approx
МОМЕНТС;Forma (ПИК);бизнес;бизнес;;;СЗАО;Покровское-Стрешнево;3-й Красногорский проезд;55.81385;37.48113;адрес;квартиры;1656;476;строится;1 кв. 2027;539000;да;да;;novostroev.ru/novostroyki/moskva/szao/shchukino/moments/, coords approx
Ракурс;DAR (Дар Девелопмент);бизнес;бизнес;;;СЗАО;Щукино;ул. Маршала Бирюзова, 1;55.80008;37.47684;адрес;квартиры;915;;строится;2 кв. 2026 (к.1), 1 кв. 2028 (к.2-4);457400;;;;novostroev.ru/novostroyki/moskva/szao/shchukino/rakurs-rakurs/, mskguru.ru/novostroyki/5136-zhk-rakurs, coords approx
Интонация;ГК Мангазея;бизнес;бизнес;;;СЗАО;Щукино;ул. Щукинская, 7;55.80759;37.47952;адрес;квартиры;;186;сдан, есть остатки;сдан;507800;;;;novostroev.ru/novostroyki/moskva/szao/shchukino/intonatsiya/, coords approx
Живописная, 27;Struktura Development;бизнес;не заявлен;;;СЗАО;Щукино;ул. Живописная, 27;55.79887;37.45004;адрес;квартиры;;;анонс;;;;;;novostroev.ru/novostroyki/moskva/szao/shchukino/zhivopisnaya-27/, продажи не начаты, coords approx
Строгино 360;ПИК;бизнес;бизнес;;;СЗАО;Строгино;ул. Маршала Прошлякова, 12 / ул. Маршала Воробьева, 12;55.79025;37.39242;адрес;квартиры;436;169;строится;4 кв. 2028 (к.1.1), 2 кв. 2029 (к.1.2);379000;;;;novostroev.ru/novostroyki/moskva/szao/strogino/strogino-360/, coords approx
Сити Бэй (City Bay);MR Group;премиум;бизнес / премиум;да;цена не бьётся с классом;СЗАО;Покровское-Стрешнево;Волоколамское шоссе, 95-97;55.82957;37.40435;адрес;квартиры;;710;строится;2 кв. 2027;344800;да;да;;novostroev.ru/novostroyki/moskva/szao/pokrovskoe-streshnevo/city-bay/, coords approx
Ситизен (CityZen);MR Group;бизнес;бизнес;;;СЗАО;Покровское-Стрешнево;ул. Вишневая;55.81800;37.45500;квартал (каталог);квартиры;1574;594;старт продаж;3 кв. 2027;410900;;;;novostroev.ru/novostroyki/moskva/szao/pokrovskoe-streshnevo/cityzen/, coords approx
АЛИА;Asterus;премиум;бизнес / премиум;да;;СЗАО;Покровское-Стрешнево;ул. Лётная, 95Б;55.82347;37.41579;адрес;квартиры;;;строится;2 кв. 2028;501700;да;да;;novostroev.ru/novostroyki/moskva/szao/pokrovskoe-streshnevo/alia/, coords approx
Скай Гарден (Sky Garden);ГК ФСК;бизнес;бизнес;;;СЗАО;Покровское-Стрешнево;Строительный проезд, 9;55.83658;37.42190;адрес;квартиры;2975;798;строится;3 кв. 2025 (к.1), 2 кв. 2027 (к.2-3);350200;;;;novostroev.ru/novostroyki/moskva/szao/pokrovskoe-streshnevo/sky-garden/, coords approx
Level Стрешнево;Level Group;бизнес;бизнес;;;СЗАО;Покровское-Стрешнево;Волоколамское шоссе, 81;55.82655;37.41524;адрес;квартиры;747;970;сдан, есть остатки;сдан;273800;;;;novostroev.ru/novostroyki/moskva/szao/pokrovskoe-streshnevo/level-streshnevo/, coords approx
U2 (ЮТУ);ГК ТОЧНО;бизнес;бизнес;;;СЗАО;Южное Тушино;ул. Лодочная, 27;55.83692;37.46239;адрес;квартиры;996;198;строится;1 кв. 2028;422700;;;;novostroev.ru/novostroyki/moskva/szao/yuzhnoe-tushino/u2/, coords approx
Level Свободы;Level Group;бизнес;не заявлен;;;СЗАО;Северное Тушино;ул. Свободы, 35;55.84124;37.45252;адрес;квартиры;;;анонс;;;;;;novostroev.ru/novostroyki/moskva/szao/severnoe-tushino/, продажи не начаты, coords approx
Level Причальный;Level Group;премиум;премиум (novostroev), в фильтре бизнес;да;;СЗАО;Хорошёво-Мнёвники;Причальный проезд;55.76065;37.51797;адрес;квартиры;;;сдан, есть остатки;сдан;656800;;;;novostroev.ru/novostroyki/moskva/szao/khoroshyevo-mnyevniki/level-prichalnyy/, класс спорный, coords approx
ЗИЛАРТ;Группа ЛСР;бизнес;бизнес;;;ЮАО;Даниловский;ул. Автозаводская, вл. 23;55.69692;37.65748;адрес;квартиры;;12500;строится;4 кв. 2027;596000;;;;mskguru.ru/novostroyki/795-zhk-zilart | novostroev.ru/novostroyki/moskva/uao/biznes-class/ | irn.ru/novostroyki/moskva/danilovskijj/ (координаты approx)
МАРК;Группа ЛСР;бизнес;бизнес;;;ЮАО;Даниловский;ул. Автозаводская (ЗИЛ);55.70259;37.63062;адрес;квартиры;844;211;строится;2 кв. 2028;564000;;;;mskguru.ru/novostroyki/5202-zhk-mark | novostroev.ru/novostroyki/moskva/uao/biznes-class/ (координаты approx)
Shagal (Шагал);Группа Эталон;бизнес;бизнес (mskguru) / комфорт (novostroev);да;;ЮАО;Даниловский;наб. Марка Шагала (ЗИЛ-Юг);55.69988;37.63060;адрес;квартиры;;;строится;4 кв. 2026 - 2028;555000;;;;mskguru.ru/novostroyki/1371-zhk-zil-jug | novostroev.ru/novostroyki/moskva/uao/biznes-class/
Нагатино Ай-Лэнд;Группа Эталон;бизнес;бизнес;;;ЮАО;Даниловский;ул. Автозаводская, 23/184;55.69692;37.65748;адрес;квартиры;;1500;строится;2 кв. 2027;425100;;;;mskguru.ru/novostroyki/1262-zhk-central-park-tsentral-park | novostroev.ru/novostroyki/moskva/uao/biznes-class/ (координаты approx)
А22;Консоль;бизнес;бизнес;;;ЮАО;Даниловский;ул. Автозаводская, 22;55.70556;37.63540;адрес;квартиры;907;276;строится;4 кв. 2028;451700;;;;mskguru.ru/novostroyki/5167-zhk-a22 | novostroev.ru/novostroyki/moskva/uao/biznes-class/
Level Павелецкая Сити;Level Group / MR Group;бизнес;бизнес;;;ЮАО;Даниловский;ул. Дубининская, 59-69;55.71911;37.63480;адрес;квартиры;3252;1411;строится;4 кв. 2027;537900;;;;mskguru.ru/novostroyki/1436-zhk-dubininskaja-59-69 | novostroev.ru/novostroyki/moskva/uao/biznes-class/
АУРА (Мангазея на Тульской);ООО Мангазея;премиум;бизнес / премиум;да;;ЮАО;Даниловский;Тульская эстакада;55.70447;37.61773;адрес;квартиры;916;563;строится;2028;609000;да;да;;mskguru.ru/novostroyki/5084-zhk-mangazeya-na-tulyskojj | irn.ru/novostroyki/moskva/danilovskijj/
Инсайдер (Insider);РКС Девелопмент;бизнес;бизнес;;;ЮАО;Даниловский;ул. Автозаводская, 24;55.70554;37.63403;адрес;апартаменты;909;228;строится;3 кв. 2026;433000;;;;mskguru.ru/novostroyki/4889-apartamentyy-insajjder | novostroev.ru/novostroyki/moskva/uao/biznes-class/
ПЕЙВ (PAVE);Forma;премиум;бизнес (mskguru) / премиум (novostroev);да;;ЮАО;Даниловский;2-й Павелецкий пр-д, 4/6;55.71335;37.64327;адрес;квартиры;848;504;строится;4 кв. 2028;532800;;;;mskguru.ru/novostroyki/5150-zhk-pave | novostroev.ru/novostroyki/moskva/uao/biznes-class/
THE LOT by Akvilon;Группа Аквилон;премиум;бизнес (mskguru) / премиум (novostroev);да;;ЮАО;Даниловский;Жуков проезд;55.72284;37.63940;адрес;квартиры;516;69;строится;3 кв. 2029;586500;да;да;;mskguru.ru/novostroyki/5217-zhk-the-lot-by-akvilon | novostroev.ru/novostroyki/moskva/uao/biznes-class/
Five Towers;СЗ 5 Донской;элитный;бизнес (novostroev) / элит (mskguru) / премиум;да;цена не бьётся с классом;ЮАО;Донской;5-й Донской пр-д, 21;55.70083;37.59384;адрес;квартиры;596;188;строится;3 кв. 2026;558000;да;да;;mskguru.ru/novostroyki/1016-zhk-neskuchnyj-home-spa | novostroev.ru/novostroyki/moskva/start-prodazh/
LIFE-Варшавская;ГК Пионер;бизнес;бизнес;;;ЮАО;Москворечье-Сабурово;1-й Котляковский пер., 2А;55.65391;37.63388;адрес;квартиры;;2095;строится;4 кв. 2026;472900;;;;mskguru.ru/novostroyki/1217-zhk-life-varshavskaja-lajf-varshavskaja | novostroev.ru/novostroyki/moskva/uao/biznes-class/
Ривер Парк;МССЗ / AEON;бизнес;бизнес;;;ЮАО;Нагатинский Затон;ул. Речников;55.68171;37.69386;адрес;квартиры;;2500;строится;2026;328000;;;;mskguru.ru/novostroyki/654-river-park (координаты approx)
TopHILLS;Ingrad;бизнес;бизнес;;;ЮАО;Нагорный;ул. Ремизова;55.67713;37.59880;адрес;квартиры;1208;;сдан, есть остатки;сдан;441200;;;;mskguru.ru/novostroyki/1424-zhk-highland | novostroev.ru/novostroyki/moskva/uao/biznes-class/
Twelve (Твелв);TEKTA GROUP;бизнес;бизнес;;;ЮАО;Нагорный;Электролитный пр-д, 12;55.67329;37.61886;адрес;квартиры;934;372;сдан, есть остатки;сдан;441600;;;;mskguru.ru/novostroyki/4971-zhk-twelve | novostroev.ru/novostroyki/moskva/uao/biznes-class/
Rotterdam;ГК ФСК;бизнес;бизнес;;;ЮАО;Нагатино-Садовники;Варшавское ш., 37а/1;55.68730;37.62589;адрес;квартиры;803;286;сдан, есть остатки;сдан;437000;;;;mskguru.ru/novostroyki/4826-zhk-rotterdam | novostroev.ru/novostroyki/moskva/uao/biznes-class/
WOW;Страна Девелопмент;бизнес;бизнес;;;ЮАО;Даниловский;пр-т Андропова, 23;55.67831;37.66501;адрес;квартиры;668;399;сдан, есть остатки;сдан;474600;;;;mskguru.ru/novostroyki/4854-zhk-andropova-23 | novostroev.ru/novostroyki/moskva/uao/biznes-class/ (координаты approx)
Символ;Донстрой;бизнес;бизнес;;;ЮВАО;Лефортово;ул. Золоторожский Вал, 11;55.75166;37.68688;адрес;квартиры;4000;10000;строится;2 кв. 2029;502000;;;https://simvol-kvartal.ru/;mskguru.ru/novostroyki/775-zhk-simvol | novostroev.ru/novostroyki/moskva/uvao/lefortovo/simvol/
баланс (balance);Главстрой;бизнес;бизнес;;;ЮВАО;Рязанский;Рязанский пр-т, вл. 26;55.71908;37.76800;адрес;квартиры;3905;799;строится;1 кв. 2027;341000;;;;mskguru.ru/novostroyki/1218-zhk-balans | novostroy-m.ru/baza/jk_balans
ПОРТЛЕНД (Portland);Forma;премиум;бизнес (mskguru) / премиум (novostroev);да;;ЮВАО;Печатники;ул. Южнопортовая, 42;55.69253;37.71464;адрес;квартиры;1554;174;строится;1 кв. 2028;437000;;;;mskguru.ru/novostroyki/4907-zhk-portland | novostroev.ru/novostroyki/moskva/uvao/biznes-class/ (parking: только наземные)
УЛЬТИМА Сити (Ultima City);ГК КОРТРОС;бизнес;бизнес;;;ЮВАО;Печатники;ул. Южнопортовая, 23;55.69494;37.71502;адрес;квартиры;1079;490;строится;3 кв. 2028;361400;;;;mskguru.ru/novostroyki/5182-zhk-narvin | novostroev.ru/novostroyki/moskva/uvao/pechatniki/ultimasity/
Адмирал;Галс Девелопмент;премиум;бизнес (novostroev) / премиум;да;;ЮВАО;Печатники;ул. Шоссейная (Южный порт);55.67464;37.72253;адрес;квартиры;4715;1955;строится;3 кв. 2028;505000;;;;novostroev.ru/novostroyki/moskva/uvao/pechatniki/admiral/
Графика на воде (Квартал на воде);ГК Самолёт;бизнес;бизнес (mskguru) / комфорт (novostroev);да;;ЮВАО;Печатники;ул. Шоссейная, вл. 90;55.66686;37.70462;адрес;квартиры;;;строится;4 кв. 2028;314300;;;;mskguru.ru/novostroyki/4940-zhk-grafika-na-vode | novostroev.ru/novostroyki/moskva/uvao/biznes-class/
Дубровка от Гранель (MYPRIORITY Dubrovka);ГК Гранель;бизнес;бизнес;;;ЮВАО;Южнопортовый;ул. Шарикоподшипниковская, 11;55.71958;37.67613;адрес;квартиры;932;211;строится;3 кв. 2028;410300;;;;mskguru.ru/novostroyki/4705-zhk-mypriority-dubrovka | novostroev.ru/novostroyki/moskva/uvao/biznes-class/
Нижегородская от Гранель (MYPRIORITY Нижегородская);ГК Гранель;бизнес;бизнес;;;ЮВАО;Нижегородский;ул. Газгольдерная, вл. 10А;55.72714;37.73593;адрес;квартиры;874;304;строится;3 кв. 2028;410900;;;;mskguru.ru/novostroyki/5197-zhk-mypriority-nizhegorodskaya | novostroev.ru/novostroyki/moskva/uvao/biznes-class/
Аквилон BESIDE 2.0;Группа Аквилон;бизнес;бизнес;;;ЮВАО;Нижегородский;Рязанский пр-т, 2;55.71385;37.80340;адрес (расходится с каталогом >3 км — проверить);квартиры;1106;216;строится;2 кв. 2027;369900;;;;mskguru.ru/novostroyki/5097-zhk-akvilon-beside-2 | novostroev.ru/novostroyki/moskva/uvao/biznes-class/
Voice (Войс);3S Group;бизнес;бизнес;;;ЮВАО;Текстильщики;1-й Грайвороновский пер.;55.72000;37.72800;квартал (каталог);квартиры;1075;308;строится;4 кв. 2027;326300;;;;mskguru.ru/novostroyki/5099-zhk-voice | novostroev.ru/novostroyki/moskva/uvao/biznes-class/ (координаты approx)
Симоновский вал;ГК ФСК;бизнес;бизнес (novostroev-карточка) / люкс (каталог);;;ЮВАО;Южнопортовый;ул. Новоостаповская, вл. 6а;55.71815;37.66798;адрес;квартиры;260;249;старт продаж;2 кв. 2030;455300;;;;novostroev.ru/novostroyki/moskva/uvao/yuzhnoportovyy-rayon/simonovskiy-val/
Метрополия;MR Group;бизнес;бизнес;;;ЮВАО;Южнопортовый;Волгоградский пр-т, 32;55.72193;37.69515;адрес;квартиры;3544;1888;сдан, есть остатки;сдан;460000;;;;mskguru.ru/novostroyki/1244-zhk-metropolija | novostroev.ru/novostroyki/moskva/uvao/biznes-class/ (координаты approx)
Champine;Touch Development;бизнес;бизнес;;;ЮВАО;Южнопортовый;ул. Сосинская, 43;55.72605;37.67935;адрес;квартиры;244;169;сдан, есть остатки;сдан;443600;;;;mskguru.ru/novostroyki/4920-zhk-champine | novostroev.ru/novostroyki/moskva/uvao/biznes-class/
СТОУН Грэйн (STONE Grain);Stone;бизнес;бизнес+;;;ЮЗАО;Обручевский;Старокалужское ш., 64с1;55.66072;37.53435;адрес;квартиры;618;270;строится;4 кв. 2028;538200;да;да;https://stone.ru/residential/grain;stone.ru/residential/grain | novostroev.ru/novostroyki/moskva/uzao/obruchevskiy/stone-grain/
ТАТУМ (Обручева 27);Forma;бизнес;бизнес;;;ЮЗАО;Обручевский;ул. Обручева, 27;55.65693;37.53605;адрес;квартиры;796;397;старт продаж;1 кв. 2029;499400;;;;novostroev.ru/novostroyki/moskva/uzao/obruchevskiy/obrucheva-27/ | metrium.ru/news/detail/itogi-i-kvartala-2026-goda-na-pervichnom-rynke-biznesklassa-moskvy/
Обручева 30;Группа ЛСР;бизнес;бизнес;;;ЮЗАО;Коньково;ул. Обручева, 30;55.65618;37.52859;адрес;квартиры;1805;542;строится;4 кв. 2026;450900;;;;mskguru.ru/novostroyki/5040-zhk-obrucheva-30 | novostroev.ru/novostroyki/moskva/uzao/biznes-class/
Наметкин Тауэр;ГК Основа;бизнес;бизнес;;;ЮЗАО;Черёмушки;ул. Наметкина, 10с6;55.66211;37.55319;адрес;апартаменты;2071;670;строится;2 кв. 2026;322000;;;;mskguru.ru/novostroyki/1392-zhk-nametkina-10 | novostroev.ru/novostroyki/moskva/uzao/biznes-class/
Новые Академики;Главстрой Москва;элитный;премиум (novostroev) / элит (mskguru) / премиум;да;цена не бьётся с классом;ЮЗАО;Котловка;ул. Кржижановского, 31;55.67347;37.57929;адрес;квартиры;784;475;строится;4 кв. 2027;419800;;;;mskguru.ru/novostroyki/4995-zhk-novyye-akademiki | novostroev.ru/novostroyki/moskva/uzao/start-prodazh/
Level Академическая;Level Group;премиум;бизнес (mskguru) / премиум (novostroev);да;;ЮЗАО;Академический;ул. Профсоюзная, 2/22;55.68748;37.57226;адрес (OSM, уточнено 21.09);квартиры;295;83;сдан, есть остатки;сдан;533600;;;;mskguru.ru/novostroyki/4908-zhk-level-akademicheskaya | novostroev.ru/novostroyki/moskva/uzao/biznes-class/
СТОУН Сокольники (STONE Sokolniki);Stone;бизнес;бизнес+;;;ВАО;Сокольники;ул. Гастелло;55.78342;37.69628;адрес;квартиры;763;398;строится;4 кв. 2027;516000;;;https://stone.ru/residential/sokolniki;mskguru.ru/novostroyki/5224-zhk-stone-sokolniki | novostroev.ru/novostroyki/moskva/vao/biznes-class/
Солос (Solos);Dar Development;бизнес;бизнес;;;ВАО;Сокольники;ул. Сокольнический Вал, вл. 2А;55.79315;37.65560;адрес;квартиры;1243;457;строится;1 кв. 2029;401800;да;да;;mskguru.ru/novostroyki/5180-zhk-solos | novostroev.ru/novostroyki/moskva/vao/biznes-class/
КОД Сокольники;СЗ Сокольники (Новая эра);бизнес;бизнес;;;ВАО;Сокольники;ул. Шумкина;55.78723;37.67084;адрес;квартиры;807;328;строится;4 кв. 2029;521800;да;да;;mskguru.ru/novostroyki/5221-zhk-kod-sokolyniki | novostroev.ru/novostroyki/moskva/vao/biznes-class/ (координаты approx)
ЭВОПАРК Сокольники (EVOPARK);ГК Основа;бизнес;бизнес;;;ВАО;Преображенское;Потешная ул.;55.79915;37.70327;адрес;апартаменты;555;106;строится;2 кв. 2026;351000;;;;mskguru.ru/novostroyki/5143-apartamentyy-evopark-sokolyniki | novostroev.ru/novostroyki/moskva/vao/biznes-class/ (координаты approx)
Преображенская площадь;Regions Development;элитный;бизнес / премиум (Метриум), элит (kvadroom);да;цена не бьётся с классом;ВАО;Преображенское;1-я ул. Бухвостова, 12/11;55.79813;37.71371;адрес;квартиры;603;384;строится;2 кв. 2027;422400;;;;mskguru.ru/novostroyki/4864-zhk-preobrazhenskaya-ploshhady | novostroev.ru/novostroyki/moskva/vao/biznes-class/
Зиккурат Преображенский;Ziggurat Development;бизнес;бизнес;;;ВАО;Преображенское;ул. Большая Черкизовская, 4;55.79583;37.71792;адрес;квартиры;88;34;старт продаж;3 кв. 2028;;;;;novostroev.ru/novostroyki/moskva/vao/preobrazhenskoe/bolshaya-cherkizovskaya-4/
Sokolinn Park;Группа Эталон;бизнес;бизнес;;;ВАО;Богородское;3-я Гражданская ул., вл. 1;55.81398;37.70414;адрес;квартиры;211;67;строится;2 кв. 2028;415900;;;;novostroev.ru/novostroyki/moskva/vao/bogorodskoe/grazhdanskaya/ | mskguru.ru/novostroyki/5130-sokolinn-park
Назаре;ООО Мангазея;бизнес;бизнес;;;ВАО;Богородское;Открытое ш., 9;55.81606;37.73633;адрес;квартиры;1833;747;строится;2 кв. 2028;481000;;;;mskguru.ru/novostroyki/5035-mangazeya-v-bogorodskom | novostroev.ru/novostroyki/moskva/vao/biznes-class/
Лосиноостровский парк;ПИК;бизнес;бизнес;;;ВАО;Метрогородок;Открытое ш., 18;55.81678;37.74402;адрес;квартиры;2491;;строится;2028;350000;;;;mskguru.ru/novostroyki/4780-zhk-otkryytoe-18 | mskguru.ru/rayon/vao
УНО. Соколиная гора (UNO);ГК Основа;бизнес;бизнес;;;ВАО;Соколиная Гора;8-я ул. Соколиной Горы, вл. 26а;55.76925;37.74216;адрес;квартиры;642;129;строится;2 кв. 2027;435000;;;;mskguru.ru/novostroyki/5149-zhk-uno-sokolinaya-gora | novostroev.ru/novostroyki/moskva/vao/biznes-class/
ЭВОПАРК Измайлово (EVOPARK);ГК Основа;бизнес;бизнес;;;ВАО;Перово;Электродная ул.;55.75213;37.75304;адрес;апартаменты;289;49;строится;3 кв. 2026;329400;;;;mskguru.ru/novostroyki/5123-apartamentyy-evopark-izmajjlovo | novostroev.ru/novostroyki/moskva/vao/biznes-class/ (координаты approx)
Плеханова, 11;ПИК;бизнес;бизнес;;;ВАО;Перово;ул. Плеханова, 11;55.75205;37.76766;адрес;квартиры;1509;256;строится;3 кв. 2026;400000;;;;mskguru.ru/novostroyki/4495-zhk-plekhanova-11- | novostroev.ru/novostroyki/moskva/vao/biznes-class/
2-й Иртышский;ПИК;бизнес;бизнес;;;ВАО;Гольяново;2-й Иртышский пр-д;55.81154;37.75920;адрес;квартиры;693;166;строится;3 кв. 2028;279500;;;;mskguru.ru/novostroyki/5077-zhk-2jj-irtyyshevskijj | novostroev.ru/novostroyki/moskva/vao/biznes-class/
Примавера (Primavera);СЗ Стадион Спартак;премиум;премиум;;;СЗАО;Покровское-Стрешнево;квартал Россини, Волоколамское шоссе;55.82410;37.42148;адрес;квартиры;;;строится, есть сданные;2028;644500;;;;kvadroom.ru, realty.vbr.ru, coords approx
Дрим Рива (Dream Riva);Regions Development;элитный;премиум (Метриум), элит (kvadroom);да;цена не бьётся с классом;ЮАО;Нагатинский Затон;Проектируемый проезд № 4062;55.75990;37.46951;адрес (расходится с каталогом >3 км — проверить);квартиры;790;363;строится;4 кв. 2027;565600;;;;novostroev.ru, kvadroom.ru, Метриум, coords approx
Союз;Группа Родина;премиум;премиум;;;СВАО;Ростокино;ул. Сельскохозяйственная;55.85178;37.62519;адрес;квартиры;133;;строится, есть сданные;2026;605200;да;да;;kvadroom.ru, Метриум, coords approx
Начало;Донстрой;премиум;премиум;;;ЦАО;Пресненский;ул. Сергея Макеева, 7;55.75915;37.54877;адрес;квартиры;962;897;строится;2030;925200;;;;kvadroom.ru, cian.ru, coords approx
Тейт (Tate);ГК КОРТРОС;премиум;премиум;;;СВАО;Марьина Роща;ул. Веткина, вл. 2;55.80457;37.62083;адрес;квартиры;1104;545;строится;2027;513700;да;да;;kvadroom.ru, coords approx
Хай Лайф (High Life);ГК Пионер;премиум;премиум;;;ЮАО;Даниловский;Летниковская ул., 11к1;55.72624;37.64499;адрес;квартиры;;;строится, есть сданные;2027;656000;да;да;;kvadroom.ru, realty.vbr.ru, coords approx
Крылатская 33;СЗ Сияние;премиум;премиум;;;ЗАО;Крылатское;ул. Крылатская, з/у 33/1;55.76980;37.40748;адрес;квартиры;755;271;строится;2027;580000;;;33krilatskaya.ru;kvadroom.ru, Метриум, coords approx
Коллекция Лужники (Luzhniki Collection);Абсолют Премиум;элитный;премиум / элитный;да;;ЦАО;Хамовники;Новолужнецкий проезд;55.71800;37.55900;квартал (каталог);квартиры+апартаменты;;;строится;2027;1412100;;;;kvadroom.ru, novostroev.ru, coords approx
Родина Парк;Группа Родина;премиум;премиум;;;ЗАО;Можайский;ул. Толбухина;55.72298;37.39718;адрес;квартиры;;;строится, есть сданные;2028;651600;;;;kvadroom.ru, novostroev.ru, coords approx
Дом 56;Галс-Девелопмент;премиум;премиум;;;ЦАО;Басманный;ул. Фридриха Энгельса, 56;55.77223;37.68244;адрес;квартиры;510;209;строится;2026;647500;;;;kvadroom.ru, coords approx
Мира;MR Group;премиум;премиум;;;СВАО;Алексеевский;проспект Мира;55.80825;37.63502;адрес;квартиры;762;;строится;2027;636900;;;;kvadroom.ru, coords approx
Дом 7 Даниловский;COLDY;премиум;премиум;;;ЮАО;Даниловский;район метро Тульская;55.70866;37.62209;адрес;квартиры;207;;строится;2027;957000;5;да;;kvadroom.ru
Д'оро Миле (D'oro Mille);Элита-Эко / ГК Имена;элитный;премиум / элитный;да;;ЗАО;Дорогомилово;1-й Можайский тупик;55.74410;37.55747;адрес;апартаменты;156;;строится;2026;1050000;6;да;;kvadroom.ru, anwin.ru, coords approx
Дом Дау;ГК Сумма элементов;премиум;премиум;;;ЦАО;Пресненский;1-й Красногвардейский проезд, Москва-Сити;55.74976;37.53385;адрес;квартиры;;;строится;2027;922500;;;;kvadroom.ru, coords approx
Мастерс (Masters);Capital Group;премиум;премиум;;;САО;Хорошёвский;ул. Викторенко, 16;55.79527;37.52304;адрес;квартиры;672;363;строится, новый старт 2026;2029;582100;;;;kvadroom.ru, Метриум, coords approx
Серебряный Бор (квартал);ST Michael;премиум;премиум;;;СЗАО;Хорошёво-Мнёвники;ул. Берзарина, 37;55.78907;37.47195;адрес;квартиры;;;строится;2027;727700;да;да;;kvadroom.ru, realty.vbr.ru, coords approx
Хайдаут (Hideout);Dominanta;премиум;премиум;;;ЗАО;Раменки;3-й Сетуньский проезд;55.73213;37.53418;адрес;квартиры;665;557;строится;2 кв. 2028;690000;да;да;;kvadroom.ru, coords approx
Фантом (Phantom);Sense Development;элитный;премиум / элитный;да;;ЦАО;Мещанский;район метро Сухаревская;55.77141;37.63720;адрес;квартиры;105;;строится;2027;1650000;;;;kvadroom.ru, coords approx
Ривер Парк Кутузовский (River Park Towers);Аеон Девелопмент;премиум;премиум;;;ЗАО;Дорогомилово;первая линия набережной Москвы-реки, метро Фили;55.75586;37.50902;адрес;квартиры;;1134;строится;2027;800000;;;;kvadroom.ru, realty.vbr.ru, coords approx
Лайф Тайм (Life Time);Sminex;премиум;премиум;;;ЦАО;Пресненский;ул. Сергея Макеева;55.76160;37.54914;адрес;квартиры;218;;строится;2026;1090400;да;да;;kvadroom.ru, realty.vbr.ru, coords approx
Прайм Парк (Prime Park);Optima Development;премиум;премиум;;;САО;Хорошёвский;Ленинградский проспект, вл. 37;55.79152;37.54597;адрес;квартиры;;;строится, есть сданные;2027;710000;;;;kvadroom.ru, novostroev.ru, coords approx
Веспер Кутузовский (Vesper Кутузовский);Vesper;премиум;премиум;;;ЗАО;Дорогомилово;Кутузовский проспект;55.74187;37.52966;адрес;квартиры;82;;строится;2028;1403000;;;;kvadroom.ru, realty.vbr.ru, coords approx
Виктори Парк Резиденсез (Victory Park Residences);ANT Development;премиум;премиум;;;ЗАО;Дорогомилово;район Поклонной горы;55.73752;37.51845;адрес;квартиры;482;712;сдан, есть остатки;сдан;1611900;27;да;;kvadroom.ru, coords approx
Wellton Spa Residence;Концерн КРОСТ;премиум;премиум;;;СЗАО;Хорошёво-Мнёвники;ул. Маршала Жукова;55.77700;37.46700;квартал (каталог);апартаменты;62;;сдан, есть остатки;2023;900000;;;;kvadroom.ru, Метриум, coords approx
Дом Горизонтов;Touch;премиум;премиум;;;ЗАО;Крылатское;Осенний бульвар;55.75928;37.40921;адрес;квартиры;142;;строится;2027;673500;да;да;;kvadroom.ru, realty.vbr.ru, coords approx
Ahead (Эхэд);Vos'hod;премиум;премиум;;;ЗАО;Филёвский Парк;район метро Филёвский парк;55.76406;37.48740;адрес;апартаменты;62;;строится;2026;667000;да;да;;kvadroom.ru, coords approx
Форум (Forum);MR Group;премиум;премиум;;;ЦАО;Мещанский;Садовая-Сухаревская ул., вл. 14;55.77301;37.62740;адрес;квартиры;46;77;строится;2026;1910000;2;да;;kvadroom.ru, coords approx
Дом Франка;Трансстройинвест;премиум;премиум;;;ЦАО;Мещанский;Мещанский переулок;55.79371;37.63630;адрес;квартиры;147;;строится;2026;1581900;да;да;;kvadroom.ru, coords approx
Слава (Slava);MR Group;элитный;премиум (Метриум), элит (kvadroom);да;;САО;Беговой;Ленинградский проспект, вл. 8;55.78662;37.55950;адрес;квартиры;;;строится;2027;838900;;;;kvadroom.ru, realty.vbr.ru, coords approx
Бадаевский;Capital Group;элитный;премиум/элит / элитный;да;;ЗАО;Дорогомилово;Кутузовский проспект, 12;55.74889;37.55715;адрес;квартиры;871;;строится;2027;1406000;;;https://capitalgroup.ru;kvadroom.ru, realty.vbr.ru, coords approx
Эра (Era);ТЕКТА ГРУПП;элитный;премиум (Метриум), элит (kvadroom);да;цена не бьётся с классом;ЮАО;Даниловский;Дербеневская набережная;55.72227;37.65143;адрес;квартиры;;;строится, есть сданные;2026-2029;545200;;;;kvadroom.ru, Метриум, anwin.ru, coords approx
Шифт (SHIFT);ГК Пионер;элитный;премиум/элит;да;;ЮАО;Донской;2-й Донской проезд, 10;55.71137;37.59165;адрес;квартиры;;;строится;2028;835300;;;;kvadroom.ru, realty.vbr.ru, coords approx
Тишинский бульвар;Sminex;элитный;премиум/элит / элитный;да;;ЦАО;Пресненский;Электрический переулок, Тишинский бульвар;55.77230;37.57596;адрес;квартиры;220;;строится;2027-2028;1240800;да;да;https://www.sminex.com;kvadroom.ru, novostroev.ru, coords approx
Муза (MUSE);ГК Мангазея;элитный;премиум/элит, новый старт 2026;да;;САО;Аэропорт;Красноармейская ул., 11;55.79900;37.55500;квартал (каталог);квартиры+апартаменты;309;149;строится;2029;857700;да;да;;kvadroom.ru, cian.ru, Метриум, coords approx
Николь (Nicole);MR Group;делюкс;премиум/элит / делюкс;да;;ЦАО;Тверской;район метро Площадь Революции;55.75557;37.62349;адрес;квартиры;;316;строится;2027-2028;2325000;;;https://mr-group.ru;kvadroom.ru, novostroev.ru, coords approx
Космо 4/22;Галс-Девелопмент;делюкс;делюкс / делюкс;да;;ЦАО;Замоскворечье;Космодамианская набережная, 4/22;55.74421;37.63966;адрес;апартаменты;92;;сдан, есть остатки;сдан;1415600;11;да;https://hals-development.ru;kvadroom.ru, coords approx
Артель;Stenoy;премиум;премиум;;;ВАО;Преображенское;Электрозаводская ул.;55.78761;37.70547;адрес;квартиры;;58;строится;2027;610500;;;;kvadroom.ru, coords approx
Река (клубный дом);Донстрой;элитный;премиум/элит;да;;ЗАО;Раменки;район метро Мичуринский проспект;55.69627;37.50461;адрес;квартиры;;;строится, есть сданные;2029;842000;да;да;;kvadroom.ru, coords approx
Спрингс (Springs);UNIQ Development;элитный;премиум/элит;да;цена не бьётся с классом;ЗАО;Фили-Давыдково;;55.73081;37.45908;адрес;квартиры;;;строится;2027;672600;;;;kvadroom.ru
Достижение;Sminex;премиум;премиум;;;СВАО;Марфино;;55.84627;37.58393;адрес;квартиры;;;сдан, есть остатки;сдан;640400;;;;novostroev.ru
26 Парквью;MR Group;премиум;премиум;;;САО;Тимирязевский;ул. Тимирязевская;55.81926;37.56231;адрес;квартиры;;;строится;2029;770000;;;;novostroev.ru, anwin.ru
Демидов 26;Оникс-Девелопмент;премиум;премиум;;;ЦАО;Басманный;;55.76943;37.65707;адрес;квартиры;;;строится;2028;;;;;novostroev.ru
Кинг энд Санс (King & Sons);October Group;элитный;премиум/элит;да;;ЗАО;Раменки;Мосфильмовская ул., 31А;55.71261;37.51212;адрес;квартиры;;;строится;2027;1100000;;;;novostroev.ru, kvadroom.ru
Дом А;Брусника;премиум;премиум;;;ЮАО;Даниловский;Дубининская ул., 59к5;55.71911;37.63480;адрес;квартиры;;;строится;2027;560100;;;;novostroev.ru, cian.ru
Аурус Резиденции;ГК Страна Девелопмент;премиум;премиум, новый старт 2026;;;ЦАО;Пресненский;2-й Красногвардейский проезд;55.75266;37.53448;адрес;квартиры;;;старт продаж;2029;;;;;Метриум, anwin.ru, coords approx
ОНЕ (ONE);MR Group;премиум;премиум, новый старт;;;ЦАО;Пресненский;1-й Красногвардейский проезд, Москва-Сити;55.75050;37.53938;адрес;квартиры;;;строится;2030;;;;;Метриум, anwin.ru, coords approx
Айс Тауэрс (ICE Towers);Град Девелопмент;премиум;премиум;;;ЗАО;Проспект Вернадского;;55.68160;37.51635;адрес;квартиры;;;строится;;;;;;Метриум/mirkvartir.ru
Деко Резиденс;;премиум;премиум;;;ЮАО;Даниловский;;55.71197;37.63186;адрес;апартаменты;;;строится;;;;;;Метриум/mirkvartir.ru
Глоракс Премиум Белорусская;GloraX;премиум;премиум;;;САО;Беговой;;55.78360;37.56021;адрес;апартаменты;;;строится;;;;;;Метриум/finance.mail.ru
Сикрет Гарден;ГК КОРТРОС;премиум;премиум;;;ЮЗАО;Обручевский;;55.65424;37.53941;адрес;квартиры;;;строится;2029;537000;;;;novostroev.ru
Quartier d'Or (Картьер д'Ор);RARITECO;делюкс;премиум / делюкс;да;;ЦАО;Замоскворечье;ул. Большая Татарская, 21;55.74028;37.63286;адрес;квартиры;;;строится;2026;1600000;;;;novostroev.ru
Обыденский №1;Sminex;делюкс;делюкс;;;ЦАО;Хамовники;3-й Обыденский пер., вл. 1, стр. 1;55.74252;37.60409;адрес;квартиры;26;41;сдан, есть остатки;I кв. 2026;2800000;да (348,5-781,6 кв.м);да;https://www.sminex.com;metrium 1H2026 | novostroev.ru | intermark.ru | coords approx
Лаврушинский;Sminex;делюкс;делюкс;;;ЦАО;Якиманка;Большой Толмачёвский пер., 5;55.73973;37.62108;адрес;квартиры;;;сдан, есть остатки;сдан;2300000;да (664,1 кв.м);да;https://www.sminex.com;metrium 1H2026 | novostroev.ru | coords approx
Палашёвский 11;Sminex;делюкс;делюкс;;;ЦАО;Тверской;Большой Палашёвский пер., 11-13;55.76496;37.59964;адрес;квартиры;43;;строится;I кв. 2030;3000000;;;https://www.sminex.com;novostroev.ru | novostroev.ru/articles | coords approx
Ильинка 3/8;Sminex;делюкс;делюкс;;;ЦАО;Тверской;ул. Ильинка, 3/8;55.75455;37.62389;адрес;квартиры;;;сдан, есть остатки;III кв. 2025;2200000;;;https://www.sminex.com;novostroev.ru | coords approx
Рождественка 8;Sminex;делюкс;делюкс;;;ЦАО;Мещанский;ул. Рождественка, 8;55.76622;37.62469;адрес;квартиры;;;строится;IV кв. 2029;4200000;;;https://www.sminex.com;novostroev.ru | coords approx
Фон Дессин (Fon Dessin);Sminex;делюкс;делюкс;;;ЦАО;Басманный;Потаповский пер., 5, стр. 4;55.76172;37.64045;адрес;квартиры;36;;строится;II кв. 2026;2300000;;;https://www.sminex.com;novostroev.ru | intermark.ru | coords approx
Фрунзенский;Sminex;элитный;элитный;;;ЦАО;Хамовники;Фрунзенская наб., 30;55.72506;37.58254;адрес;квартиры;;;строится;III кв. 2027;2000000;;;https://www.sminex.com;novostroev.ru | metrium 1Q2026 | coords approx
Городская усадьба в Орлово-Давыдовском;Sminex;элитный;элитный;;;ЦАО;Мещанский;Орлово-Давыдовский пер., 2;55.78306;37.63937;адрес;квартиры;;;сдан, есть остатки;III кв. 2025;;;;https://www.sminex.com;novostroev.ru | coords approx
Vesper Погодинская;Vesper;делюкс;делюкс;;;ЦАО;Хамовники;ул. Погодинская, вл. 24, стр. 1, 2;55.73072;37.56424;адрес;квартиры;64;100;строится (котлован);IV кв. 2028;;;;https://www.vespermoscow.com;novostroev.ru | novostroev.ru/articles | coords approx
Левенсон (Levenson);Vesper;делюкс;делюкс;;;ЦАО;Пресненский;Трёхпрудный пер., 9;55.76530;37.59656;адрес;квартиры;;;строится;III кв. 2027;2700000;;;https://www.vespermoscow.com;novostroev.ru | moskvadeluxe.ru | coords approx
Vesper Kutuzovsky (ODA Gallery);Vesper;элитный;элитный;;;ЗАО;Дорогомилово;Кутузовский пр-т;55.74731;37.55353;адрес;квартиры;;;строится;I кв. 2028;1300000;;;https://www.vespermoscow.com;novostroev.ru | coords approx
Узоры;Capital Alliance (СЗ Вражский);делюкс;делюкс;;;ЦАО;Хамовники;2-й Вражский пер., 8, стр. 2;55.73917;37.57428;адрес;квартиры;73;84;строится (котлован);IV кв. 2028;;;;https://zhk-uzory.com;novostroev.ru | NF Group 1Q2026 | coords approx
LUCE (Люче);MR Group;делюкс;делюкс;;;ЦАО;Арбат;Крестовоздвиженский пер., 4;55.75162;37.60552;адрес;квартиры;46;;строится;III кв. 2026;;;;https://mr-group.ru;intermark.ru | novostroev.ru | coords approx
CLOS 17;MR Group;делюкс;делюкс;;;ЦАО;Арбат;;55.75011;37.59211;адрес;квартиры;;;строится;III кв. 2026;2300000;;;https://mr-group.ru;novostroev.ru
Veil (Роден);MR Group;делюкс;делюкс;;;ЦАО;Басманный;Большой Харитоньевский пер., 13А, стр. 10;55.76553;37.64744;адрес;квартиры;;;анонс;;;;;https://mr-group.ru;novostroev.ru | mskdeluxe.ru | novostroev.ru/articles | coords approx
Казачий;MR Group;элитный;элитный;;;ЦАО;Якиманка;1-й Казачий пер., 10, стр. 1;55.73569;37.62174;адрес;квартиры;;;строится;III кв. 2029;;;;https://mr-group.ru;novostroev.ru | elitnoe.ru | coords approx
Монблан;Галс-Девелопмент;элитный;элитный;;;ЦАО;Замоскворечье;Шлюзовая наб., 2/1;55.73094;37.64334;адрес;квартиры;341;267;строится;I кв. 2028;1000000;;;https://hals-development.ru/realty/object/monblan;metrium 1H2026 | novostroev.ru | coords approx
Большая Татарская 35;Донстрой;элитный;элитный;;;ЦАО;Замоскворечье;ул. Большая Татарская, вл. 35;55.73753;37.63546;адрес;квартиры;472;603;строится;I кв. 2028;1400000;да;да;https://tatarskaya35.com;metrium 1H2026 | novostroev.ru | donstroy.moscow | coords approx
ДОМ XXII;Донстрой;делюкс;делюкс;;;ЦАО;Хамовники;ул. Ефремова;55.72599;37.57567;адрес;квартиры;;;строится;IV кв. 2026;;;;https://dom-xxii.ru;novostroev.ru | coords approx
Хамовники 12;COLDY;делюкс;делюкс;;;ЦАО;Хамовники;1-й пер. Тружеников, 12;55.73811;37.57233;адрес;квартиры;51;;сдан, есть остатки;IV кв. 2025;2600000;;;;novostroev.ru | intermark.ru | homexpert.me | coords approx
Большой Козихинский 22;Dominanta / COLDY;делюкс;делюкс;;;ЦАО;Пресненский;Большой Козихинский пер., 22;55.76464;37.59522;адрес;квартиры;98;;старт продаж;;;;;https://kozihinsky22.zhk.center;novostroev.ru | novostroev.ru/articles | coords approx
Саввинская 27;Level Group;элитный;элитный;;;ЦАО;Хамовники;Саввинская наб., 27;55.73432;37.56416;адрес;квартиры;;;сдан, есть остатки;I кв. 2026;1900000;;;https://level.ru;novostroev.ru | coords approx
Левшинский 19 (Your MAJESTY);СЗ Смоленский бульвар;элитный;элитный;;;ЦАО;Хамовники;Большой Левшинский пер., 19;55.74128;37.58562;адрес;квартиры;;;строится;II кв. 2028;;;;;novostroev.ru | coords approx
Пыжевский;TEKTA GROUP;делюкс;делюкс;;;ЦАО;Замоскворечье;Пыжевский пер.;55.73871;37.62285;адрес;квартиры;;;строится;II кв. 2029;2300000;;;https://tekta.com;novostroev.ru | coords approx
Русские Сезоны;СЗ ЭКРАН;делюкс;делюкс;;;ЦАО;Замоскворечье;Большая Ордынка / Пятницкая / Климентовский пер.;55.74116;37.63019;адрес;квартиры;;;сдан, есть остатки;IV кв. 2025;4100000;;;;novostroev.ru | homexpert.me | coords approx
Садовническая 69;ГК Балчуг Девелопмент;элитный;элитный;;;ЦАО;Замоскворечье;Садовническая ул., 69;55.73717;37.64241;адрес;квартиры;;;строится;II кв. 2028;1400000;;;;novostroev.ru | moskvadeluxe.ru | coords approx
Красный Октябрь;ГУТА-Девелопмент;элитный;элитный;;;ЦАО;Якиманка;Берсеневская наб., 5, стр. 1;55.74254;37.61139;адрес;квартиры;29;;строится;III кв. 2026;;;;;intermark.ru | novostroev.ru | coords approx
Малая Ордынка 14;ГУТА-Девелопмент;делюкс;делюкс;;;ЦАО;Замоскворечье;ул. Малая Ордынка, 14;55.73737;37.62519;адрес;квартиры;11;;анонс;;;;;;novostroev.ru/articles | novostroev.ru | coords approx
DUO;Hutton Development;делюкс;делюкс;;;ЦАО;Якиманка;Софийская наб., 34, стр. 3;55.74742;37.62344;адрес;квартиры;49;;строится;II кв. 2026;2100000;;;https://hutton.ru;novostroev.ru | intermark.ru | kf.expert | coords approx
CULT (Клубный дом Культ);GRAVION;элитный;элитный;;;ЦАО;Якиманка;Ленинский пр-т, 2;55.68604;37.54120;адрес (расходится с каталогом >3 км — проверить);апартаменты;80;17;сдан, есть остатки;сдан;950000;12;да;;metrium 1H2026 | novostroy-m.ru | novostroev.ru | coords approx
Armani/Casa Moscow Residences;Vos'hod;делюкс;делюкс;;;ЦАО;Якиманка;Старомонетный пер., 19/11;55.73996;37.61945;адрес;квартиры;27;31;сдан, есть остатки;сдан (07.2024);2750000;3 (238-421 кв.м);да;;metrium 1H2026 | novostroy.ru | coords approx
LA BELLE MAISON;GBK GROUP;элитный;элитный;;;ЦАО;Якиманка;;55.73842;37.61472;адрес;квартиры;;;строится;III кв. 2028;;;;;novostroev.ru
Никитский 6;СЗ Третий Рим;делюкс;делюкс;;;ЦАО;Арбат;Никитский бул., 6/20;55.75387;37.60078;адрес;квартиры;;;строится;IV кв. 2026;2800000;;;;novostroev.ru | moskvadeluxe.ru | coords approx
EDEN;Sense Development;делюкс;делюкс;;;ЦАО;Арбат;Нижний Кисловский пер., 7;55.75377;37.60386;адрес;квартиры;22;;старт продаж;III кв. 2029;;;;;novostroev.ru | novostroev.ru/articles | coords approx
Дом спорта;Capital Group;делюкс;делюкс;;;ЦАО;Пресненский;;55.74816;37.54022;адрес;квартиры;92;;строится;I кв. 2029;;;;https://capitalgroup.ru;novostroev.ru | novostroev.ru/articles
Большая Никитская 16;R4S Group;делюкс;делюкс;;;ЦАО;Пресненский;ул. Большая Никитская, 16;55.75721;37.60090;адрес;квартиры;4;;старт продаж;III кв. 2026;;;;;novostroev.ru/articles | coords approx
Stella di Mosca;;делюкс;делюкс;;;ЦАО;Пресненский;ул. Большая Никитская, 9/15, стр. 1;55.75598;37.60694;адрес;квартиры;14;;сдан, есть остатки;сдан;;;;;intermark.ru | coords approx
Камергер;Engeo Development;элитный;элитный;;;ЦАО;Тверской;;55.76233;37.60797;адрес;квартиры;;;строится;III кв. 2026;;;;;novostroev.ru
Энигмия;Upside Development;элитный;элитный;;;ЦАО;Тверской;;55.76764;37.60100;адрес;квартиры;;;строится;IV кв. 2028;1200000;;;;novostroev.ru
Кузнецкий Мост 12;KR Properties;элитный;элитный;;;ЦАО;Тверской;ул. Кузнецкий Мост, 12;55.76133;37.62126;адрес;квартиры;;;строится;IV кв. 2026;;;;https://krp.ru;novostroev.ru | coords approx
Малая Дмитровка 5/9;;делюкс;делюкс;;;ЦАО;Тверской;ул. Малая Дмитровка, 5/9;55.76802;37.60560;адрес;квартиры;;;анонс;2026-2027;;;;;mskdeluxe.ru | sosedi.life | coords approx
Тессинский V;Element Development;элитный;элитный;;;ЦАО;Таганский;Тессинский пер., 5;55.75057;37.65065;адрес;квартиры;;;строится;III кв. 2029;1400000;;;;novostroev.ru | novostroev.ru/articles | coords approx
Turgenev (Клубный дом Тургенев);Неострой;элитный;элитный;;;ЦАО;Красносельский;Костянский пер., 13;55.76935;37.63548;адрес;квартиры;118;;сдан, есть остатки;сдан;1900000;;;;novostroev.ru | intermark.ru | coords approx
Усачева 22;Regions Development;делюкс;делюкс;;;ЦАО;Хамовники;ул. Усачёва, 22;55.72772;37.56996;адрес;квартиры;;;анонс;;;;;;novostroev.ru | novostroev.ru/articles | coords approx
Annabel's (1913);PALLADIO Group;элитный;элитный;;;ЦАО;Хамовники;Курсовой пер., 12/5, стр. 7;55.73992;37.60475;адрес;квартиры;;;анонс;;;;;;novostroev.ru | moskvadeluxe.ru | coords approx
Хилков;ROSE GROUP;делюкс;делюкс;;;ЦАО;Хамовники;Хилков пер., 5;55.73835;37.59705;адрес (OSM, уточнено 21.09);квартиры;;;анонс;;;;;;novostroev.ru | homehunter.ru | mskdeluxe.ru | coords approx
Олсуфьевский 10;;делюкс;делюкс;;;ЦАО;Хамовники;Олсуфьевский пер., 10;55.73381;37.57944;адрес (OSM, уточнено 21.09);квартиры;;;анонс;2026-2027;;;;https://olsufevsky.ru;mskdeluxe.ru | coords approx
Лё Дом (Le Dome);Группа ЛСР;делюкс;делюкс;;;ЦАО;Хамовники;Соймоновский проезд;55.74266;37.60473;адрес (OSM, уточнено 21.09);квартиры;;;строится;III кв. 2026;;;;;novostroev.ru | homexpert.me | coords approx
Льва Толстого 14;;делюкс;делюкс;;;ЦАО;Хамовники;ул. Льва Толстого, 14;55.73288;37.58873;адрес (OSM, уточнено 21.09);квартиры;;;анонс;2026-2027;;;;;mskdeluxe.ru | coords approx
Земледельческий 15;;делюкс;делюкс;;;ЦАО;Хамовники;Земледельческий пер., 15;55.74195;37.57855;адрес (OSM, уточнено 21.09);квартиры;;;анонс;2026-2027;;;;;mskdeluxe.ru | coords approx
Большая Пироговская 51;;делюкс;делюкс;;;ЦАО;Хамовники;ул. Большая Пироговская, 51;55.72763;37.56286;адрес (OSM, уточнено 21.09);квартиры;;;анонс;2026-2027;;;;;mskdeluxe.ru | coords approx
Капранова 3;;делюкс;делюкс;;;ЦАО;Пресненский;Капранова пер., 3;55.75812;37.57262;адрес (OSM, уточнено 21.09);квартиры;;;анонс;2026-2027;;;;;mskdeluxe.ru | coords approx
Малая Никитская 29-31;;делюкс;делюкс;;;ЦАО;Пресненский;ул. Малая Никитская, 29-31;55.75898;37.58732;адрес (OSM, уточнено 21.09);квартиры;;;анонс;2026-2027;;;;;mskdeluxe.ru | coords approx
Большая Ордынка 25;;делюкс;делюкс;;;ЦАО;Замоскворечье;ул. Большая Ордынка, 25;55.74033;37.62529;адрес (OSM, уточнено 21.09);квартиры;;;анонс;2026-2027;;;;;mskdeluxe.ru | coords approx
Воздвиженка 7/6;;делюкс;делюкс;;;ЦАО;Арбат;ул. Воздвиженка, 7/6;55.75232;37.60542;адрес (OSM, уточнено 21.09);квартиры;;;анонс;2026-2027;;;;;mskdeluxe.ru | coords approx
Малая Полянка 3;;делюкс;делюкс;;;ЦАО;Якиманка;ул. Малая Полянка, 3;55.73596;37.61752;адрес (OSM, уточнено 21.09);квартиры;;;анонс;2026-2027;;;;;mskdeluxe.ru | coords approx
Берниковская набережная 12;;делюкс;делюкс;;;ЦАО;Таганский;Берниковская наб., 12;55.74882;37.65143;адрес (OSM, уточнено 21.09);квартиры;;;анонс;2026-2027;;;;;mskdeluxe.ru | coords approx
Резиденции Сколково;Абсолют Недвижимость;бизнес;бизнес;;;Сколково;рп Заречье, Одинцовский г.о., Сколковское шоссе, ~2 км от МКАД;Московская обл., Одинцовский г.о., рп Заречье;55.68300;37.38200;квартал (каталог);квартиры;;;строится;2 кв. 2027 (корп. 2.1-2.2), 3 кв. 2026 (корп. 6.1-6.2);319000;;;;novostroy-m.ru/baza/rezidencii_skolkovo, mskguru.ru (319-554 тыс/м2), novostroev.ru — класс указан как премиум, координаты approx
Skolkovo ONE;IKON Development;бизнес;бизнес;;;Сколково;рп Заречье, Одинцовский г.о., ул. Торговая, ~2 км от МКАД;Московская обл., Одинцовский г.о., рп Заречье, ул. Торговая, корп. 5-7;55.68700;37.38000;квартал (каталог);квартиры;;;сдан, есть остатки;корп. 4-6 сданы;364000;;;https://skolkovoone.ru/;novostroy-m.ru/baza/jk_zarechnyy_kvartal, mskguru.ru (364-501 тыс/м2), координаты approx
Сколково Парк;Заречье-девелопмент;премиум;премиум;;;Сколково;рп Заречье, Одинцовский г.о., ул. Весенняя, ~2 км от МКАД;Московская обл., Одинцовский г.о., рп Заречье, ул. Весенняя, вл. 2;55.68000;37.38900;квартал (каталог);квартиры;442;;сдан, есть остатки;;;;;https://www.park-skolkovo.ru/;park-skolkovo.ru — цена от 95,4 млн руб за лот 129 м2, цена за м2 не заявлена, координаты approx
Заречье Парк;Группа Самолет;бизнес;бизнес;;;Сколково;рп Заречье, Одинцовский г.о., ул. Заречная;Московская обл., Одинцовский г.о., рп Заречье, ул. Заречная;55.68869;37.39413;адрес (OSM, уточнено 21.09);квартиры;105;;строится;4 кв. 2027;325387;;;;cian.ru (zhk-zareche-park-odintsovo), novostroev.ru, 88 квартир в продаже от застройщика, координаты approx
Гранель Притяжение Сити;ГК Гранель;бизнес;бизнес;;;Сколково;Одинцовский г.о., ~7 мин до Сколково;Московская обл., Одинцовский г.о.;55.69300;37.36000;зона (ориентир);квартиры;;;строится;3-4 кв. 2028;281200;;;https://granelle.ru/;granelle.ru/objects, cian.ru (метро Сколково), 217 квартир в продаже от 7,5 млн руб, адрес и координаты не подтверждены
Клубный дом Точка отсчета;Е-Девелопмент;бизнес;бизнес;;;Рублёвка;Жуковка-1, Рублёво-Успенское шоссе, ~9 км от МКАД;Московская обл., Одинцовский г.о., Жуковка-1, ул. Сосновый Бор, д. 53;55.74200;37.25700;квартал (каталог);квартиры;80;53;сдан, есть остатки;сдан;533000;;;;novostroy-m.ru/baza/klubnyy_dom_tochka_otscheta, mskguru.ru (467-534 тыс/м2), 35 квартир в продаже, координаты approx
Level Barvikha Residence;Level Group (СЗ МастерСтрой);бизнес;бизнес;;;Рублёвка;д. Барвиха, Рублёво-Успенское шоссе, 8 км от МКАД;Московская обл., Одинцовский г.о., д. Барвиха, Рублёво-Успенское ш., 8-й км;55.73750;37.28390;квартал (каталог);квартиры;80;139;сдан, есть остатки;сдан;;;;;novostroy-m.ru/baza/jk_level_barvikha_residence, cian.ru, продажи от застройщика завершены, остатки на рынке, координаты approx
Barvikha River House;СЗ ЛСР. Объект-М (Группа ЛСР);премиум;премиум;;;Рублёвка;д. Барвиха, Рублёво-Успенское шоссе, ~8 км от МКАД;Московская обл., Одинцовский г.о., д. Барвиха;55.73600;37.28000;квартал (каталог);апартаменты;;;анонс;;;;;;novostroev.ru/.../barvikha-river-house, novostroy.ru/buildings/barvikha-river-house, стадия проектирования, продажи не открыты, координаты approx
СберСити в Рублёво-Архангельском;АО СЗ СберСити (Рублёво-Архангельское);бизнес;бизнес;;;Рублёвка;мкр Рублёво-Архангельское, Ильинское шоссе, ~2 км от МКАД (административно Москва, ЗАО, Кунцево);Москва, ЗАО, р-н Кунцево, мкр Рублёво-Архангельское;55.78500;37.33500;квартал (каталог);квартиры;;;строится;2026-2028 (часть корпусов сдана);680000;;;;novostroy-m.ru/baza/rublevoarhangelskoe, pronovostroy.ru, координаты approx
Riga Hills;СЗ ЖК Яркий. Рига;бизнес;бизнес;;;Рублёвка;д. Бузланово, Новорижское шоссе, ~9 км от МКАД, г.о. Красногорск;Московская обл., г.о. Красногорск, д. Бузланово;55.80900;37.31800;квартал (каталог);квартиры;;;строится;4 кв. 2026;;;;;novostroev.ru/novostroyki/moskovskaya-oblast-shosse/rublyevo-uspenskoe-shosse, cian.ru (zhk-riga-hills), цена от 8,8 млн руб за лот, координаты approx
Маслово Forest Club;Галс-Девелопмент (СЗ Галс-Маслово);премиум;премиум;;;Рублёвка;д. Маслово / Николина Гора, Ильинское шоссе, 28 км от МКАД;Московская обл., Одинцовский г.о., д. Маслово, ул. Пальмовая, д. 120;55.71890;37.06300;квартал (каталог);коттеджи;119;;сдан, есть остатки;строительство завершено, часть очередей 3 кв. 2026;95232000;;;https://hals-development.ru/realty/object/maslovo;КОТТЕДЖНЫЙ ПОСЁЛОК — в поле price_from_m2 указана цена лота (от 95,2 млн руб), hals-development.ru, novostroy-m.ru, cian.ru, координаты approx
Березки River Village;Галс-Девелопмент;элитный;элитный;;;Рублёвка;д. Солослово, Рублёво-Успенское шоссе, 17 км от МКАД;Московская обл., Одинцовский г.о., д. Солослово;55.72760;37.17700;квартал (каталог);коттеджи;38;;сдан, есть остатки;сдан (2018);180000000;;;https://hals-development.ru/realty/object/berezki;КОТТЕДЖНЫЙ ПОСЁЛОК — цена лота (от 180 млн руб), cian.ru, novostroikino.ru, intermark.ru, 42 лота в продаже, координаты approx
Раздоры-2;Villagio Estate / Villagio Realty;элитный;элитный;;;Рублёвка;д. Раздоры, Рублёво-Успенское шоссе, 5 км от МКАД;Московская обл., Одинцовский г.о., с.п. Барвихинское, Раздоры-2;55.75240;37.32430;квартал (каталог);коттеджи;;;сдан, есть остатки;сдан;575000000;;;https://villagio-vip.ru/villages/246/;КОТТЕДЖНЫЙ ПОСЁЛОК — цена лота (от 575 млн руб по kf.expert), villagio-vip.ru, intermark.ru, barvikha.moscow, координаты approx
Жуковка XXI;Villagio Estate;элитный;элитный;;;Рублёвка;д. Жуковка, Рублёво-Успенское шоссе, 8-10 км от МКАД;Московская обл., Одинцовский г.о., д. Жуковка;55.74200;37.25000;квартал (каталог);коттеджи;;;сдан, есть остатки;сдан;738400000;;;;КОТТЕДЖНЫЙ ПОСЁЛОК — цена лота (от 738,4 млн руб), kf.expert, intermark.ru, barvikha.moscow, координаты approx
ParkVille Жуковка;Villagio Estate;премиум;премиум;;;Рублёвка;д. Жуковка, Рублёво-Успенское шоссе, 9-10 км от МКАД;Московская обл., Одинцовский г.о., д. Жуковка;55.74500;37.25500;квартал (каталог);таунхаусы;;;сдан, есть остатки;сдан;586600000;;;;КОТТЕДЖНЫЙ ПОСЁЛОК/ТАУНХАУСЫ — цена лота (kf.expert от 586,6 млн руб, kre.ru называет от 120 млн — расхождение), intermark.ru, координаты approx
Барвиха XXI;Villagio Estate;делюкс;делюкс;;;Рублёвка;д. Барвиха, Рублёво-Успенское шоссе, 5-7 км от МКАД;Московская обл., Одинцовский г.о., д. Барвиха;55.73900;37.29500;квартал (каталог);коттеджи;48;;сдан, есть остатки;сдан;457500000;;;;КОТТЕДЖНЫЙ ПОСЁЛОК — цена лота (от 457,5 млн руб), kf.expert, kalinka-realty.ru (DeLuxe), barvikha.moscow, 48 участков, координаты approx
Барвиха Клаб;Миэль-Недвижимость;элитный;элитный;;;Рублёвка;д. Барвиха, Рублёво-Успенское шоссе, 8 км от МКАД;Московская обл., Одинцовский г.о., д. Барвиха;55.73500;37.29000;квартал (каталог);таунхаусы;110;;сдан, есть остатки;сдан;68000000;;;;ТАУНХАУСЫ/КП — цена лота (от 68 млн руб), vesco-realty.ru/zagorod/poselki/barviha-klab, kalinka-realty.ru (DeLuxe), координаты approx
Барвиха Хиллс;;премиум;премиум;;;Рублёвка;д. Барвиха, Рублёво-Успенское шоссе, 8 км от МКАД;Московская обл., Одинцовский г.о., д. Барвиха;55.73400;37.28700;квартал (каталог);таунхаусы;110;;сдан, есть остатки;сдан;30000000;;;https://barvikhahills.ru/;ТАУНХАУСЫ/КП — цена лота (от 30 млн руб), slrealty.ru/house/village/barviha-hills-hills, архитектор Эрик ван Эгераат, девелопер не подтверждён, координаты approx
Сады Майендорф;Villagio Estate;элитный;элитный;;;Рублёвка;д. Барвиха, Рублёво-Успенское шоссе, 9 км от МКАД;Московская обл., Одинцовский г.о., д. Барвиха;55.73000;37.27000;квартал (каталог);коттеджи;;;сдан, есть остатки;сдан;716200000;;;https://sadmayendorf.ru/;КОТТЕДЖНЫЙ ПОСЁЛОК — цена лота (от 716,2 млн руб), kf.expert, barvikha.moscow, координаты approx
Ландшафт;;бизнес;;;цена не бьётся с классом;Рублёвка;Рублёво-Успенское шоссе, 9 км от МКАД, Одинцовский г.о.;Московская обл., Одинцовский г.о.;55.72500;37.27600;км шоссе (ориентир);коттеджи;;;сдан, есть остатки;сдан;1460000000;;;;КОТТЕДЖНЫЙ ПОСЁЛОК — цена лота (от 1,46 млрд руб), kf.expert/zagorod/poselki/rublevo-uspenskoe-shosse, девелопер и координаты не подтверждены
Горки-8;;премиум;премиум;;;Рублёвка;Горки-8, Рублёво-Успенское шоссе, 15 км от МКАД;Московская обл., Одинцовский г.о., Горки-8;55.71500;37.19500;квартал (каталог);коттеджи;;;сдан, есть остатки;сдан;320000000;;;;КОТТЕДЖНЫЙ ПОСЁЛОК — цена лота (от 320 млн руб), kf.expert, vesco-realty.ru, intermark.ru, 10-11 лотов в продаже, координаты approx
Речной;;премиум;премиум;;;Рублёвка;Рублёво-Успенское шоссе, 7 км от МКАД, Одинцовский г.о.;Московская обл., Одинцовский г.о.;55.73700;37.30800;км шоссе (ориентир);коттеджи;;;сдан, есть остатки;сдан;;;;;КОТТЕДЖНЫЙ ПОСЁЛОК, vesco-realty.ru/zagorod/shosse/rublevo-uspenskoe/poselki, дома 600-3150 м2, девелопер, цена и координаты не подтверждены
Ильинские дачи;;бизнес;;;цена не бьётся с классом;Рублёвка;Ильинское шоссе, 10 км от МКАД, Одинцовский/Красногорский г.о.;Московская обл., Ильинское шоссе, 10 км;55.76900;37.21100;квартал (каталог);коттеджи;;;сдан, есть остатки;сдан;160000000;;;;КОТТЕДЖНЫЙ ПОСЁЛОК — цена лота (от 160 млн руб), kf.expert/zagorod/poselki/rublevo-uspenskoe-shosse, координаты approx
Ильинское поле;;делюкс;делюкс;;;Рублёвка;Ильинское шоссе, 10 км от МКАД;Московская обл., Ильинское шоссе, 10 км;55.77200;37.21500;квартал (каталог);коттеджи;;;в продаже;;2000000000;;;;КОТТЕДЖНЫЙ ПОСЁЛОК — цена лота (от 2 млрд руб), kf.expert, kalinka-realty.ru отмечает как новый проект, координаты approx
Азарово;;бизнес;;;цена не бьётся с классом;Рублёвка;Рублёво-Успенское шоссе, 20 км от МКАД, Одинцовский г.о.;Московская обл., Одинцовский г.о., Азарово;55.71500;37.09000;квартал (каталог);коттеджи;;;сдан, есть остатки;сдан;43000000;;;;КОТТЕДЖНЫЙ ПОСЁЛОК — цена лота (от 43 млн руб), kf.expert/zagorod/poselki/rublevo-uspenskoe-shosse, координаты approx
Успенские Дачи;;бизнес;;;цена не бьётся с классом;Рублёвка;Рублёво-Успенское шоссе, 20 км от МКАД, Одинцовский г.о.;Московская обл., Одинцовский г.о., Успенское;55.71950;37.12900;квартал (каталог);коттеджи;;;сдан, есть остатки;сдан;90000000;;;;КОТТЕДЖНЫЙ ПОСЁЛОК — цена лота (от 90 млн руб), kf.expert/zagorod/poselki/rublevo-uspenskoe-shosse, координаты approx
Renaissance Park;Villagio Estate;элитный;элитный;;;Рублёвка;Новорижское шоссе, 19 км от МКАД;Московская обл., Новорижское шоссе, 19 км;55.79200;37.09000;км шоссе (ориентир);коттеджи;;;сдан, есть остатки;сдан;;;;https://villagio-vip.ru/villages/256/;КОТТЕДЖНЫЙ ПОСЁЛОК, villagio-vip.ru, категория Villagio Exclusive, цена и координаты не подтверждены
Павлово;;премиум;премиум;;;Рублёвка;Новорижское шоссе, 14 км от МКАД, г.о. Истра;Московская обл., г.о. Истра, д. Новинки, КП Павлово;55.83550;37.08550;квартал (каталог);коттеджи;;;сдан, есть остатки;сдан;;;;https://pavlovo-kp.ru/;КОТТЕДЖНЫЙ ПОСЁЛОК, topriga.ru, kf.expert/zagorod/poselki/pavlovo-sl13003, slrealty.ru, цена не подтверждена, координаты approx
Новое Павлово;;бизнес;;;;Рублёвка;Новорижское шоссе, ~14 км от МКАД, г.о. Истра;Московская обл., г.о. Истра;55.80500;37.17000;км шоссе (ориентир);таунхаусы;;;в продаже;;;;;https://novoe-pavlovo.ru/;ТАУНХАУСЫ, novoe-pavlovo.ru, девелопер, цена, сроки и координаты не подтверждены
Никольская Слобода;;элитный;элитный;;;Рублёвка;Новорижское шоссе, 15 км от МКАД;Московская обл., Новорижское шоссе, 15 км;55.80100;37.15000;км шоссе (ориентир);коттеджи;;;сдан, есть остатки;сдан;250000000;;;;КОТТЕДЖНЫЙ ПОСЁЛОК — цена лота (от 250 млн руб по kre.ru — источник вторичный, требует проверки), координаты не подтверждены
Ели Estate;;бизнес;бизнес;;;Рублёвка;Новорижское шоссе, г.о. Истра;Московская обл., Новорижское шоссе;55.81000;37.12000;км шоссе (ориентир);коттеджи;;;в продаже;;;;;https://eli-estate.ru/;КОТТЕДЖНЫЙ ПОСЁЛОК, eli-estate.ru — бизнес-класс на Новой Риге, км от МКАД, цена, девелопер и координаты не подтверждены
